site_id,latency_ms,jitter_ms,packet_drop_rate,call_drop_rate,rrc_setup_success_rate,throughput_mbps,segment,nps_score,csat_score
SITE-A-DOWNTOWN,25.865635888274085,2.802942729915758,0.002944130599423138,0.007521991081851575,0.9753067394218656,132.40840366861903,HIGH_VALUE,11.500090249833082,4
SITE-A-DOWNTOWN,40.20486110302558,2.6699325843496062,0.0022917655540199296,0.014674716744591202,0.992879562574407,106.91990721256977,HIGH_VALUE,18.172107705457243,3
SITE-A-DOWNTOWN,30.380931625287772,4.9434892137028275,0.004955390219952943,0.005698788661872924,0.9912052822103353,102.56183902999246,HIGH_VALUE,53.19427496134448,4
SITE-A-DOWNTOWN,27.60330053706763,2.0590996585170354,0.002478428666166142,0.013603441040953825,0.9967369253310365,120.99033595557674,HIGH_VALUE,54.87318103969287,3
SITE-A-DOWNTOWN,28.89257428901928,3.062786395086335,0.005496166252030479,0.014862801660365969,0.9832916460811564,126.55847772762178,HIGH_VALUE,66.00680401634355,3
SITE-A-DOWNTOWN,30.915123420728452,3.962211910141229,0.0029498978991403897,0.009650835949653309,0.9838575583408842,96.71091863748524,HIGH_VALUE,11.143900417116694,5
SITE-A-DOWNTOWN,40.33063027489854,4.087902573626344,0.005202985492301332,0.006533041829675399,0.9771110799977755,115.7677997147704,HIGH_VALUE,66.19760483478572,5
SITE-A-DOWNTOWN,29.016547657982205,3.784071472183811,0.005787522973042863,0.013680755224676808,0.9969687002646402,104.6313231830469,HIGH_VALUE,25.737683120221114,4
SITE-A-DOWNTOWN,42.41166412536185,4.364261355166377,0.005256886131169007,0.008912268907499559,0.97858473903334,94.417973786298,HIGH_VALUE,62.2372224948576,3
SITE-A-DOWNTOWN,32.343285323941984,4.623624231175494,0.002906963782764986,0.009479088245607198,0.9869944452587321,93.27806729295895,HIGH_VALUE,26.046967660150997,5
SITE-A-DOWNTOWN,30.333022759686884,2.7802117532216917,0.003577604038425625,0.006005018304590864,0.9934113817246333,90.48789226394172,HIGH_VALUE,36.638023515725855,3
SITE-A-DOWNTOWN,27.76047446162326,3.227575952642872,0.0038158091879857896,0.010503084796648243,0.9967757202893381,127.10052488229395,HIGH_VALUE,17.254579057981378,4
SITE-A-DOWNTOWN,41.66447122006069,3.6493807085662247,0.004390816626674484,0.006599762700756001,0.9841594226724395,121.99494846710103,HIGH_VALUE,57.847161259636266,3
SITE-A-DOWNTOWN,29.342627531025705,4.49817721656194,0.003842136182711281,0.011686878129727738,0.9955465693298613,104.3280809781909,HIGH_VALUE,65.17825112093337,5
SITE-A-DOWNTOWN,42.62510043533966,4.4232348133300565,0.0028997074003803552,0.010282067364499384,0.9751935622925986,125.56244785336466,HIGH_VALUE,63.456080827476086,5
SITE-A-DOWNTOWN,39.89494351740732,4.082511659276491,0.0011826068942446535,0.014169266165016653,0.9843744473612832,96.15075221949687,HIGH_VALUE,11.811192950673279,3
SITE-A-DOWNTOWN,40.63688824974273,3.0133782313054356,0.003567469706640533,0.006947392189050066,0.9882099390402915,103.83411965259688,HIGH_VALUE,58.39602333977902,3
SITE-A-DOWNTOWN,39.434579898217464,2.753454250948943,0.001319258156742338,0.013799593214189283,0.9980695065541759,118.61013109368996,HIGH_VALUE,65.30562414400256,4
SITE-A-DOWNTOWN,39.12588983549647,3.8174661502006844,0.003095252300896539,0.00855610795270718,0.9846900275411969,93.34628493548176,HIGH_VALUE,35.66068775749666,5
SITE-A-DOWNTOWN,25.624245205037184,3.1807941548813625,0.0024222797740588225,0.011341631976755556,0.9943533919510071,116.86647901808294,HIGH_VALUE,49.836741788928336,4
SITE-A-DOWNTOWN,37.278037011147035,2.7687256530883086,0.0028814802819297778,0.013441993030218976,0.9983807209570608,90.87209234636907,HIGH_VALUE,10.634550754223683,3
SITE-A-DOWNTOWN,42.19217238551205,3.822781699238707,0.005084588277481556,0.010942600144813432,0.9971443678647463,94.6007315954556,HIGH_VALUE,36.64788602436553,5
SITE-A-DOWNTOWN,38.41155504165784,2.6468923001064337,0.004574091881161685,0.007623738935433404,0.9913006551056375,128.25296367800553,HIGH_VALUE,35.45063060532513,3
SITE-A-DOWNTOWN,37.627359615931475,4.269747910809128,0.001102975484474534,0.0061281162618043615,0.991344603011315,136.58692820452958,HIGH_VALUE,47.693733893827186,5
SITE-A-DOWNTOWN,43.2568740727541,2.177526247325792,0.005458248093022158,0.013773144784836235,0.9888660366020393,105.76838827900139,HIGH_VALUE,52.29687643988924,5
SITE-A-DOWNTOWN,38.352922516402685,4.082777444982459,0.003699511921885108,0.007600748085400593,0.9700632077346355,91.74669438742498,HIGH_VALUE,60.02653204700826,3
SITE-A-DOWNTOWN,29.24548794572409,2.222992802191346,0.0022331734624428477,0.010191727964662545,0.9875882129428267,132.62883050700424,HIGH_VALUE,61.28538050587609,5
SITE-A-DOWNTOWN,42.68536438982751,3.3507728024780143,0.0017093948467316858,0.01455780398114536,0.9768628660078021,117.32718132440185,HIGH_VALUE,25.868002443603217,5
SITE-A-DOWNTOWN,41.336498847651086,2.60232223853414,0.0031039227317003707,0.007196999179874115,0.9958169713607153,117.16537249274913,HIGH_VALUE,47.84926289714003,3
SITE-A-DOWNTOWN,28.529835010414768,4.572012410311563,0.004823000734470378,0.01234445386046495,0.9999141646648994,113.57195337627621,HIGH_VALUE,20.713407713235007,3
SITE-A-DOWNTOWN,37.19081555654445,2.8618903810294674,0.003564695281104936,0.009593233236929805,0.9869058257188761,135.28257419928093,HIGH_VALUE,58.61204751628672,4
SITE-A-DOWNTOWN,41.346653718711906,4.5815660576942605,0.004869886140056786,0.010513885894279425,0.9969803594432256,109.517654383196,HIGH_VALUE,16.357321346839072,4
SITE-A-DOWNTOWN,30.442497698120437,3.972538917089329,0.0028956320211144613,0.00922819417438496,0.9820662665315968,91.52219594225839,HIGH_VALUE,15.61192201082158,5
SITE-A-DOWNTOWN,38.450149591953135,2.972330026883128,0.003284287388309977,0.014351933358149861,0.9887999560369737,128.63924345583183,HIGH_VALUE,55.73974000087379,3
SITE-A-DOWNTOWN,44.074204320637676,2.2004617452845103,0.0029207090622488273,0.014496119397321674,0.9839329992396108,136.86800566592382,HIGH_VALUE,21.091682675421723,3
SITE-A-DOWNTOWN,42.90932626028478,3.233759322229503,0.003541375742248242,0.014362757183553437,0.9765828808331174,138.09182302604185,HIGH_VALUE,33.79300146911169,3
SITE-A-DOWNTOWN,29.948365900373155,2.7011126167640818,0.0035922441002988297,0.009669660389559104,0.9965830132762641,83.04812649581521,HIGH_VALUE,12.63854927011061,4
SITE-A-DOWNTOWN,37.11328748065705,4.344033820073002,0.003399218025670776,0.011137555675111106,0.9892766001732564,81.15770079111367,HIGH_VALUE,24.77658714918098,3
SITE-A-DOWNTOWN,44.95516183963703,2.992363028790884,0.005733135065585262,0.009922761221634574,0.9766766926050267,80.14491371156689,HIGH_VALUE,23.053028560999387,4
SITE-A-DOWNTOWN,33.78604863417665,3.3415149103494204,0.003741722758744529,0.009741486599089301,0.9709859143728374,96.01803286709576,HIGH_VALUE,67.72114103998295,3
SITE-A-DOWNTOWN,25.54829823378553,4.202175156198008,0.0033818629617821303,0.01206922742019979,0.9799750425458995,102.20827806805903,HIGH_VALUE,41.00679357890713,4
SITE-A-DOWNTOWN,31.56776689395325,2.257591480704205,0.0011912832525587471,0.013815680822468833,0.9794120705588377,87.17154559619728,HIGH_VALUE,45.785354073883816,5
SITE-A-DOWNTOWN,41.897907265488556,3.7986419967630507,0.00175855836358306,0.009057325470756147,0.9779946791895169,80.99432157073161,HIGH_VALUE,67.94111900418721,4
SITE-A-DOWNTOWN,27.69443765963176,4.654716884163389,0.005925649482614044,0.013160057501325408,0.9776093773020121,91.43257209697633,HIGH_VALUE,41.50673801724628,4
SITE-A-DOWNTOWN,36.6699404854095,4.635204325962203,0.00583621471234509,0.014103869881851389,0.9802623790500009,115.13595841515806,HIGH_VALUE,17.431384371342823,4
SITE-A-DOWNTOWN,26.415400057719488,2.333890419754599,0.0016097132185916138,0.008014323625189047,0.9792903886649656,122.30242113588075,HIGH_VALUE,14.562023208009212,4
SITE-A-DOWNTOWN,27.22288230969757,3.968961836526973,0.004363944770465704,0.012104369175367443,0.9916041762606672,119.77545078084694,HIGH_VALUE,43.15561618740667,3
SITE-A-DOWNTOWN,26.63055674652947,2.6354336756603454,0.00470726664173432,0.0069255212979194136,0.9859225716233194,95.61808351959272,HIGH_VALUE,35.87650116109422,5
SITE-A-DOWNTOWN,41.683558035072096,3.9819200579031175,0.0032259429496276784,0.007735298005051746,0.9941505525266546,119.42135213525506,HIGH_VALUE,36.39693031457941,3
SITE-A-DOWNTOWN,38.84920986084272,4.941731608130767,0.004321931857842019,0.013999013688818361,0.9865122770939442,122.60007425183906,HIGH_VALUE,60.545895161925834,5
SITE-A-DOWNTOWN,26.80914259501152,3.4226698582664516,0.004028013230057977,0.005577835172763066,0.9936767219514917,122.93276188973157,HIGH_VALUE,66.17414947379407,4
SITE-A-DOWNTOWN,34.38312661761658,4.735683492609311,0.0030574537766861402,0.013343518045829877,0.9826422662699238,100.26548662285971,HIGH_VALUE,26.63525089955233,4
SITE-A-DOWNTOWN,29.269878939120773,3.294292721089337,0.0018079064778922264,0.013279853903822005,0.9992329112809188,85.8463751396427,HIGH_VALUE,13.289154908286296,3
SITE-A-DOWNTOWN,43.64126515743275,2.2214130419136713,0.004400899832276938,0.008038366119725674,0.9759466223382985,94.78015098529585,HIGH_VALUE,51.379690955015484,3
SITE-A-DOWNTOWN,25.359627665730944,4.594452113008127,0.0038390085585023517,0.007355930889462408,0.9762501577951468,119.28395145954889,HIGH_VALUE,47.75984383636188,4
SITE-A-DOWNTOWN,31.68039165512936,3.3903225269069575,0.005552360279299351,0.010383078291169185,0.9952021026247169,118.45110092781049,HIGH_VALUE,43.72677781014027,3
SITE-A-DOWNTOWN,34.793198322455694,4.041885893055417,0.0034576399424432855,0.012259760543180565,0.9754618966480244,99.33888901724877,HIGH_VALUE,62.39070844965312,5
SITE-A-DOWNTOWN,41.86144999944186,4.813867351234308,0.003892342419495881,0.006018639609025447,0.9927079610267054,119.95177882645723,HIGH_VALUE,27.44728390594242,4
SITE-A-DOWNTOWN,42.259573135656254,3.448164352999262,0.001285002739254308,0.005679761869169764,0.9768499948930697,116.58996638414453,HIGH_VALUE,58.91077137587607,3
SITE-A-DOWNTOWN,25.446158969940143,3.867508486327139,0.0030473212954517334,0.009416290468808337,0.9946211004342919,135.1409917625236,HIGH_VALUE,68.03439397904444,3
SITE-A-DOWNTOWN,40.583149782887155,2.0097941494063147,0.0017525308081357985,0.010872751485079976,0.9986585573537599,84.88679755008371,HIGH_VALUE,40.89611415138609,3
SITE-A-DOWNTOWN,33.13664323014577,2.805672353853514,0.00235378075693244,0.007383641852513286,0.9730948326186194,113.24420885119392,HIGH_VALUE,36.75685641001063,4
SITE-A-DOWNTOWN,39.25870308960517,3.9198085887848158,0.005763990436400329,0.00839619442552519,0.9964747322144842,103.08612286579117,HIGH_VALUE,49.64124432635108,3
SITE-A-DOWNTOWN,32.93559303329122,3.3384732408450986,0.004156261769535839,0.006107811276764781,0.9859528251377572,85.69647990961126,HIGH_VALUE,23.492200566173462,5
SITE-A-DOWNTOWN,37.46116215546891,4.916492516756384,0.005996809761657274,0.0076068642441289875,0.9743895414870342,111.11536018024495,HIGH_VALUE,36.48249158402868,3
SITE-A-DOWNTOWN,40.36940971443683,4.129067550280279,0.003809131198309538,0.011214591749956312,0.9874556289247183,120.61247011929783,HIGH_VALUE,65.66840732175521,4
SITE-A-DOWNTOWN,43.93336624418491,4.938486370194971,0.0052985976401213435,0.0060474192864123,0.9835501890405622,126.89489587243833,HIGH_VALUE,27.659999596318833,3
SITE-A-DOWNTOWN,26.10482011394563,2.6109005290877265,0.003001102229693027,0.005701933376013387,0.9827298241380796,93.80667787374585,HIGH_VALUE,61.706479496956646,4
SITE-A-DOWNTOWN,31.376239223290497,3.1421778260304114,0.005010146589680085,0.010596679477981728,0.9715026108658912,93.05464144156234,HIGH_VALUE,46.65230685410791,5
SITE-A-DOWNTOWN,29.966249138790115,3.8688036430732797,0.003472925808366247,0.0076910106609153405,0.9867759918723783,118.0248732186358,HIGH_VALUE,12.362347749859023,3
SITE-A-DOWNTOWN,30.476937838028835,2.9231314007989795,0.005393604551170738,0.005513236550049317,0.9804140260892632,91.67301903493376,HIGH_VALUE,51.70842954784156,4
SITE-A-DOWNTOWN,26.148744509684622,4.5899058191961375,0.00447980223205023,0.007169788440156101,0.9974749824852116,97.58253920228103,HIGH_VALUE,57.30790639809865,5
SITE-A-DOWNTOWN,26.499192291562323,3.3681469023618407,0.0035287763841087695,0.013965856540451481,0.9950957692654746,112.78305502570362,HIGH_VALUE,13.092165248542855,3
SITE-A-DOWNTOWN,32.50585267074521,4.986483252735123,0.004403594554506766,0.009050560471911676,0.9809444829010606,126.05476073556196,HIGH_VALUE,15.746786551024986,4
SITE-A-DOWNTOWN,41.340356344065185,4.012701613686478,0.0031764905588540274,0.012103305365977417,0.981934433792922,88.59036890828428,HIGH_VALUE,35.01639490438054,4
SITE-A-DOWNTOWN,26.742297317100018,3.317054526630954,0.005125372452802602,0.007036715715890721,0.9850245024499583,138.7369062723361,HIGH_VALUE,59.647091198034296,3
SITE-A-DOWNTOWN,43.03849901432374,4.024904079666808,0.00394536003413363,0.0108184413127166,0.9880370771503769,107.89847930063922,HIGH_VALUE,31.63754349726534,4
SITE-A-DOWNTOWN,26.306112275282608,3.1073994799075866,0.004849500293934073,0.010526862604491996,0.9749196343482702,128.8521790610516,HIGH_VALUE,12.487808329208374,3
SITE-A-DOWNTOWN,43.62254583061129,3.9554155204320853,0.0037805543823273423,0.009126083956416623,0.9947509308703861,80.4069374624979,HIGH_VALUE,10.954803628230449,4
SITE-A-DOWNTOWN,30.941394244461915,3.204655405225547,0.003682991950971409,0.005437734875477269,0.9994918286725525,120.65845907273655,HIGH_VALUE,15.933591398919463,4
SITE-A-DOWNTOWN,39.77220398077897,3.5987022483256625,0.004434733541560085,0.012377090021818632,0.9997409738927234,87.10401100011292,HIGH_VALUE,69.7730114979163,5
SITE-A-DOWNTOWN,29.018848034397564,3.1208275157956322,0.0028215924368637482,0.01395352114249122,0.9857286771114665,84.00300482752392,HIGH_VALUE,52.89252364676426,4
SITE-A-DOWNTOWN,34.95548904102055,4.443811740151797,0.0012322896468232234,0.013650042808550637,0.9967858526355536,80.49406262840364,HIGH_VALUE,38.61523580461029,3
SITE-A-DOWNTOWN,35.58839790557931,2.267580038410241,0.0054352237735599785,0.006836424714203,0.9900458800904557,119.21439277137708,HIGH_VALUE,29.249102681803,3
SITE-A-DOWNTOWN,29.28939878440756,4.745721189294837,0.0011989827976097186,0.007541208840430323,0.9798014265783358,115.0502088418887,HIGH_VALUE,32.151462702730235,3
SITE-A-DOWNTOWN,36.4067099164049,4.172255001746102,0.004523914224069317,0.00989589024720626,0.9792056808595233,80.6159038822095,HIGH_VALUE,41.96792765358937,3
SITE-A-DOWNTOWN,37.57084946202855,3.3237739288473502,0.005796074290609638,0.007022350033793125,0.9944231617961456,123.1267531047464,HIGH_VALUE,63.959540455686685,4
SITE-A-DOWNTOWN,29.734375933955018,4.765427164341583,0.0030161413283606824,0.01179079942138787,0.9985868902852397,115.7214886670022,HIGH_VALUE,44.975725715615354,5
SITE-A-DOWNTOWN,26.417116703572972,3.7899515151775356,0.002205578078235072,0.00888256385755366,0.9813357110141591,138.4011590959496,HIGH_VALUE,48.26771970895655,4
SITE-A-DOWNTOWN,28.4552987607116,2.9128538624834457,0.005387319457118827,0.006202401870288047,0.9985935315905923,105.6444245334381,HIGH_VALUE,33.39682569950398,5
SITE-A-DOWNTOWN,35.29283334195367,3.3297672057410153,0.0033526615710138268,0.009239858604500143,0.9910528336968012,96.57761250476699,HIGH_VALUE,19.989616160430117,5
SITE-A-DOWNTOWN,26.76598733208366,3.342130197245289,0.003471688062521069,0.01284337845195821,0.9732713534219958,103.81264497257149,HIGH_VALUE,56.83335895238062,4
SITE-A-DOWNTOWN,31.76510640899771,4.508661825629408,0.004591959268150566,0.005417214657261011,0.9815583572493586,125.98205922797226,HIGH_VALUE,41.592373003703784,3
SITE-A-DOWNTOWN,44.800536918828854,4.025765221151832,0.0037302449074522316,0.013461160338468496,0.9829063147031349,80.6249074453271,HIGH_VALUE,26.34850915472733,5
SITE-A-DOWNTOWN,36.89453485668922,4.84474334166034,0.00403567734396385,0.007837068560289569,0.9997962327941531,104.00938756881578,HIGH_VALUE,23.668219739233095,3
SITE-A-DOWNTOWN,31.88110617131693,2.3346924284777244,0.004563910719954814,0.011914607208326869,0.9991655978916457,88.21052986547605,HIGH_VALUE,64.63242721160634,4
SITE-A-DOWNTOWN,40.94367033390913,2.7592718003733054,0.0033963873251164393,0.011301441309537204,0.979448399331332,86.45317090762282,HIGH_VALUE,60.22486773234284,5
SITE-A-DOWNTOWN,34.814391423929365,3.3131031967453106,0.005515140893960647,0.010589289584584957,0.9827321357534073,138.6084053264149,HIGH_VALUE,31.152700026391262,3
SITE-A-DOWNTOWN,39.529781711034104,2.7018710910878223,0.004786093884740093,0.012512519272446797,0.9948446546472227,109.08366663572684,HIGH_VALUE,23.329226240220457,3
SITE-A-DOWNTOWN,43.204487604282804,2.9294606811108865,0.0011008030577397696,0.006849971037247603,0.9979875203167582,80.36341236266188,HIGH_VALUE,13.23163722492116,4
SITE-A-DOWNTOWN,26.966648328627624,4.675521282393649,0.002916581974062862,0.011916109598563804,0.9911762534801604,106.040253767123,HIGH_VALUE,53.942963208139574,5
SITE-A-DOWNTOWN,35.836888046052,2.920442620209025,0.0010097030800753988,0.010933080951286596,0.9779689282618884,96.50981759562696,HIGH_VALUE,62.72789534613428,4
SITE-A-DOWNTOWN,32.23700982486119,2.307061399892015,0.004151849507363028,0.01038440559999484,0.9717270731799897,100.93466679306749,HIGH_VALUE,46.67246175647359,5
SITE-A-DOWNTOWN,44.7230523804251,4.396902679365635,0.0035210600909446744,0.014155294189821178,0.971042222331864,93.47235707627718,HIGH_VALUE,64.8899551978692,3
SITE-A-DOWNTOWN,35.1743531671498,2.51062137074702,0.003850451834555758,0.012302308859066472,0.9881024805056032,82.75276425513627,HIGH_VALUE,12.20377673510759,3
SITE-A-DOWNTOWN,25.32521706281766,2.25224026740616,0.004212822363616175,0.009384510997504238,0.972565586437452,132.58726343866252,HIGH_VALUE,32.10921262643366,4
SITE-A-DOWNTOWN,42.66343293461967,3.827718549604239,0.00410483874020273,0.009240305979076465,0.9901598391334231,94.61195925112418,HIGH_VALUE,25.44562503641007,4
SITE-A-DOWNTOWN,29.074745919305617,3.158143593676833,0.004723599447960293,0.008300015160316244,0.9809794052212758,134.55064399455185,HIGH_VALUE,22.38814530052069,5
SITE-A-DOWNTOWN,29.823581094987453,4.660194142592282,0.0023761756265553774,0.00830604705404368,0.9964596678746505,99.26794684033945,HIGH_VALUE,69.81869437803788,4
SITE-A-DOWNTOWN,41.933404958861665,2.6770318312857926,0.0020853219311834786,0.012525762710697646,0.994801887750292,93.47256797303105,HIGH_VALUE,22.35894966964483,5
SITE-A-DOWNTOWN,29.871140513079744,2.412833770597704,0.0031060017186611026,0.010029127937115285,0.9888449964730441,83.32120791546143,HIGH_VALUE,21.531709624758538,3
SITE-A-DOWNTOWN,30.40018809480658,2.5573559224247417,0.005681363633287168,0.008733432044937229,0.9741669318256704,119.98649807257344,HIGH_VALUE,68.37437074305743,3
SITE-A-DOWNTOWN,40.88825049479466,3.944628777199912,0.0028908074959530395,0.009032972495084215,0.979063984735386,128.37326829641827,MEDIUM_VALUE,58.20034056933697,4
SITE-A-DOWNTOWN,42.23866068162664,3.956596707096424,0.004427806088311873,0.007687771365742202,0.9772469556124364,93.66372466578494,MEDIUM_VALUE,64.75064358035894,4
SITE-A-DOWNTOWN,41.004951071031336,4.697781693763298,0.005113695101755828,0.013049184172191478,0.983081689528665,125.93703546521851,MEDIUM_VALUE,19.99882524005792,3
SITE-A-DOWNTOWN,25.855251063835667,4.897323971197105,0.005397246544638773,0.006649564193474636,0.9930613038901828,129.4189302923316,MEDIUM_VALUE,12.520361696387535,4
SITE-A-DOWNTOWN,36.322210596816205,3.26030262010993,0.0040937378683386615,0.013863670576049786,0.9916886307536045,92.66922667013863,MEDIUM_VALUE,43.28257855050639,3
SITE-A-DOWNTOWN,25.227778739384906,2.395566315302278,0.002797402924663449,0.006780145883939376,0.9771178962236257,120.5667090024497,MEDIUM_VALUE,67.6779622965658,4
SITE-A-DOWNTOWN,34.16120983447958,3.9382048973578385,0.004807039211874281,0.011729586848269635,0.9897103853751534,80.07036542813385,MEDIUM_VALUE,62.195024960013015,4
SITE-A-DOWNTOWN,28.609870444284674,3.529429791166079,0.003934328653227129,0.012555737830075773,0.9787877228188627,136.7106235902923,MEDIUM_VALUE,47.694153111608195,3
SITE-A-DOWNTOWN,41.88282790788281,3.4310476682216167,0.0013557340839808099,0.005121101593486895,0.9892076442993332,105.56821147737341,MEDIUM_VALUE,36.42862113165285,5
SITE-A-DOWNTOWN,28.565928863561734,3.4210347165675805,0.0022739762015170613,0.013927530969617113,0.9753621832202584,138.06065100591834,MEDIUM_VALUE,61.617002481534406,3
SITE-A-DOWNTOWN,32.672682650229845,4.318570685538536,0.0039035580793535148,0.009659316756407896,0.9943597739290464,129.8474945296603,MEDIUM_VALUE,22.09039884812431,5
SITE-A-DOWNTOWN,25.641657768180565,2.01656948168339,0.003418384930453716,0.008013338514902905,0.9826800867072464,108.74061545930627,MEDIUM_VALUE,38.09979943468862,5
SITE-A-DOWNTOWN,43.15684073062299,4.754596102082988,0.0027310194731958335,0.007876107487339273,0.9896199508470614,91.90512380066556,MEDIUM_VALUE,34.02874352410961,4
SITE-A-DOWNTOWN,25.113795617262614,4.31547820275718,0.004669202481359333,0.008872631330254021,0.9774351643191465,112.40251522984381,MEDIUM_VALUE,27.738490746410122,5
SITE-A-DOWNTOWN,41.421714329008864,3.77183078652635,0.0025336550396520842,0.013076815531548172,0.9882276512819145,87.91773739087441,MEDIUM_VALUE,34.84030247047393,3
SITE-A-DOWNTOWN,43.894846878338996,2.961996371137658,0.003242587442445233,0.014767943375738148,0.9827846247900378,129.6264896843837,MEDIUM_VALUE,15.817925194798047,4
SITE-A-DOWNTOWN,32.8763069090414,2.551414499350267,0.005419930297179524,0.010526172151803147,0.9765563690520442,85.53061841762144,MEDIUM_VALUE,35.25444235751969,4
SITE-A-DOWNTOWN,34.704898604662986,4.186363307206829,0.0025519317628559532,0.006674817102662585,0.9808457649673932,89.96951184460524,MEDIUM_VALUE,60.63034731449025,3
SITE-A-DOWNTOWN,26.92249071112919,4.222827146870307,0.0026691960328159023,0.012283762777137242,0.9931288016059172,88.10332812292083,MEDIUM_VALUE,55.390408925737574,3
SITE-A-DOWNTOWN,36.341052811149424,3.9348024499037924,0.0026129292934049123,0.006744820575839835,0.9923315983669725,129.2279510068277,MEDIUM_VALUE,22.368545871864406,5
SITE-A-DOWNTOWN,27.26880487146865,3.0568375099128073,0.004130417918014851,0.008650660320618363,0.998920370604266,127.48849985498721,MEDIUM_VALUE,64.97144725974114,4
SITE-A-DOWNTOWN,40.11509684296371,4.852960929275277,0.001178118954919323,0.01074910631998346,0.9756127976732212,127.70673668611099,MEDIUM_VALUE,23.958228313435505,4
SITE-A-DOWNTOWN,39.83226332929273,2.997858993914286,0.004257619075729507,0.011789600362735448,0.9972645637809112,132.34279402804574,MEDIUM_VALUE,36.26817633459592,3
SITE-A-DOWNTOWN,28.64788955539747,2.2942173253789786,0.004570317251397345,0.014068351907697414,0.992399479361781,111.00578317441426,MEDIUM_VALUE,47.77497913503426,5
SITE-A-DOWNTOWN,39.60157632206365,3.7079866891797115,0.0028153379808730228,0.013507607020148908,0.9810780652338595,134.22090147060345,MEDIUM_VALUE,57.964232507848564,3
SITE-A-DOWNTOWN,41.67465789736234,4.960436876909114,0.005949317398527367,0.010014037393652789,0.9813183921685925,123.99056756925904,MEDIUM_VALUE,68.07542971097928,5
SITE-A-DOWNTOWN,37.601673402682266,2.077107183584838,0.0011927716360034687,0.009641646817662764,0.9936310772722952,133.2499847521646,MEDIUM_VALUE,32.5004538938029,3
SITE-A-DOWNTOWN,35.26068462497143,2.28374104921668,0.0010044529692663326,0.010236779341235134,0.9851284989290306,131.81685458830987,MEDIUM_VALUE,20.9009662642054,4
SITE-A-DOWNTOWN,42.050797692732004,2.813767876871246,0.0036962640761021405,0.01207015839565225,0.974358249468789,136.78528206690513,MEDIUM_VALUE,67.47163467736209,4
SITE-A-DOWNTOWN,25.04485266067092,3.9302959566711815,0.004355375468895093,0.013799123122997616,0.9760443184685457,87.44173540572298,MEDIUM_VALUE,58.5660453929455,5
SITE-A-DOWNTOWN,30.23402552237851,2.1980927620703494,0.0014596017192677244,0.0114517727729828,0.9860757549704329,124.87387657060938,MEDIUM_VALUE,58.427209823632666,4
SITE-A-DOWNTOWN,43.65876178953104,4.639026895974709,0.005665309903252786,0.012686688602552103,0.9815126855419408,94.88981268437112,MEDIUM_VALUE,64.74745419743019,3
SITE-A-DOWNTOWN,33.4042910223518,3.463718982408343,0.004492214769267193,0.011884014814807388,0.9908029166972658,117.41583915953296,MEDIUM_VALUE,40.517892450261876,4
SITE-A-DOWNTOWN,32.915815209074104,2.7870857289181723,0.005545360826647144,0.013459850273806629,0.9915385139829768,90.09554292234621,MEDIUM_VALUE,12.739413085318237,5
SITE-A-DOWNTOWN,43.44893996137472,4.828747907014803,0.002362035401057733,0.01129461489819137,0.970551146403701,103.62020931750966,MEDIUM_VALUE,52.23929058263067,5
SITE-A-DOWNTOWN,41.14235129800737,4.738390824322163,0.0016860395355250532,0.011881689644311615,0.9812801478408556,90.46304585601298,MEDIUM_VALUE,30.954530749235744,4
SITE-A-DOWNTOWN,34.63626689182505,4.687675208692639,0.004827010029627023,0.005051788492435922,0.9716932917587116,139.6313217939509,MEDIUM_VALUE,43.39746400007104,3
SITE-A-DOWNTOWN,32.05523593938014,4.494325736329483,0.0037851334551642127,0.010925966811375282,0.9774854309124243,126.60251048536624,MEDIUM_VALUE,22.850096767929607,4
SITE-A-DOWNTOWN,27.745136664792994,3.7921367039200304,0.005161628619807439,0.007930761453966755,0.9790630746260236,88.96235616559503,MEDIUM_VALUE,46.19042060939542,5
SITE-A-DOWNTOWN,27.512475883795226,3.605509218148562,0.0036986193050833117,0.006067551264805843,0.9859087314387194,96.31268299419051,MEDIUM_VALUE,21.947557410828217,5
SITE-A-DOWNTOWN,44.711103834508336,2.271028389115666,0.0027171353598777126,0.011186435766373974,0.9821448373323913,81.073432055576,MEDIUM_VALUE,61.97485089192097,5
SITE-A-DOWNTOWN,33.241639393888775,4.725616694882577,0.005847736132461109,0.014147746883112999,0.9823303986436549,124.64744849169395,MEDIUM_VALUE,60.90638134278836,3
SITE-A-DOWNTOWN,28.944753102441087,4.908397941360539,0.0015070543239146484,0.011577179693391072,0.9771710242995904,92.90011969152607,MEDIUM_VALUE,18.23503858687811,3
SITE-A-DOWNTOWN,27.56549496557351,4.7374546404318885,0.0018285314391574617,0.008292410583047045,0.9763442193307399,139.27610558727613,MEDIUM_VALUE,15.575083935998144,5
SITE-A-DOWNTOWN,42.22342468969268,2.901359196250742,0.005761454992981615,0.012503363279117007,0.9779151962698185,110.59595853869871,MEDIUM_VALUE,19.66703811461839,3
SITE-A-DOWNTOWN,25.526040487472343,4.044809010093825,0.003966606439529992,0.0077181397049780505,0.9703989506935429,136.34158716860378,MEDIUM_VALUE,17.494070425588554,4
SITE-A-DOWNTOWN,31.554590817863577,2.076179381768786,0.002916309265968625,0.00901686167770304,0.9860052115403788,99.41955891207176,MEDIUM_VALUE,24.985286672219665,3
SITE-A-DOWNTOWN,30.578501268990433,2.996174155617778,0.0034554210734038613,0.0077381123861176866,0.9917973339896223,85.0394512607392,MEDIUM_VALUE,29.38849111278952,5
SITE-A-DOWNTOWN,33.41745454679587,2.774157958189292,0.005199389583183443,0.008541005312544855,0.982619511603132,108.12832797121416,MEDIUM_VALUE,59.81037555944384,4
SITE-A-DOWNTOWN,41.57590732172196,4.8451226868645865,0.0023301771652921837,0.0066929164159669485,0.9936620914577647,98.77124539583838,MEDIUM_VALUE,23.645230535656268,3
SITE-A-DOWNTOWN,26.561229560904106,3.841363146786208,0.005684700116318063,0.01381266701298985,0.9876637385891073,106.31648689429946,MEDIUM_VALUE,68.58304561992725,3
SITE-A-DOWNTOWN,44.123781876802894,4.0646731651050825,0.004483931972318554,0.012010618539856023,0.973770192870079,95.15760995284344,MEDIUM_VALUE,13.947598282706581,4
SITE-A-DOWNTOWN,43.65019659283789,4.983550676494623,0.004025311780021667,0.00655992230540523,0.97373079240691,106.76841062705117,MEDIUM_VALUE,33.448618781213824,4
SITE-A-DOWNTOWN,26.784424477281156,3.9421660429164973,0.004961493296568947,0.005630857091471285,0.9792854196419849,98.02562847240945,MEDIUM_VALUE,42.53096656573771,3
SITE-A-DOWNTOWN,37.09048511562976,3.231450880926923,0.005329717207138369,0.008907900668870868,0.9791008884527769,126.00346619947042,MEDIUM_VALUE,60.51589864600777,4
SITE-A-DOWNTOWN,28.385649617129364,2.5908729408276545,0.00331301690535706,0.014675676876714658,0.9886107641360323,117.40161296341884,MEDIUM_VALUE,29.60043366322563,5
SITE-A-DOWNTOWN,44.80981207660018,2.5478184040488325,0.0037964378614623725,0.011748982374920662,0.9942996130615658,128.8081149765838,MEDIUM_VALUE,33.19115605924797,4
SITE-A-DOWNTOWN,44.5952646553619,3.6588024988595587,0.0024104013152312087,0.006382871147172804,0.9940956248676505,130.91116569761664,MEDIUM_VALUE,44.1877821568676,3
SITE-A-DOWNTOWN,32.67983505476003,3.9791524660570436,0.00590053312694964,0.010783211465049045,0.9936130742628138,132.92341880622868,MEDIUM_VALUE,55.41121499606054,3
SITE-A-DOWNTOWN,28.566322899671924,4.0896389380983535,0.0051574798493763336,0.014628593273520146,0.9745683484386681,86.82043732352275,MEDIUM_VALUE,48.17425735225136,4
SITE-A-DOWNTOWN,41.54211039853786,2.229142170249501,0.004070159493811046,0.007663796649187141,0.9999762934156377,101.68271645872628,MEDIUM_VALUE,14.917476540423188,5
SITE-A-DOWNTOWN,31.01429359569963,3.2573294080084114,0.0016527171874623795,0.008308772679364269,0.9739990727876902,95.44126506598181,MEDIUM_VALUE,44.72327214101048,5
SITE-A-DOWNTOWN,30.979284147632917,4.002419642648749,0.005505650638014454,0.010764116312383248,0.9708603868403782,137.58811471695395,MEDIUM_VALUE,21.869441694599693,5
SITE-A-DOWNTOWN,35.53024664228141,3.856435789419876,0.002710403979946905,0.009404674820029671,0.9888046521319223,107.42757039697648,MEDIUM_VALUE,27.00194458277124,4
SITE-A-DOWNTOWN,33.2148308706509,3.1542831384748693,0.0024597737713856257,0.011006930080490696,0.9853677942111735,104.69170457202304,MEDIUM_VALUE,52.56567581805468,3
SITE-A-DOWNTOWN,37.976924761920614,3.023556946910135,0.005683255949921177,0.006042140370649449,0.9941662025918452,105.27659837735078,MEDIUM_VALUE,33.80390905374194,5
SITE-A-DOWNTOWN,41.863790117846705,3.965891898243795,0.005869368029035091,0.013780219290312593,0.9734880818866428,110.1892758401712,MEDIUM_VALUE,56.056533474471976,4
SITE-A-DOWNTOWN,35.849571807198046,4.978392135678561,0.002195019663185447,0.006167925853022663,0.9786826484915199,100.66025490245676,MEDIUM_VALUE,27.146478524697304,3
SITE-A-DOWNTOWN,33.64176762664384,4.500227032099713,0.0035869138040998893,0.010892567031558428,0.9732710794316288,83.88828833274539,MEDIUM_VALUE,67.05980358613638,5
SITE-A-DOWNTOWN,43.946631586604326,3.006883097492458,0.004197880912517953,0.011615278092110487,0.9726997297693675,84.25626737231705,MEDIUM_VALUE,36.503413863086934,4
SITE-A-DOWNTOWN,27.54566120280086,2.887488385684967,0.0019792766403547825,0.00812941065018225,0.9836781002119972,98.67991030663605,MEDIUM_VALUE,30.126446987893146,4
SITE-A-DOWNTOWN,38.65457607743356,2.1260010735487445,0.005987545788214039,0.009308055916134973,0.9976908746147061,80.43456899514352,MEDIUM_VALUE,13.449191845412756,4
SITE-A-DOWNTOWN,26.98283436130309,4.738219563735057,0.0030601111994703455,0.013463855737660221,0.9908388530591018,85.26872332273247,MEDIUM_VALUE,31.702006156922952,5
SITE-A-DOWNTOWN,34.06135776673885,4.26144349815589,0.0014180809455253277,0.014263586785950567,0.9842979308732069,101.94714487241306,MEDIUM_VALUE,51.86192941294909,3
SITE-A-DOWNTOWN,30.530005748678978,4.13741406202179,0.00307968372927643,0.009781565510086666,0.9756732355086076,92.19107850574318,MEDIUM_VALUE,61.68364816284341,5
SITE-A-DOWNTOWN,33.44557277370712,4.324899862097468,0.00556052556891982,0.006588582173076959,0.9999399928555379,80.84854528789477,MEDIUM_VALUE,46.83786982478836,4
SITE-A-DOWNTOWN,30.272896664115464,2.7563999408398328,0.003473269999029555,0.011042240432853935,0.9831056657974516,122.83863513438433,MEDIUM_VALUE,67.01737829087271,4
SITE-A-DOWNTOWN,29.751709012913153,3.8286923497150522,0.003051297625527116,0.008153865209355139,0.9851349301237171,121.81014274523253,MEDIUM_VALUE,64.5201361024015,3
SITE-A-DOWNTOWN,43.817386003256935,4.4586018716922435,0.002733047049605282,0.01383870721170994,0.9912982518786658,90.46960071744309,MEDIUM_VALUE,67.19429998304966,5
SITE-A-DOWNTOWN,38.64284247080006,4.083587184661441,0.005540316779849916,0.011664605348534517,0.9994940568773921,83.58380221741088,MEDIUM_VALUE,12.247564556757888,3
SITE-A-DOWNTOWN,28.91238381231161,3.725791459219989,0.003119566940911435,0.005825116987994537,0.9760602748592696,114.75486148840068,MEDIUM_VALUE,34.14845854151868,4
SITE-A-DOWNTOWN,34.339291661912995,4.633211016933455,0.004793776985795676,0.009944414935724736,0.9807395962823351,92.8304878184173,MEDIUM_VALUE,27.524604456786452,5
SITE-A-DOWNTOWN,32.101554792317714,3.083708908434642,0.0018950767528125908,0.009732114229012793,0.973354982901688,132.11470237215508,MEDIUM_VALUE,43.02079203228945,5
SITE-A-DOWNTOWN,31.55641988185382,2.765710735761167,0.001780775171148912,0.00980639233631933,0.9754981569044089,89.10039316020777,MEDIUM_VALUE,52.13725259789362,3
SITE-A-DOWNTOWN,33.591584193828204,4.016168319972316,0.0033498662240500376,0.01003980144090281,0.9793207751986669,105.57916272842519,MEDIUM_VALUE,38.853907457393895,4
SITE-A-DOWNTOWN,41.52424914408108,2.738830422222919,0.0021027015463350738,0.008442500394922111,0.9935554684835195,130.85403773427663,MEDIUM_VALUE,43.90123580848482,4
SITE-A-DOWNTOWN,32.21372445521544,3.9464288761738286,0.005132357431771536,0.007428873041561407,0.9900263982436585,122.59240266773922,MEDIUM_VALUE,33.414891882520095,4
SITE-A-DOWNTOWN,37.14884492220399,2.6305076025250322,0.0028400672975779223,0.010445366714332008,0.9988810032879463,88.79138672647719,MEDIUM_VALUE,14.421607038234445,3
SITE-A-DOWNTOWN,35.7772300790263,4.829257694436768,0.0012310010557233817,0.011421177783146733,0.9708185137851734,113.06290241144974,MEDIUM_VALUE,17.14983971644806,4
SITE-A-DOWNTOWN,32.21971533589836,3.9637097434770223,0.0022912437991740855,0.005749145492289672,0.9754565034692468,96.43493242655991,MEDIUM_VALUE,19.886062539004584,4
SITE-A-DOWNTOWN,28.968681918009928,3.632541637775474,0.0031882094252068706,0.013253004871207053,0.9849288996750485,112.37051469462374,MEDIUM_VALUE,52.60763252414891,3
SITE-A-DOWNTOWN,36.694030873763694,2.110466459746532,0.0032960655075591136,0.005322698244928753,0.9881463815868337,83.90285910133724,MEDIUM_VALUE,42.37654403406817,5
SITE-A-DOWNTOWN,27.998422855594555,4.566572349748336,0.0014714907242329507,0.011594207178014578,0.9911142158938734,96.51125561825333,MEDIUM_VALUE,45.56642335839846,5
SITE-A-DOWNTOWN,30.17902230430481,2.7789623246137913,0.0010792297602756247,0.011729359885627892,0.9721550362364404,91.82063240360235,MEDIUM_VALUE,15.21690338863487,3
SITE-A-DOWNTOWN,41.08559504170233,3.5884489712419185,0.0033367813271357265,0.010833214280579047,0.9942481598591799,117.44513269973326,MEDIUM_VALUE,40.79660738803487,5
SITE-A-DOWNTOWN,35.33494797106554,4.961712993809744,0.0038493768135738344,0.009771938954656625,0.9966487418849664,83.27211745299283,MEDIUM_VALUE,13.796435495620234,3
SITE-A-DOWNTOWN,40.78757622028881,4.826441769664889,0.0012544500446663822,0.005240537779258409,0.9702926704157419,114.61806687783778,MEDIUM_VALUE,18.266436482198888,5
SITE-A-DOWNTOWN,38.275883075539774,2.046640722681196,0.005350580354741787,0.0075257259449372374,0.9866193890075426,101.22184634601909,MEDIUM_VALUE,30.596019685304338,4
SITE-A-DOWNTOWN,33.06711752417996,2.0111329880749755,0.0031439170789177876,0.007650168414119059,0.9807222315224585,89.7739521924011,MEDIUM_VALUE,30.092203482551525,3
SITE-A-DOWNTOWN,44.67559570303857,2.591386815451633,0.005333432319168143,0.011147565720529842,0.9730301307207838,80.881650311164,MEDIUM_VALUE,63.041426629340805,5
SITE-A-DOWNTOWN,29.68122076253423,2.3187289256505563,0.004277813861837116,0.012066037821694242,0.9968520017686395,110.01908712299661,MEDIUM_VALUE,28.717803499854508,3
SITE-A-DOWNTOWN,29.095185001553332,3.9057076071208443,0.0057113616900425985,0.005846831230999541,0.9815990994312589,101.1092375220543,MEDIUM_VALUE,14.812082084736996,3
SITE-A-DOWNTOWN,36.896417480568175,4.949022654166656,0.0023833951398076515,0.01227111987720542,0.9970173716491388,96.2389978380602,MEDIUM_VALUE,65.13910045578322,3
SITE-A-DOWNTOWN,37.91289246515696,2.5824121298381453,0.002387005276688124,0.006015536335438431,0.9968716802567007,128.53719404852308,MEDIUM_VALUE,15.195383389587512,5
SITE-A-DOWNTOWN,35.62029630642909,2.6392978619472283,0.00482811786090636,0.01073139799400358,0.9983615269973614,123.6283062809773,MEDIUM_VALUE,16.04122246520162,4
SITE-A-DOWNTOWN,36.52547854826305,4.735515133642192,0.002854737605990086,0.006878927314162319,0.9784993542622649,94.88988297375636,MEDIUM_VALUE,19.269478674728944,4
SITE-A-DOWNTOWN,31.87803592298308,2.747007204050762,0.003552326889378138,0.013942561122958379,0.9986297402768919,89.56514220289988,MEDIUM_VALUE,44.165892011722875,5
SITE-A-DOWNTOWN,28.050304208110713,3.595398290834683,0.00200026768345466,0.008640719561087822,0.9797182255617507,128.89701358747556,MEDIUM_VALUE,24.04668213964927,5
SITE-A-DOWNTOWN,35.801985038758886,3.7567747625458177,0.0026493592891276576,0.014294325171827674,0.9799640932775611,99.5714505471021,MEDIUM_VALUE,51.55646868447512,3
SITE-A-DOWNTOWN,39.495948676024774,2.4586326600795,0.0017404250304205952,0.01236051562461414,0.9816562751527096,131.42798909803005,MEDIUM_VALUE,24.00976657019637,4
SITE-A-DOWNTOWN,29.804783177795606,4.589754785854828,0.00280851304998623,0.006098052617338355,0.9766090025092836,126.1736543489396,MEDIUM_VALUE,25.927019034036057,5
SITE-A-DOWNTOWN,41.692266953510654,3.8312683679305923,0.004763452193495339,0.01476939156047265,0.978976332132179,132.57270293619516,MEDIUM_VALUE,43.063719625280676,4
SITE-A-DOWNTOWN,29.028306997953628,2.395977384773759,0.0026394760584485004,0.006376586172154914,0.9931517731678533,113.44621922889507,LOW_VALUE,12.654027565504286,3
SITE-A-DOWNTOWN,36.92005799061368,3.32861915673913,0.0017046902267371235,0.009698501907047153,0.9975197991192543,115.06528383869082,LOW_VALUE,37.5529506265951,5
SITE-A-DOWNTOWN,37.16190508277194,3.651681276163914,0.004118165141243503,0.006989724364580031,0.9744601165814233,80.75125953438453,LOW_VALUE,59.910375290477354,4
SITE-A-DOWNTOWN,30.12275002643812,3.7560157672723404,0.0034990018325787462,0.014014743567289215,0.9763961461107795,86.83956319202643,LOW_VALUE,19.62495027857726,3
SITE-A-DOWNTOWN,34.95678603913394,2.8737021470180215,0.0032769822239708327,0.011878678105570806,0.9796413790695069,119.9083952870161,LOW_VALUE,11.178767287022108,4
SITE-A-DOWNTOWN,43.14650500282313,4.8024743148314,0.0038589459485443463,0.014830872807597768,0.9770618611012325,97.85689751219127,LOW_VALUE,36.885649300804985,4
SITE-A-DOWNTOWN,35.17811879715256,4.458410540670064,0.003236949984623281,0.0054805149365544795,0.9909962654179635,93.3601035668196,LOW_VALUE,62.93901907023303,4
SITE-A-DOWNTOWN,30.914794452656082,2.4116931329061755,0.002512844607555071,0.01100955505088642,0.9780193246130059,82.90744189259604,LOW_VALUE,45.17968644866491,3
SITE-A-DOWNTOWN,39.69857903182299,2.3267658151272794,0.003121221194933725,0.005682663883488666,0.9705079454211385,102.47227958497899,LOW_VALUE,27.19161226171132,4
SITE-A-DOWNTOWN,25.270194512842952,3.939282723037432,0.004668207272897266,0.009170054458208104,0.985022522403429,94.82698294501866,LOW_VALUE,25.14317511698018,5
SITE-A-DOWNTOWN,26.059958020694523,4.71715314701226,0.0011433667267126899,0.0063710994822527645,0.9917280110848131,107.4554192070146,LOW_VALUE,40.71947031282293,4
SITE-A-DOWNTOWN,28.222919075009695,4.397348857230049,0.001618907280926958,0.007958219535356635,0.9925558306088498,97.8859881563923,LOW_VALUE,67.08092416048574,3
SITE-A-DOWNTOWN,28.505320720329678,3.5828197736722225,0.0036901722270808205,0.010004906691535182,0.9932317901525958,82.76551290179732,LOW_VALUE,42.75407697943224,4
SITE-A-DOWNTOWN,26.013964184863013,3.638917842956428,0.0032032933642320276,0.009046069824561472,0.9861315624841154,117.48263113482233,LOW_VALUE,52.215700029299356,5
SITE-A-DOWNTOWN,42.964947594762606,3.9697375141986173,0.005994750429094055,0.011648606442586138,0.9780740376401513,88.83213519415128,LOW_VALUE,14.25374471912528,3
SITE-A-DOWNTOWN,27.38258662038514,4.050263942426196,0.004447534158217272,0.011120625929022559,0.981484347067968,107.83414163618946,LOW_VALUE,25.566421954972036,3
SITE-A-DOWNTOWN,43.372735098641726,2.0475987273426677,0.0026029529677772173,0.010728017163137628,0.9754195981341715,131.25585182895549,LOW_VALUE,38.826034180993965,4
SITE-A-DOWNTOWN,26.256364656624804,2.843550785140945,0.003948221521752266,0.007812195888798234,0.971354403818238,114.77346463583793,LOW_VALUE,28.234969016283237,4
SITE-A-DOWNTOWN,41.92782413196915,4.075375303992372,0.004607378010163012,0.013901791670876108,0.9943002109079023,99.7553941946643,LOW_VALUE,44.14028754931879,4
SITE-A-DOWNTOWN,29.030714347655433,2.61757469161468,0.0015551305864374063,0.007390531734343026,0.9767409673203539,120.35431960889079,LOW_VALUE,25.088859392770786,3
SITE-A-DOWNTOWN,25.93319692004259,3.2648106598802142,0.002004730612743316,0.01189348924569681,0.9766513377267105,113.41815180966346,LOW_VALUE,20.561662758739093,3
SITE-A-DOWNTOWN,42.34437715176725,2.909862390249692,0.0036359868329563735,0.009386200213798601,0.972100455674334,81.24029070736118,LOW_VALUE,60.548335731698614,4
SITE-A-DOWNTOWN,31.80706699933038,4.058206161673566,0.0030634727836462514,0.013383102886633962,0.975850624573406,109.02968564184049,LOW_VALUE,42.90335174440136,3
SITE-A-DOWNTOWN,25.58892190152388,3.0873318144118707,0.003375876509823274,0.010888300009635282,0.9742439468607081,112.61565816983548,LOW_VALUE,51.60723240002614,5
SITE-A-DOWNTOWN,39.66083336889599,2.673035944811521,0.0032039868512592105,0.007979647093857869,0.981629269625726,101.7809773143771,LOW_VALUE,66.70718857792187,5
SITE-A-DOWNTOWN,43.95451409645195,2.099296031394691,0.001389593546544893,0.007060232281240619,0.9786050605234016,131.4641153240032,LOW_VALUE,60.47026055333866,3
SITE-A-DOWNTOWN,43.68983902527154,3.1691591471035325,0.0010791763952922653,0.011258208310682073,0.9969752997098981,86.44638178087028,LOW_VALUE,59.667573036995286,4
SITE-A-DOWNTOWN,39.6463138310688,3.479856815239858,0.005541311757552187,0.013749846584434754,0.9713949593891243,109.88895955945279,LOW_VALUE,24.524044556093088,3
SITE-A-DOWNTOWN,33.787829635437724,2.1989032437866505,0.0028027788333659224,0.009085326026709263,0.9701167546470489,108.4711325346641,LOW_VALUE,63.677563570896105,3
SITE-A-DOWNTOWN,43.89526986066321,3.4679500661146645,0.0020529684241256964,0.014691022050626789,0.9842054907959519,106.21488297702481,LOW_VALUE,32.588206022712825,3
SITE-A-DOWNTOWN,42.62673206046363,2.3897766874717874,0.0020523235528093825,0.007832204671598418,0.9718728329732916,130.64442977705636,LOW_VALUE,39.31707739643059,3
SITE-A-DOWNTOWN,42.70956829773844,3.484254838269661,0.002381479498903696,0.010312309886790893,0.9850071444129895,97.92952254953468,LOW_VALUE,23.906054335718892,4
SITE-A-DOWNTOWN,32.15598149969058,4.205138092559016,0.001826648136642431,0.014960795109291707,0.9770579112401805,96.35904535416303,LOW_VALUE,17.37239202174635,5
SITE-A-DOWNTOWN,32.43710048923478,4.045452177101204,0.0054801818213740805,0.007478671474297389,0.9942817589285365,98.49719416413276,LOW_VALUE,34.40367980141833,4
SITE-A-DOWNTOWN,27.565495908855734,4.678184352702229,0.002866571125714605,0.01200870300035392,0.970793090609995,121.82719394006551,LOW_VALUE,23.578798298896153,5
SITE-A-DOWNTOWN,38.475768704208285,2.5121589469579746,0.0036359098906369727,0.013357175121512098,0.974902217472974,108.05665993573649,LOW_VALUE,21.043288201065963,4
SITE-A-DOWNTOWN,27.866206955240962,3.469988678419689,0.003283323526841227,0.01143835066943611,0.9957340063412601,122.39542251914071,LOW_VALUE,30.179841591991977,5
SITE-A-DOWNTOWN,38.47540202257587,4.516169582365113,0.004413756171856402,0.010025832344276758,0.9740041405215858,132.09753070780604,LOW_VALUE,26.881905202070232,4
SITE-A-DOWNTOWN,33.10169823460984,4.653797639463603,0.002036687017233556,0.014138277379629867,0.9768729009982028,85.23312949746587,LOW_VALUE,40.81679181555528,5
SITE-A-DOWNTOWN,33.0477910024984,4.528212053288488,0.0029817635964343166,0.013150925283935955,0.9733826242776474,97.00238154630188,LOW_VALUE,17.348956753596806,5
SITE-A-DOWNTOWN,39.792172320819084,3.4088311529212945,0.004278042053315262,0.007383808202946095,0.992040284780149,139.5678658548132,LOW_VALUE,14.743543088124083,4
SITE-A-DOWNTOWN,42.38840288577136,4.554889276747874,0.005360168463358164,0.007265889367288989,0.9868946467797627,85.1650173795078,LOW_VALUE,35.86108090979316,3
SITE-A-DOWNTOWN,36.52266313912969,2.775654651406744,0.003110643459504562,0.008661918823997292,0.9725391327114506,84.11175276215526,LOW_VALUE,56.86653887497143,3
SITE-A-DOWNTOWN,44.7228057816543,4.691334209992338,0.005936433338820839,0.012856281396022615,0.970074035681868,86.95825002205987,LOW_VALUE,29.121035587486183,3
SITE-A-DOWNTOWN,28.62734391519829,2.181455388785997,0.005584870155932216,0.014102392424589393,0.9930111566349503,95.18315056461574,LOW_VALUE,61.140802529984995,5
SITE-A-DOWNTOWN,31.472647145201773,2.382970771409755,0.001677862334384962,0.009089598831698298,0.9949637980735921,84.58030670710858,LOW_VALUE,35.78274280425994,5
SITE-A-DOWNTOWN,32.091837361348745,4.677137151672149,0.001764744796290005,0.011555818711906012,0.979689954869972,118.79108686092029,LOW_VALUE,59.33385864122749,3
SITE-A-DOWNTOWN,41.91038451444638,2.877853281807622,0.0023794577901029637,0.006226653939687061,0.977660055220303,87.16113362368274,LOW_VALUE,57.04006513819574,5
SITE-A-DOWNTOWN,25.946362898786713,2.575124528918181,0.004950806976020958,0.012684779552731163,0.999204674386478,103.01653865112768,LOW_VALUE,12.706295374369585,3
SITE-A-DOWNTOWN,30.72573052318847,4.319494914957572,0.0010968402773248861,0.005348083040269004,0.9879431579547723,121.04662937003246,LOW_VALUE,43.7192769479195,5
SITE-A-DOWNTOWN,35.644092078376666,3.7913454240288442,0.0016547036654627242,0.005636248573773558,0.9804820429360641,112.86678003382569,LOW_VALUE,24.931678446931908,5
SITE-A-DOWNTOWN,33.9276786608319,3.229086582384187,0.0023435069982391684,0.014270367422219842,0.9982886346333648,82.80722003337269,LOW_VALUE,38.80408936795067,3
SITE-A-DOWNTOWN,29.755134435930636,3.0083088343046622,0.0011423894479611293,0.0058008205388819945,0.9710056504993707,87.53980571819392,LOW_VALUE,48.95590203471382,5
SITE-A-DOWNTOWN,42.71934068985791,4.407817915718308,0.002346191347122901,0.011915130461607935,0.9985584422624235,86.9748338716228,LOW_VALUE,43.604171863709716,3
SITE-A-DOWNTOWN,34.31117857543789,2.930966985759122,0.002439729704382351,0.005864968650242489,0.9894124493589147,91.86335453887645,LOW_VALUE,35.36379164483395,3
SITE-A-DOWNTOWN,31.965290672037924,2.9485314792551236,0.005662386356081378,0.010835725995681198,0.9871154689245306,93.34282589933538,LOW_VALUE,48.47302261387666,5
SITE-A-DOWNTOWN,32.58345088162108,3.6314089818962887,0.0029883861532818165,0.005810585146624652,0.9963305558219755,121.50607746197035,LOW_VALUE,67.49398924672998,3
SITE-A-DOWNTOWN,30.628834811010407,2.406894902319688,0.002528540960446798,0.008250896576272194,0.9755187908069815,95.87555781130621,LOW_VALUE,27.64157288240417,3
SITE-A-DOWNTOWN,42.159316615383915,3.338845230128496,0.0050990240635689745,0.005497621966407093,0.9756538466274488,137.16366388364176,LOW_VALUE,13.018440623510006,3
SITE-A-DOWNTOWN,35.35961271590817,2.8695025339199356,0.00197095594739627,0.01108740033768981,0.9882731117719208,91.28394679989168,LOW_VALUE,42.344126126877754,3
SITE-A-DOWNTOWN,34.09605031982938,4.539569880150063,0.001342202481069192,0.007331138760074187,0.9869515435135761,82.00306756425847,LOW_VALUE,60.741669740323516,5
SITE-A-DOWNTOWN,31.56581460331061,4.32430931461901,0.0022454126313666127,0.014480346041399327,0.9763513104264818,80.35436824786424,LOW_VALUE,14.096806283419806,5
SITE-A-DOWNTOWN,34.17327408733172,2.1150801702648403,0.005901918554737384,0.011311603121052108,0.987065140619716,117.57499858727975,LOW_VALUE,35.091890340260264,3
SITE-A-DOWNTOWN,39.25657673147294,3.2910128077554965,0.0024203530791204976,0.0064437458753889235,0.9794552051967648,101.1888747736165,LOW_VALUE,14.826953975603274,5
SITE-A-DOWNTOWN,43.499047584156585,2.773945625980514,0.0037001610365426257,0.005661327462918083,0.9865609043243295,118.76092134505339,LOW_VALUE,14.784737805776453,3
SITE-A-DOWNTOWN,28.262824574917868,2.788710695947396,0.0046825214308991794,0.008367471982674712,0.9963012228483803,94.29270267092673,LOW_VALUE,28.8381658508535,5
SITE-A-DOWNTOWN,38.84613894289184,4.580051817860154,0.005419085531421776,0.007880976269417233,0.9859291791196094,104.65330813578028,LOW_VALUE,50.56325549891209,5
SITE-A-DOWNTOWN,41.781591400593285,4.139875567710332,0.0018744801234645628,0.008140339877842122,0.9800844778612027,135.80093275687403,LOW_VALUE,37.365888552189965,3
SITE-A-DOWNTOWN,37.32545027938799,4.792113786400061,0.0029831472598848955,0.014461476535824285,0.9787634302414059,80.76438921621404,LOW_VALUE,16.157912291795903,5
SITE-A-DOWNTOWN,32.62660184613327,4.500591081760947,0.0036648453830697343,0.011856546867120166,0.980576913714699,115.2364225476341,LOW_VALUE,51.88415532160698,5
SITE-A-DOWNTOWN,32.53556779145651,3.472331148671304,0.005218065712680257,0.014292300932805032,0.9805099681212048,84.02255200777965,LOW_VALUE,60.529502908407785,3
SITE-A-DOWNTOWN,44.38586293275145,4.288443212607444,0.002840338081286597,0.013502989118471795,0.9864339905668003,122.80410489779638,LOW_VALUE,63.096658057077526,4
SITE-A-DOWNTOWN,36.60353175875425,4.842115941743312,0.002991790153538134,0.008787608871311369,0.9892063874983205,104.2974957085631,LOW_VALUE,52.44712181033285,4
SITE-A-DOWNTOWN,39.84785113416479,4.477363757033412,0.003837252117382323,0.014144082635858729,0.9934336168552056,131.42346610076163,LOW_VALUE,11.16910219373745,4
SITE-A-DOWNTOWN,25.308765800614104,3.9038519745547218,0.002664727789864427,0.01372953353023491,0.9817529048098852,124.63307018541352,LOW_VALUE,24.762836481371927,4
SITE-A-DOWNTOWN,43.01234501373948,4.586291018251313,0.002832219166221059,0.00981804225191655,0.986062293249114,100.67185280539675,LOW_VALUE,39.03691395586264,4
SITE-A-DOWNTOWN,44.291075581362236,4.639445503352004,0.0025726981492540275,0.011839249222195949,0.9984533045495022,101.72734003634166,LOW_VALUE,60.909394627242364,3
SITE-A-DOWNTOWN,42.73493536654097,2.25309049534779,0.0056147752344849165,0.014810355779391913,0.9772405086283433,117.98405499813282,LOW_VALUE,15.406252376579605,5
SITE-A-DOWNTOWN,37.04668942637937,4.125634803473676,0.004728010776849624,0.013568609196328834,0.9788029260488905,86.95668808764187,LOW_VALUE,59.018160241824546,3
SITE-A-DOWNTOWN,29.662317659050338,2.7106740750240808,0.004875714107396282,0.00942090196915316,0.9951334752608357,120.07417773178007,LOW_VALUE,60.57370976686227,3
SITE-A-DOWNTOWN,40.7219895585559,4.640201743198592,0.0023806167586470175,0.008554590520545472,0.9888526946960846,114.97439841224774,LOW_VALUE,56.66563597911251,5
SITE-A-DOWNTOWN,31.09938576507314,2.3629235347899398,0.004706577288340421,0.011871841114454273,0.9783069549917479,83.41698005308056,LOW_VALUE,11.387715453455474,5
SITE-A-DOWNTOWN,29.964951460182,2.820560893486488,0.0020368044777111646,0.005505593408032059,0.9751112727962212,100.99563269630679,LOW_VALUE,15.535762683484224,4
SITE-A-DOWNTOWN,33.76145354509212,4.5442362316662415,0.005357699355942397,0.009050517833057398,0.9737775347970785,96.15184646248979,LOW_VALUE,50.488432148440936,3
SITE-A-DOWNTOWN,33.146612894550636,3.7109704172225473,0.004684104805451654,0.011587997860415412,0.995783668338687,85.13927668808338,LOW_VALUE,27.813823732883627,5
SITE-A-DOWNTOWN,35.422568184703614,3.8441162122035086,0.002269798138521191,0.00555492101499137,0.9839154391871023,90.06204738762227,LOW_VALUE,21.672289864027725,3
SITE-A-DOWNTOWN,32.62651756327318,4.835204552279777,0.0028001754642144744,0.012092423537335334,0.9811740472304008,104.31550445821412,LOW_VALUE,18.406434229472726,3
SITE-A-DOWNTOWN,40.41273759075086,3.2877608729752987,0.0024264125862762387,0.014870603625032095,0.9963447344089383,95.85958532571482,LOW_VALUE,36.05584943572758,3
SITE-A-DOWNTOWN,36.338629949109205,2.498457812972797,0.003136343135155336,0.007840286888850702,0.9943093739696002,85.67302554111006,LOW_VALUE,69.48549490703283,4
SITE-A-DOWNTOWN,31.62304344023846,2.226836065124998,0.0055642599091289624,0.013281084180516045,0.9720286724493101,111.69053660693513,LOW_VALUE,33.4344024320095,3
SITE-A-DOWNTOWN,37.121354984936744,3.0077253386340135,0.0057813149963859434,0.007179987414770729,0.9946060258014412,96.05947930298663,LOW_VALUE,48.96778529658816,3
SITE-A-DOWNTOWN,35.51749188031123,3.5660707761307315,0.004129888340729331,0.005679989044505684,0.9717833733217603,138.25289923468213,LOW_VALUE,25.183489677567387,4
SITE-A-DOWNTOWN,32.135498910828915,2.7191779806516143,0.004228284481852886,0.014839097064473998,0.9820814200785567,99.27992132463746,LOW_VALUE,30.969647549489252,4
SITE-A-DOWNTOWN,26.79705668005044,2.1441439396932616,0.002619557666822419,0.01484372739769357,0.9742374766644504,112.93410990847268,LOW_VALUE,22.430056326190368,3
SITE-A-DOWNTOWN,25.735634233195533,4.511018067199335,0.0016362544947833987,0.006351320598023044,0.9945163559716229,94.62450812953887,LOW_VALUE,21.934659778875112,5
SITE-A-DOWNTOWN,28.886651573753426,4.494952335658561,0.0025338173479419607,0.010656616687042781,0.9793301688780255,100.35282881899619,LOW_VALUE,65.93704846448611,5
SITE-A-DOWNTOWN,43.15494405303767,2.524502907489597,0.004622152141726949,0.0063955946927097265,0.9789802327233459,84.24933937008593,LOW_VALUE,48.8731280072096,3
SITE-A-DOWNTOWN,39.92639897342576,4.323135938064002,0.002973901629368145,0.006771952583466521,0.9701291936389144,106.41412349974193,LOW_VALUE,65.99740869380123,5
SITE-A-DOWNTOWN,33.97505333613638,3.847475923451794,0.005583701625873083,0.013625257684504118,0.99219365424994,115.54029321617107,LOW_VALUE,23.909088456023692,5
SITE-A-DOWNTOWN,33.35254696735346,4.1188327833902925,0.002116972317148918,0.014406938330870984,0.9749214598445685,127.44567679223925,LOW_VALUE,63.421219137883945,5
SITE-A-DOWNTOWN,28.040653000758294,4.595127573106194,0.004221826598431379,0.011035541021627491,0.9776207817066035,99.70260876463924,LOW_VALUE,24.10591909067595,3
SITE-A-DOWNTOWN,37.95760666343812,4.1861581333436515,0.004528670333516496,0.00846817134945482,0.9800842377474804,125.8085200347698,LOW_VALUE,68.43190094230023,4
SITE-A-DOWNTOWN,29.43239051468046,3.2384111403890703,0.0023807558971517943,0.014746277212528424,0.9704932809104039,133.54273366991518,LOW_VALUE,56.047973805465084,4
SITE-A-DOWNTOWN,38.609090816236176,3.1089497947114597,0.004184191076097303,0.009253520440038552,0.9974506769754287,107.45670265183728,LOW_VALUE,58.73864291059528,3
SITE-A-DOWNTOWN,36.52526215488322,3.1173346943418343,0.005833680812439935,0.0069538531002508955,0.9972451142472328,138.87779713125914,LOW_VALUE,60.94493958057979,3
SITE-A-DOWNTOWN,37.44875172288632,4.785294346833368,0.0031655711520554154,0.01324367208148227,0.9932387530925565,131.52110132314053,LOW_VALUE,36.442272484647006,4
SITE-A-DOWNTOWN,38.050766571229744,2.276799885748528,0.0013604354560264233,0.006074695861322506,0.992061024980221,101.3070632408506,LOW_VALUE,64.50190044013092,4
SITE-A-DOWNTOWN,28.448077555693022,4.5088713326907675,0.0030922632859324674,0.007203578168595293,0.9934293687517405,94.06608625736905,LOW_VALUE,68.40725218992557,3
SITE-A-DOWNTOWN,30.498573653519895,4.575623794569394,0.0033979875442228876,0.014353088584482879,0.9788878352453456,135.50690225896017,LOW_VALUE,28.16400661135598,5
SITE-A-DOWNTOWN,37.651676652181145,3.6635003788463365,0.00435418094233028,0.011959875641120998,0.9780342525414567,80.52524967039659,LOW_VALUE,53.40926903282974,4
SITE-A-DOWNTOWN,37.00535572360923,3.690167494148239,0.003478555941746456,0.01428421188706953,0.9789103055974072,134.72101374470313,LOW_VALUE,20.07586492259106,5
SITE-A-DOWNTOWN,43.83025043783459,2.4626371107620337,0.00485069414552904,0.007730524370547408,0.9717709685432715,105.87265116807265,LOW_VALUE,51.93843285259909,5
SITE-B-SUBURB,33.93262048382978,4.427545719678037,0.00599698338444948,0.013875778280845647,0.993133728995375,106.78900350248583,HIGH_VALUE,52.36677205260335,3
SITE-B-SUBURB,30.076457930236913,2.612862173563159,0.004408743442168274,0.014479176137782341,0.9926683838400006,95.99950131686046,HIGH_VALUE,49.62248742628173,3
SITE-B-SUBURB,32.01140375257922,4.472327015411965,0.0034266918213685426,0.007496511550623346,0.9787193667959619,85.12181660746427,HIGH_VALUE,31.675429326683854,3
SITE-B-SUBURB,34.16237252202265,3.9725656816758796,0.005642370279816214,0.01317451258575255,0.9872082415452352,101.6874864180673,HIGH_VALUE,20.235979748079096,4
SITE-B-SUBURB,36.82248163612319,2.191721641980747,0.0012676596749939093,0.011422438723671834,0.9749282553719004,130.91113581619896,HIGH_VALUE,50.185247053644126,4
SITE-B-SUBURB,43.72443321484937,2.395460795879831,0.002549940206899022,0.01007785499078719,0.9989600626188236,84.72430354227038,HIGH_VALUE,46.115795889668334,4
SITE-B-SUBURB,43.39024245158975,2.4344703257112403,0.004520411610983644,0.011906741377590064,0.9808098730244921,112.13594311000693,HIGH_VALUE,66.1176912704628,5
SITE-B-SUBURB,34.12724016429263,3.6926963413281997,0.0011599205935700855,0.013095341562235088,0.9715382388244606,138.72629342212872,HIGH_VALUE,68.23702242262996,4
SITE-B-SUBURB,41.370065668590854,4.686229542067611,0.004077749148947145,0.00805703138006263,0.988113593357562,120.72963856727422,HIGH_VALUE,18.49853561128782,3
SITE-B-SUBURB,31.075943119544757,3.5376423792769245,0.002332837804660122,0.007822027302645961,0.9962959272551652,126.21161774761856,HIGH_VALUE,13.756806916726322,5
SITE-B-SUBURB,40.42214151084757,4.774943024032348,0.004519595459904623,0.011922960309356287,0.9779222961604475,121.9396080656106,HIGH_VALUE,32.74339477569467,3
SITE-B-SUBURB,39.08951058190433,2.968139965572672,0.005418193600632399,0.012740961216211318,0.9760319518400002,92.88627717532317,HIGH_VALUE,10.778238364309452,5
SITE-B-SUBURB,40.39974947194246,2.257893873777034,0.0023770031538220887,0.012363715165282117,0.9791710704266607,97.15075718018657,HIGH_VALUE,13.977323618003796,3
SITE-B-SUBURB,36.43607459269056,2.4156374792357433,0.005818941803203813,0.005259031943831161,0.9794757491698629,91.03368789620481,HIGH_VALUE,63.94982912790988,3
SITE-B-SUBURB,40.01494180497657,2.3343080916813475,0.0012780744528828034,0.005830864046291574,0.9921872383370912,124.83649795870753,HIGH_VALUE,47.96395241848225,4
SITE-B-SUBURB,34.26033206572738,3.7866388066118333,0.001542518449018452,0.012945166775920253,0.9933267015743171,120.84825143755621,HIGH_VALUE,24.134466045730157,4
SITE-B-SUBURB,29.293981737012913,4.940659235867567,0.00574296845481211,0.012480551553121623,0.9935575853724952,107.48628073580673,HIGH_VALUE,62.623258758973016,5
SITE-B-SUBURB,33.755425834743775,4.0442827118518085,0.0013982214352637771,0.008945756729976578,0.9953137581596068,108.78960714656732,HIGH_VALUE,43.3768307482145,5
SITE-B-SUBURB,36.213595146087656,4.829058574831262,0.002004245264865995,0.011814543677434562,0.9834748537765511,94.12663892146094,HIGH_VALUE,12.906670471095143,5
SITE-B-SUBURB,28.67227048174066,3.7474427181079113,0.0031496416949193004,0.009055615460437233,0.9966396009536749,85.39753852217972,HIGH_VALUE,43.67300756556588,4
SITE-B-SUBURB,33.28966925715148,2.4541713227988664,0.002976300493971966,0.013667944338958016,0.9759419891092246,120.77947799039404,HIGH_VALUE,26.105278794982965,4
SITE-B-SUBURB,36.019996156341996,2.214537046234069,0.005040295330034121,0.008785387643132952,0.9762931612751675,92.46506583109328,HIGH_VALUE,69.11081585266047,4
SITE-B-SUBURB,43.861553358060355,3.4075514618354363,0.0023536689079481058,0.012081185085378598,0.9715853420683925,131.53878520736023,HIGH_VALUE,10.341012787121917,5
SITE-B-SUBURB,31.683797256790236,3.3684200141377953,0.0010262202061676747,0.007856207062586908,0.9995130667518193,126.42904878160675,HIGH_VALUE,13.513600577832625,3
SITE-B-SUBURB,42.53442012578499,3.397262231139254,0.005946642687884971,0.008210332442816189,0.9792858507977887,120.74786649014024,HIGH_VALUE,39.284570671951506,3
SITE-B-SUBURB,35.492109700975064,3.9113835775532992,0.002562359547230849,0.013242763485044582,0.9924631549695805,125.18737386929061,HIGH_VALUE,49.61330565001349,3
SITE-B-SUBURB,29.602708075553586,4.117815113252591,0.0018733528926695338,0.006419239382629248,0.9851131360835604,90.34321578289078,HIGH_VALUE,17.646663013994065,4
SITE-B-SUBURB,44.50984068975059,2.16663145355379,0.0032212371509586744,0.005903299292866096,0.9861624826009834,114.47812858709378,HIGH_VALUE,39.433184261185176,4
SITE-B-SUBURB,25.781763948284965,4.102427072767288,0.0035394174360108043,0.010732873450073142,0.9900446135352251,134.36179150533442,HIGH_VALUE,36.07373907817845,3
SITE-B-SUBURB,28.515692953292106,3.3612790542514057,0.0018844642547526116,0.008723566927880766,0.9971042443899537,138.50663221612226,HIGH_VALUE,38.34628259787278,5
SITE-B-SUBURB,30.53148428951469,2.968135834296516,0.005508279185907733,0.00938526630991399,0.9759542050806591,130.0996218050945,HIGH_VALUE,40.59996400060297,5
SITE-B-SUBURB,43.06661476667739,4.238432101278753,0.0010711424701519636,0.014665224970497971,0.983638669517767,90.79498547143884,HIGH_VALUE,64.61257751097088,4
SITE-B-SUBURB,33.39116196728078,4.053862337550312,0.004753999162642937,0.006946127214465426,0.9995056168066594,113.7713910253624,HIGH_VALUE,13.418850240122671,4
SITE-B-SUBURB,25.36793342140511,4.937750506441973,0.0043302261224182365,0.008793641252257692,0.9939750677043981,127.64380991869919,HIGH_VALUE,52.02838027435674,4
SITE-B-SUBURB,29.703855926027657,2.2795089742030723,0.0052806923655833215,0.013883712285557036,0.9803655266526627,103.19199069155658,HIGH_VALUE,34.190872239293014,5
SITE-B-SUBURB,43.76665799679448,3.5947307339152808,0.004547123108159582,0.011052415905700904,0.9726878351036723,84.33147664186309,HIGH_VALUE,18.85622566437214,3
SITE-B-SUBURB,34.93790811666966,3.8835035210914337,0.005978928907022913,0.0140068812301107,0.992170804367682,103.00593306388564,HIGH_VALUE,30.67820343211428,3
SITE-B-SUBURB,31.914416669991308,4.296721776085522,0.004642643136540878,0.0061994492083057694,0.9941169293817912,85.6029824261115,HIGH_VALUE,29.06270950372334,5
SITE-B-SUBURB,44.50145112618122,3.9537753491115266,0.005282274382800168,0.014267588946838914,0.9779399607526221,127.74111767363742,HIGH_VALUE,32.338625989873194,5
SITE-B-SUBURB,27.136150137750263,2.3787283405314934,0.00415705750444138,0.011416506654901883,0.9954248725752972,97.70491993159493,HIGH_VALUE,55.75387711913805,3
SITE-B-SUBURB,30.335310555122877,2.9409434711160696,0.004279100040755553,0.00892519191239367,0.9999407465534343,98.99303950932784,HIGH_VALUE,24.245868872307472,4
SITE-B-SUBURB,42.46205355873977,2.4887619247699506,0.0026878352351736947,0.01010124722284385,0.9719881815999444,102.2483464982297,HIGH_VALUE,56.213425434380724,5
SITE-B-SUBURB,40.36776207054069,2.4463115667199005,0.002517447176832695,0.007683985615285242,0.9905388741233974,87.91314985254867,HIGH_VALUE,69.15754740749104,5
SITE-B-SUBURB,35.57469901265671,4.110010729309341,0.005741290570602677,0.011141446112467073,0.9956642005256787,111.8570831001416,HIGH_VALUE,23.25517434864691,3
SITE-B-SUBURB,33.41940072129246,3.8209258450004526,0.0036548877801046414,0.012825598683962453,0.9861859216144306,103.00259700392743,HIGH_VALUE,40.91124701559229,4
SITE-B-SUBURB,25.199564339980366,2.9846864207138295,0.003864697950002502,0.012124664347896243,0.9828260550115929,124.77290225031098,HIGH_VALUE,40.20096745870917,4
SITE-B-SUBURB,32.3905951541196,2.727231673334609,0.00498809036991264,0.014220191824233206,0.9918802142005472,93.23011085951691,HIGH_VALUE,52.355799419263,5
SITE-B-SUBURB,43.495217110380224,2.018065486342577,0.0048649311023617435,0.009663642932859463,0.9956706587813382,116.34971155282328,HIGH_VALUE,10.456149543241274,4
SITE-B-SUBURB,38.83471935417147,3.5996959753800075,0.0021962858222926277,0.006219041409111807,0.9819482324770024,113.65413627241261,HIGH_VALUE,38.69943659643134,5
SITE-B-SUBURB,27.95800822985123,4.042399132468599,0.003728696726815709,0.01242826648000029,0.9824362915807069,95.41419866752436,HIGH_VALUE,57.8897000879613,3
SITE-B-SUBURB,29.363111502992467,2.181718876796268,0.0028429163205250505,0.009512751743956806,0.9762735253682124,137.33576897059461,HIGH_VALUE,23.88635921424447,4
SITE-B-SUBURB,38.23083521830554,2.429402287128628,0.002399553056443053,0.009137635570031439,0.9782182160901716,119.22698173965063,HIGH_VALUE,18.40258029413054,3
SITE-B-SUBURB,37.883427853197226,2.3474808341198834,0.0039004611911915483,0.014787702296381718,0.9936078509692287,136.77993491912474,HIGH_VALUE,42.762141510297276,4
SITE-B-SUBURB,32.40441665193997,4.329026898220695,0.0016597963509465616,0.011641195296692844,0.9796736848871685,135.05461913876007,HIGH_VALUE,31.028602366244574,3
SITE-B-SUBURB,31.450284962728546,2.816677163506191,0.003699385304496339,0.014526359608192891,0.9862115352883833,124.48409354654356,HIGH_VALUE,41.231050903360405,3
SITE-B-SUBURB,36.73276319288559,3.7829959954529904,0.003981165852934152,0.00798497537302811,0.9780052731594718,99.75427665153211,HIGH_VALUE,11.8528885805954,3
SITE-B-SUBURB,28.222845950264222,2.8609898279624133,0.0035613354205910656,0.014115517581135134,0.9910265824399311,110.96049731146684,HIGH_VALUE,53.00146524688052,3
SITE-B-SUBURB,25.94589835346489,4.059386915153979,0.004526792880680083,0.011553010647790248,0.9955738380317419,126.90176808703418,HIGH_VALUE,59.73764344919803,4
SITE-B-SUBURB,25.920138301733022,4.999567690562065,0.0039414934075298735,0.010928531464451541,0.9883961951823879,96.20441612452942,HIGH_VALUE,28.178728312112828,4
SITE-B-SUBURB,37.00645202727822,4.881377665446021,0.0020419474661561516,0.010854581441389136,0.9880000322180128,82.22055160361063,HIGH_VALUE,47.56311501858447,5
SITE-B-SUBURB,32.686784907439126,3.2899407923891753,0.0019278736794259323,0.010945450456315729,0.990201316246582,133.52089897809677,HIGH_VALUE,60.508365970164334,5
SITE-B-SUBURB,44.516313627377244,4.101712828678021,0.002403682665979825,0.010401543776132045,0.9725051093532427,113.97452898120882,HIGH_VALUE,28.33586636109783,5
SITE-B-SUBURB,35.7292924809129,4.2502348838656765,0.0013031625026343743,0.013760561520951977,0.9711370097318881,109.39511445353861,HIGH_VALUE,23.106179537504346,4
SITE-B-SUBURB,34.594282263170015,2.7859487180132225,0.001400030843081023,0.013244261003061877,0.9773661685766523,136.2929035469975,HIGH_VALUE,46.51959004689757,3
SITE-B-SUBURB,32.1036510684111,2.181731349687244,0.005277309236847369,0.006087945932616359,0.9932877899876411,111.7139078252056,HIGH_VALUE,37.334674294057805,4
SITE-B-SUBURB,33.40541348279986,2.0494239516889046,0.004815792253398092,0.012071719849522333,0.9740792763629103,110.57425890239638,HIGH_VALUE,20.682701418571593,3
SITE-B-SUBURB,39.24092056139999,2.567040786840569,0.001863879822658261,0.007843555365004414,0.9991473049303775,129.1079856480149,HIGH_VALUE,34.19442421228359,3
SITE-B-SUBURB,32.22897781332652,2.562809812194798,0.005485411887432251,0.0053664529998628694,0.9937940636612543,137.58735871051687,HIGH_VALUE,15.05100524384824,5
SITE-B-SUBURB,42.18525999926696,4.340277385945788,0.001211854885890403,0.009441654199395102,0.9778040094291819,103.054735107479,HIGH_VALUE,32.90826555608729,3
SITE-B-SUBURB,25.19522234407156,2.8137784445943494,0.00245017039029377,0.011493731588069532,0.9908781704269136,125.02656846775301,HIGH_VALUE,48.2198369564692,4
SITE-B-SUBURB,42.88237201086625,3.6685486588326714,0.0025668815305182916,0.005401792488868902,0.9918053816680628,113.74017564667459,HIGH_VALUE,19.802054679160292,4
SITE-B-SUBURB,43.88647734819645,3.8165135069906064,0.0025454187349806204,0.013067061203521916,0.9818431578371616,80.8991863882452,HIGH_VALUE,14.784286907461828,4
SITE-B-SUBURB,44.23057081796088,2.2810028652733294,0.0049169197903146415,0.005306945423277889,0.9827134623593045,96.92196957445549,HIGH_VALUE,30.64289828899107,4
SITE-B-SUBURB,33.039983107792494,4.277845670605293,0.0036239130933324367,0.006321585510861979,0.9941652171807237,132.27868171069252,HIGH_VALUE,37.37278860274152,3
SITE-B-SUBURB,32.18367969105418,2.053361775288696,0.0013527739551388003,0.008753200324939198,0.973399706235938,138.16687610833813,HIGH_VALUE,48.64817972340423,5
SITE-B-SUBURB,36.69943230878428,2.50462426917625,0.005586592941557477,0.01000783610115569,0.9909883070261845,90.9223113629515,HIGH_VALUE,38.42550996312574,3
SITE-B-SUBURB,39.27669989961913,3.162350091344074,0.0013252997430030348,0.009691654403032463,0.9947201820912406,107.72589719642133,HIGH_VALUE,68.78390837510425,4
SITE-B-SUBURB,42.654223077437166,2.0976660079510547,0.004156782781794666,0.01010352386894314,0.9807354763121748,134.12623725512208,HIGH_VALUE,15.519591443683973,4
SITE-B-SUBURB,34.72102738961872,2.9194521425655138,0.0058001259253529815,0.012816649022622056,0.9760215602605773,87.66409782853216,HIGH_VALUE,11.425933761745915,4
SITE-B-SUBURB,43.57984261947297,4.618525418997637,0.004999660090627954,0.00900315102302916,0.9844549647378251,114.51314831401972,HIGH_VALUE,58.61284390215587,3
SITE-B-SUBURB,25.085137198156193,2.5438613315680296,0.003906989307450539,0.006413407677423863,0.9981440567906714,82.6774896800247,HIGH_VALUE,68.4183301685768,3
SITE-B-SUBURB,28.87696066320363,3.2733417168233556,0.004189257021172701,0.014795733976585991,0.9842888348872515,133.88611363650287,HIGH_VALUE,63.42923775617724,3
SITE-B-SUBURB,44.68939052631863,3.0796697032990497,0.0033726546058603403,0.005216179746208838,0.981514259443152,101.21708994215082,HIGH_VALUE,17.464243200172646,3
SITE-B-SUBURB,30.583659562267286,2.3922788281089717,0.001577330322361621,0.005244533627059014,0.9926562612615162,111.91870076007855,HIGH_VALUE,41.41705225825031,5
SITE-B-SUBURB,33.274976728206966,4.8914280562185,0.0028900741925657336,0.009748675027197305,0.990700236935994,135.7447662887983,HIGH_VALUE,61.51206029264624,3
SITE-B-SUBURB,28.665263987805233,4.833708528396356,0.00511928353286875,0.008297825660772511,0.9941620779015811,137.17088972517914,HIGH_VALUE,54.59928424090008,5
SITE-B-SUBURB,39.773612363982764,4.515582358645856,0.0053938358081578935,0.012811801991260478,0.9723317278073853,92.5187865020224,HIGH_VALUE,17.248093822131278,4
SITE-B-SUBURB,26.31281709315872,3.651834026516576,0.0056214652022237455,0.014815333770627964,0.971124541393641,120.95343544435738,HIGH_VALUE,18.580757344284784,4
SITE-B-SUBURB,42.24248861355298,2.0935020302380822,0.0015160535915567943,0.008236155888617678,0.9701584197859249,119.72887375449844,HIGH_VALUE,22.33996873328509,5
SITE-B-SUBURB,43.990278287057905,3.411165522969016,0.003350702767864573,0.014964468528634475,0.9794115428318131,133.15154515150067,HIGH_VALUE,52.788693865495155,5
SITE-B-SUBURB,25.181239025379963,2.8928880659063796,0.004604961779483512,0.005451195244129489,0.9957243613507853,134.7366000744458,HIGH_VALUE,55.56802935983449,3
SITE-B-SUBURB,36.948519510889014,4.425406032906267,0.003337709509743887,0.009083353680780096,0.9910888299845682,107.91853271678781,HIGH_VALUE,28.63795005555253,5
SITE-B-SUBURB,30.29457728569349,3.3115601376714348,0.0029101129258401236,0.012541325652979123,0.9935228520546872,127.89757769345752,HIGH_VALUE,60.68862781885115,5
SITE-B-SUBURB,32.38861523103222,4.514226027591614,0.0019005983146724455,0.012019432562042014,0.9857424943508972,119.98874186770004,HIGH_VALUE,51.8150293396573,4
SITE-B-SUBURB,38.37788233070182,2.705105369878172,0.0011174664205150589,0.014525993596763553,0.9969272832525452,110.28442983333098,HIGH_VALUE,49.67484998603757,4
SITE-B-SUBURB,34.16779631940011,3.7638613679366255,0.0044992607912976365,0.007190617539166943,0.9727782325858142,137.67074989760425,HIGH_VALUE,60.91258657695135,3
SITE-B-SUBURB,28.57164370966438,4.467825613320641,0.005061645268370747,0.006815344056351552,0.9941378667049793,102.92823688527567,HIGH_VALUE,30.051810140384166,3
SITE-B-SUBURB,36.82871277282027,3.8390759409014104,0.0035570591900738815,0.005998493272802714,0.9938726785582684,99.00725824402639,HIGH_VALUE,25.870227313065648,3
SITE-B-SUBURB,37.822474579408365,2.554322008712769,0.0055517665280663524,0.011481412960122553,0.9936770571245296,100.43891936048595,HIGH_VALUE,35.704040425804635,4
SITE-B-SUBURB,30.02132453200839,3.2450915338525688,0.0049355770035505505,0.010030774094044993,0.9949985264111119,86.70413198954748,HIGH_VALUE,27.351741137505062,3
SITE-B-SUBURB,25.733211872171864,4.739891291475518,0.0013151021709238988,0.010420164354557322,0.990200351062533,92.24776968163593,HIGH_VALUE,68.80047663797245,5
SITE-B-SUBURB,29.76521315688492,2.4186606098616843,0.004248739035682837,0.010146369573473597,0.9881282110126858,117.08395064482474,HIGH_VALUE,67.36768299048842,5
SITE-B-SUBURB,40.369042723408725,2.9378090030376196,0.004737029718927212,0.00949207559771443,0.9992636869038071,108.6435330222662,HIGH_VALUE,10.656634038658284,5
SITE-B-SUBURB,30.53612577626822,4.46466065562276,0.004057721871177278,0.01244281635884827,0.9921638725842723,134.33058374226687,HIGH_VALUE,59.99606653514854,5
SITE-B-SUBURB,37.90657104669825,2.97996248891965,0.0034690788867832224,0.00778795979970923,0.9801016658475428,107.63373077275278,HIGH_VALUE,35.38937711015418,3
SITE-B-SUBURB,31.090795365917224,2.9345245838473075,0.0019574550542881806,0.010828501305125585,0.9727759168445119,94.89839303268441,HIGH_VALUE,20.23798394372482,3
SITE-B-SUBURB,39.13377955901093,2.8399975111116857,0.0014983631479123629,0.013212825173182008,0.983133546022499,128.25846549478294,HIGH_VALUE,29.246447601032163,4
SITE-B-SUBURB,36.180474802718265,2.2089948819500194,0.005884555190933534,0.006333729332175843,0.997394841016033,119.56380049444576,HIGH_VALUE,55.85108919636962,4
SITE-B-SUBURB,29.19950066021179,4.676131382021433,0.003679332621886354,0.009133418148887682,0.9757819301861251,90.28087737969307,HIGH_VALUE,61.761605661819104,5
SITE-B-SUBURB,33.365431321047694,4.17055882295152,0.0044928494212067,0.009938348776944085,0.9844095825409139,113.18923607414825,HIGH_VALUE,30.797863552263877,5
SITE-B-SUBURB,39.91203049205478,3.2538702728184714,0.0035229627116170293,0.0068178347406426055,0.999271326778033,84.66505375050095,HIGH_VALUE,53.015440252319515,4
SITE-B-SUBURB,31.890252099166503,4.92980643835344,0.001182541326351095,0.0077278892102200965,0.9801300869729688,118.52006881098956,HIGH_VALUE,45.4086506979707,4
SITE-B-SUBURB,39.230849170474926,4.581382691882581,0.0010967051350614157,0.010606311786377207,0.9820320562517142,121.35820651136285,MEDIUM_VALUE,41.61396497876355,5
SITE-B-SUBURB,25.137640450260207,2.9321295351505867,0.003230080582122447,0.008370573946757864,0.9813770268523446,119.06466481368687,MEDIUM_VALUE,30.128855107541717,4
SITE-B-SUBURB,42.01855123061982,3.0840280307583177,0.003172681751537938,0.009333735879608358,0.9970967496681749,116.28825610856413,MEDIUM_VALUE,67.87882411704905,5
SITE-B-SUBURB,44.11089902879275,2.5849817354732476,0.005486702853498534,0.005439655883591022,0.9956882109657357,117.95376571632427,MEDIUM_VALUE,51.122784302718415,3
SITE-B-SUBURB,32.8235332834726,3.1643559299823636,0.001783409968319901,0.006405080725263472,0.988726350782799,100.52065797413145,MEDIUM_VALUE,11.727489335159483,4
SITE-B-SUBURB,28.400170518191704,2.579723168924079,0.0032708405247507634,0.014104864552012354,0.9874557787961639,124.41762224530126,MEDIUM_VALUE,16.330238156799496,3
SITE-B-SUBURB,38.84994336006325,4.595222534629269,0.005973674910685162,0.012122690992353729,0.9882149418861055,137.72511013202026,MEDIUM_VALUE,17.745046183201364,4
SITE-B-SUBURB,39.38828630176059,4.17857071272406,0.0027735496019140994,0.0057963484201399695,0.9742442750195167,120.61826773739153,MEDIUM_VALUE,28.723475938196884,5
SITE-B-SUBURB,43.98058598610605,2.365581083305166,0.0050715090736802955,0.009772784918732203,0.9788268836597556,95.28568236430375,MEDIUM_VALUE,31.20558873150587,4
SITE-B-SUBURB,29.522426319478186,2.656953424538901,0.0058556983302833834,0.009213569106062762,0.9886913281902333,122.15767328038528,MEDIUM_VALUE,29.914789926572265,4
SITE-B-SUBURB,43.699539491041875,2.8814930891712196,0.0019596829241467157,0.0054449682243472896,0.9778891356566973,83.68632645394598,MEDIUM_VALUE,47.65207917376861,4
SITE-B-SUBURB,25.450716132229143,4.849957258133857,0.00464303222649721,0.010502170655279426,0.9983466286123585,111.78879557827247,MEDIUM_VALUE,20.569100821021635,4
SITE-B-SUBURB,40.59450827635163,4.865556674206623,0.0012996729945816668,0.010038751876643116,0.9767921726127077,134.23795386758943,MEDIUM_VALUE,15.747403870695607,3
SITE-B-SUBURB,29.122974653265352,3.9238363246846992,0.0044599724682094135,0.012605585634881098,0.9715912281171516,108.9902361416921,MEDIUM_VALUE,17.5373681306745,5
SITE-B-SUBURB,27.5310510792519,2.485641597796469,0.0017397451594029826,0.014349648818308441,0.9868123864889486,95.2230013428802,MEDIUM_VALUE,39.130619060710636,3
SITE-B-SUBURB,29.3203712315578,3.881145609021522,0.004472726558322319,0.01115740603599661,0.999538559726144,138.7752833759824,MEDIUM_VALUE,60.03962774500648,3
SITE-B-SUBURB,34.31471579762652,4.27139932349737,0.0022458296262457913,0.01364844580295092,0.9773118589915647,139.44710634612323,MEDIUM_VALUE,10.818845506124477,4
SITE-B-SUBURB,35.01323855569924,4.448943482041429,0.0036056172240338117,0.013334676851721336,0.9912517527565524,118.35028373349753,MEDIUM_VALUE,67.08168526051655,5
SITE-B-SUBURB,27.358158822976694,4.778647508631127,0.003608900059320202,0.012074625847187014,0.9900469001449009,103.50758125475902,MEDIUM_VALUE,41.60441238372239,3
SITE-B-SUBURB,34.765042815025105,4.7498498390304835,0.0010421777355306347,0.010742332580184222,0.9906716261373414,103.71527672708389,MEDIUM_VALUE,14.87434480198093,5
SITE-B-SUBURB,40.84152490021445,4.258948558994895,0.0029062706453552006,0.005975793448947445,0.9951839856896918,126.5620979610651,MEDIUM_VALUE,60.054804650811946,5
SITE-B-SUBURB,30.26235251333739,3.873892227100492,0.003328900034140018,0.008903623714227597,0.9823113786447469,120.39452034828015,MEDIUM_VALUE,69.88724967012175,5
SITE-B-SUBURB,34.45323111312935,3.09973098395998,0.004139501622633867,0.011292194202882893,0.9822152415134402,118.75842470166273,MEDIUM_VALUE,49.40007407625212,5
SITE-B-SUBURB,28.34054166453617,3.9576784279634083,0.0030892617874264043,0.01379408004110709,0.9885514637565044,128.65835577690206,MEDIUM_VALUE,58.61916490295617,5
SITE-B-SUBURB,29.259101882071004,2.2327664533291487,0.004797587090971759,0.005554491206763602,0.9984449779992282,121.41821060223367,MEDIUM_VALUE,35.40119067676597,3
SITE-B-SUBURB,27.639544456234535,3.9143923286442535,0.005600535609201648,0.0050011997530975336,0.9981433220163173,98.64338539781401,MEDIUM_VALUE,33.81569468242914,5
SITE-B-SUBURB,43.79090867989095,4.389745747676831,0.0029244876284198595,0.014795886225058421,0.970977831397544,119.6293691533597,MEDIUM_VALUE,40.565276004597656,3
SITE-B-SUBURB,25.373984730792,2.9648024286841466,0.0033916129035546114,0.005732853939822325,0.989366724131455,130.85754986454637,MEDIUM_VALUE,64.37717998829044,5
SITE-B-SUBURB,27.882913835908848,3.5191679689507858,0.005925063911733494,0.005715425060307266,0.9911472888325475,97.16129638670193,MEDIUM_VALUE,64.51359881049106,5
SITE-B-SUBURB,42.925657556830494,2.151370457679655,0.004027851134921314,0.009200981856958631,0.97323615840262,104.54631036691941,MEDIUM_VALUE,54.49272962457572,4
SITE-B-SUBURB,36.64197372497611,3.781609818473866,0.0023975699915483274,0.010089785736057823,0.9833910183535904,134.60102917765045,MEDIUM_VALUE,62.674998614594976,4
SITE-B-SUBURB,35.06574931276204,2.877983609411026,0.0038346601448365895,0.0063037021880801005,0.998970290577121,104.86647167290953,MEDIUM_VALUE,10.546692141176472,4
SITE-B-SUBURB,30.939346696164797,4.846628422900217,0.002551304996862548,0.008865067601750123,0.9992435437500106,127.09044609080466,MEDIUM_VALUE,31.63105068225191,5
SITE-B-SUBURB,32.81386477374968,3.1194345172822167,0.005473222270380886,0.010393538952848261,0.9977445014282814,139.1685118270786,MEDIUM_VALUE,62.175785753009144,3
SITE-B-SUBURB,33.13088659428449,3.171725340285229,0.003737437997097065,0.011792778838214786,0.9954633139561947,129.05017621046846,MEDIUM_VALUE,28.77683371835754,5
SITE-B-SUBURB,32.52247483125559,4.329674121268889,0.0010666528010996276,0.013487239760080164,0.9909408904228609,88.79997101523308,MEDIUM_VALUE,25.02005608410098,5
SITE-B-SUBURB,31.224243346285117,3.540594735172726,0.00552834294057486,0.01470574685230706,0.9880857933932379,86.55401212861116,MEDIUM_VALUE,68.70126293307919,3
SITE-B-SUBURB,26.762368113069464,3.997338061108148,0.00433259525430873,0.011608445266017833,0.9917540105072669,80.30823046890411,MEDIUM_VALUE,28.525746830325428,5
SITE-B-SUBURB,31.750977576321784,3.9478492857696486,0.00147542962043727,0.007763983421150663,0.975258914005806,82.84001281987557,MEDIUM_VALUE,38.400060764230275,5
SITE-B-SUBURB,34.643714234718196,2.6185507624067776,0.004959950185142295,0.006116339771982158,0.9931350921551046,119.44969207037002,MEDIUM_VALUE,19.49587594100118,3
SITE-B-SUBURB,32.56921256351064,3.1466516395244617,0.0032739181318382792,0.0117472908454072,0.9704469183947584,89.93721914302486,MEDIUM_VALUE,51.91298055944243,5
SITE-B-SUBURB,41.883704390145716,3.1114297599391727,0.0011814316004789857,0.012683423752846658,0.9773520780332678,139.91112992083944,MEDIUM_VALUE,65.35675214200506,3
SITE-B-SUBURB,42.7066694371395,4.65148570680366,0.0013679676907099583,0.005266955354670899,0.9820299964798014,105.23021574096532,MEDIUM_VALUE,34.5278133527228,4
SITE-B-SUBURB,40.678525658450965,4.364933974074167,0.005650918441574921,0.011765014137328084,0.9963197981770986,85.47480256162208,MEDIUM_VALUE,11.558451757087314,4
SITE-B-SUBURB,34.03015696326593,4.6484298457665965,0.0029274372466850463,0.0061084441131521675,0.9737880324599885,93.73069658042192,MEDIUM_VALUE,61.82192212100933,4
SITE-B-SUBURB,42.184524410165245,4.826698893920783,0.004873093217536487,0.014234326907501104,0.9776558837001051,91.67477763692176,MEDIUM_VALUE,24.507229026265875,4
SITE-B-SUBURB,25.35785716152875,4.792390298067955,0.0020303394586865175,0.011300076706987232,0.9785348990034284,112.39767932987462,MEDIUM_VALUE,36.147265065483396,5
SITE-B-SUBURB,29.01840371183241,2.866106366197049,0.0016924471780864739,0.008248345213530121,0.9950113216173778,137.81346857700623,MEDIUM_VALUE,10.908485003739123,5
SITE-B-SUBURB,41.90345653037983,4.202017548797286,0.0013959357686112559,0.006604420753595859,0.9959620904021146,91.65122585916714,MEDIUM_VALUE,64.48432314596234,3
SITE-B-SUBURB,44.68787352760169,3.5140916155835247,0.0016555717402660227,0.011060629554271544,0.9833607091216923,84.25066360824484,MEDIUM_VALUE,59.111100940822624,4
SITE-B-SUBURB,42.9831456810619,4.8919694998590035,0.0042211656266323075,0.010832043290549005,0.9758484042349992,137.84848414014004,MEDIUM_VALUE,54.091002466976036,5
SITE-B-SUBURB,38.88946613463929,4.524870556580585,0.002715615212335655,0.00611765614803845,0.9997371620243436,81.88999114919007,MEDIUM_VALUE,26.295556688970212,5
SITE-B-SUBURB,34.83808256593963,2.120518429205191,0.0025511783645142507,0.013703416681702153,0.9887621777282494,115.02689102656814,MEDIUM_VALUE,11.095238547685604,3
SITE-B-SUBURB,27.43916848330547,3.1615495690536894,0.002943267734435498,0.009246166187830559,0.979479528829748,126.87130902885754,MEDIUM_VALUE,37.79574174211777,4
SITE-B-SUBURB,43.160016050130494,3.0322183709610915,0.0017179449853503312,0.00855138509551882,0.9961478395576476,101.53658318105376,MEDIUM_VALUE,59.234201912352475,4
SITE-B-SUBURB,30.16877611365189,2.573995172569122,0.0015638488189600032,0.009493564327835411,0.990837935122471,97.6396488864539,MEDIUM_VALUE,67.26761720711306,5
SITE-B-SUBURB,25.284881497309264,4.356450869433088,0.001850077056509167,0.014979884026076334,0.9729500552905429,135.26313136352573,MEDIUM_VALUE,34.090607388766685,3
SITE-B-SUBURB,25.81611814835138,2.6579682312008326,0.0029162975990761264,0.014357552180563823,0.9990304146300983,84.77756345950303,MEDIUM_VALUE,43.71801554978891,3
SITE-B-SUBURB,25.65091430665441,2.3112956875926187,0.00407948931128222,0.010268347286736453,0.997007186479815,134.22179576570935,MEDIUM_VALUE,19.579867891728462,3
SITE-B-SUBURB,41.12649395009271,4.317586448835195,0.0038364329695185864,0.01012279033427431,0.9871327541170654,104.78908385510009,MEDIUM_VALUE,43.90681423313412,4
SITE-B-SUBURB,42.83281942461502,3.0439391822715356,0.0032034760213483083,0.009380589639629313,0.9959956871818374,94.68400981347258,MEDIUM_VALUE,36.365199123947846,4
SITE-B-SUBURB,32.845365253573284,4.566511482379877,0.0036889529558668363,0.005989229909745843,0.9810025811935502,88.78310871156674,MEDIUM_VALUE,36.361550469833645,5
SITE-B-SUBURB,32.28457465501204,3.018123959766898,0.0051468764737557645,0.013973221449054725,0.9926715998524679,125.96805050468109,MEDIUM_VALUE,63.56792779011261,5
SITE-B-SUBURB,28.48770828131229,4.692238203859622,0.001805340017136852,0.007718825568199956,0.9937261639978271,88.58284195074073,MEDIUM_VALUE,67.87071055849195,5
SITE-B-SUBURB,43.63403263995241,2.0002582401406066,0.004181807688594736,0.01425481178729376,0.9862125798569404,112.23952229529576,MEDIUM_VALUE,45.20726925452015,4
SITE-B-SUBURB,36.63360779244501,4.041465406187516,0.005781063227510338,0.0058234710735631644,0.9770239289797301,80.34458865349065,MEDIUM_VALUE,14.010142225644167,4
SITE-B-SUBURB,29.033431681984588,4.706214414630402,0.0025759584948341152,0.011011764529907053,0.9793863753175236,139.26910788906798,MEDIUM_VALUE,21.554860761408943,4
SITE-B-SUBURB,32.396043562274464,2.6410051733449236,0.0013694524431481017,0.008909424417970139,0.9760502726666828,81.40862645913677,MEDIUM_VALUE,63.14207466393778,4
SITE-B-SUBURB,31.86278066101601,2.034694972789006,0.004081050445804854,0.009781617332490649,0.9906902725136931,101.60651750712772,MEDIUM_VALUE,18.411763512002267,4
SITE-B-SUBURB,32.96792712028693,4.629886515287104,0.002633252105295846,0.007224856346025604,0.9755781806999236,95.37406295943576,MEDIUM_VALUE,24.309910298934746,4
SITE-B-SUBURB,35.4373557234097,3.1165493534749373,0.005847306298768265,0.007039073960968866,0.9982091837918565,100.14714914097696,MEDIUM_VALUE,38.99862695209484,4
SITE-B-SUBURB,40.611524527973714,4.840203301614379,0.0036940158908828,0.00817880138543546,0.9902534080522725,121.10851783385905,MEDIUM_VALUE,12.492884732647516,5
SITE-B-SUBURB,27.142378115767368,4.838934047074771,0.004604662871583686,0.013229129237001001,0.975638999247682,138.4685380750525,MEDIUM_VALUE,28.0552251896979,3
SITE-B-SUBURB,32.18604058456681,3.054530162556113,0.0012911883612953569,0.013465010806115608,0.9961050757022167,91.84545353169658,MEDIUM_VALUE,43.05122362427535,3
SITE-B-SUBURB,42.41261718189574,3.134110984248875,0.003545144815441317,0.007440247571266488,0.9840391965580851,98.73953956390578,MEDIUM_VALUE,59.45561232751279,5
SITE-B-SUBURB,25.65940892897156,4.702289155827716,0.0018609547302232896,0.010492091629380444,0.991271174654743,99.60775934066314,MEDIUM_VALUE,65.74180973279738,3
SITE-B-SUBURB,31.757691039707602,2.5909634352626516,0.0013266745225631229,0.013997672898595898,0.9764811022861948,133.84832662845517,MEDIUM_VALUE,37.38085228281683,5
SITE-B-SUBURB,26.73762430887701,4.565762325931539,0.005896674348474883,0.012108657373531818,0.9740093343706484,139.85142191643712,MEDIUM_VALUE,58.07241199586077,5
SITE-B-SUBURB,29.200619629631653,4.9114164055548954,0.0014312185362838066,0.006298292330763658,0.9704487422192376,115.54066576054691,MEDIUM_VALUE,34.23162846415299,4
SITE-B-SUBURB,34.861314917639596,4.6429111569317865,0.0014605401988343671,0.011388743748665685,0.9750593657024755,110.64571218126663,MEDIUM_VALUE,30.562252092466316,3
SITE-B-SUBURB,30.516553598796992,2.036724601566618,0.0038920669464394693,0.009434480296486929,0.9907403496570396,91.08407720581029,MEDIUM_VALUE,69.0171737112467,4
SITE-B-SUBURB,28.918436266123955,3.9246461305983114,0.0016699822699949964,0.007605543677014044,0.9850514983940875,125.38114983608764,MEDIUM_VALUE,61.86919027080001,3
SITE-B-SUBURB,31.335448947870066,3.97318243462951,0.0011156843088861986,0.013906363800055672,0.9901519013102427,134.13388517018322,MEDIUM_VALUE,22.623038149849556,3
SITE-B-SUBURB,39.87433506874068,2.0757474620411123,0.005205525743716953,0.012077894332561984,0.993642193537673,89.75039818240761,MEDIUM_VALUE,56.62289525501003,4
SITE-B-SUBURB,36.339642797431296,2.449737198411797,0.0016601424648247723,0.01357720843902355,0.9819549561567895,96.32281965197876,MEDIUM_VALUE,32.09367951644383,3
SITE-B-SUBURB,27.727202718234846,2.4858259386409745,0.004248205957869354,0.0139430529856516,0.9901564142292396,136.7036056475397,MEDIUM_VALUE,26.984857923058662,5
SITE-B-SUBURB,32.08149114512363,3.118182532510711,0.002793512712794684,0.00768695206702243,0.993782152450372,96.99836388083678,MEDIUM_VALUE,34.98185500686523,4
SITE-B-SUBURB,44.92526650072004,2.9882768378666027,0.004454997716892032,0.008276465951164408,0.9940134747232926,103.26072327466993,MEDIUM_VALUE,11.2884907105817,4
SITE-B-SUBURB,35.46200469110421,3.0126971716339557,0.002323577267288484,0.007926189335382902,0.9700582535879397,123.84092770158624,MEDIUM_VALUE,42.86220402062298,4
SITE-B-SUBURB,36.390049424431616,3.1431656478670287,0.0032936046678876084,0.009763114748276947,0.9975251554204948,100.90328332668614,MEDIUM_VALUE,19.14560633692964,4
SITE-B-SUBURB,26.675869307782833,3.0117731326163457,0.00386170600641237,0.010824943858424559,0.9918369060791666,119.56367801670294,MEDIUM_VALUE,15.002059029652768,5
SITE-B-SUBURB,32.407722450324606,2.3386062484530807,0.003942375034609327,0.012746368588579205,0.9712868141489073,111.79768819439781,MEDIUM_VALUE,17.171327654805637,4
SITE-B-SUBURB,40.52769908381019,3.6755103122924466,0.0013296202856759613,0.010157933079846363,0.9772286884169274,92.43616709527998,MEDIUM_VALUE,50.03164620002748,4
SITE-B-SUBURB,43.56436365451752,4.7494854373592155,0.005266293142354677,0.00910308678540046,0.9971417359111087,84.32410357319804,MEDIUM_VALUE,56.54596840444951,4
SITE-B-SUBURB,32.179622340157096,4.59704721418503,0.0011484827515609456,0.010752012462059044,0.9720879234034926,97.67784511507936,MEDIUM_VALUE,43.88228603303345,3
SITE-B-SUBURB,38.88504356656337,3.5383225184558245,0.002118367131859121,0.010379143718942286,0.9833754228264755,82.01931734750687,MEDIUM_VALUE,52.570109346264445,3
SITE-B-SUBURB,39.29226298326036,4.730409746863941,0.00570791631563622,0.008703567348091855,0.9892931481961909,116.46564482713976,MEDIUM_VALUE,13.143239224227514,3
SITE-B-SUBURB,30.45096537649767,3.274588587353895,0.004103293710951859,0.01004443249408164,0.9783985808835687,132.3884490543859,MEDIUM_VALUE,15.627777569858601,5
SITE-B-SUBURB,37.05529049312929,2.5546250125141983,0.0056241356164484025,0.014364474254588824,0.9914096885128388,133.0492699050546,MEDIUM_VALUE,55.982508475143376,4
SITE-B-SUBURB,39.95056139693259,4.732278678341267,0.002084350852373405,0.01229285913832538,0.9753808248765716,107.65525165119271,MEDIUM_VALUE,30.390442013347215,4
SITE-B-SUBURB,37.676394232670084,3.916922681611623,0.005511733870115524,0.013397396303940039,0.9719543548400491,90.390840315153,MEDIUM_VALUE,12.68484960845897,3
SITE-B-SUBURB,31.924982808833185,4.925111060532584,0.0020715762432345864,0.014564829674021045,0.9926959033491649,125.73231891376447,MEDIUM_VALUE,46.45654512642169,5
SITE-B-SUBURB,42.69415306783746,2.702984868921793,0.005344660517031026,0.013808676102556098,0.9881930835923264,119.68049699950893,MEDIUM_VALUE,23.728279724273964,3
SITE-B-SUBURB,36.73768342049226,2.9484081430449267,0.0012113019485387485,0.014496040121390347,0.9941784799279131,101.90954731373616,MEDIUM_VALUE,41.92568113131048,4
SITE-B-SUBURB,36.821917414858085,4.873879609365983,0.003792223348328388,0.012235300977208511,0.9940944720450735,86.02991544761375,MEDIUM_VALUE,44.91060906194307,3
SITE-B-SUBURB,41.47979197648353,4.765829513121854,0.001811487392998243,0.012776559338860797,0.9783703981354442,132.54976456724438,MEDIUM_VALUE,57.05723993802587,5
SITE-B-SUBURB,32.500403483555324,3.7379775822994037,0.003347247624120486,0.014413664626293336,0.9866158326019469,84.65294600730947,MEDIUM_VALUE,42.126673931894665,3
SITE-B-SUBURB,27.7208035205976,3.47257889073648,0.0033073428977065007,0.005689782107279516,0.9802157043283509,97.22176902586406,MEDIUM_VALUE,27.20126967755713,3
SITE-B-SUBURB,33.86080785732592,2.103668107846331,0.0011631130097825367,0.007350167707721709,0.9914897196968384,136.20171549180702,MEDIUM_VALUE,55.31589447468408,4
SITE-B-SUBURB,41.49835016997392,4.45911284528929,0.005220641836518975,0.012272719041279263,0.9778296250824117,109.69954472573288,MEDIUM_VALUE,36.40039800894588,3
SITE-B-SUBURB,25.696031418260574,3.6215792725468985,0.002324123088641903,0.014524483084384754,0.9899940483803923,128.5871923011049,MEDIUM_VALUE,11.943091733903193,5
SITE-B-SUBURB,41.06036223938316,3.384712040461778,0.002262038351661544,0.009868464033641585,0.9865012195886617,106.03089288538376,MEDIUM_VALUE,29.09183279089414,5
SITE-B-SUBURB,38.37393797699622,4.675006386466376,0.002342090284329199,0.01382461685307992,0.9716475800480159,121.27736318926735,LOW_VALUE,30.66359904370597,4
SITE-B-SUBURB,32.093190376044454,2.2414341523538646,0.001830564821896065,0.01486929340747677,0.9824808931679211,137.01441419265822,LOW_VALUE,41.18119161144053,4
SITE-B-SUBURB,42.97814091154845,3.3345918541795077,0.005956556518371909,0.009775174510610583,0.9777592863522666,90.55052351755775,LOW_VALUE,14.313377839983072,5
SITE-B-SUBURB,38.64197824952303,3.0882894526261575,0.005368629116144254,0.0069787159633842724,0.998018402750791,91.41327596265104,LOW_VALUE,26.201165961412794,3
SITE-B-SUBURB,31.797010989026788,2.788283167600973,0.0030750190957380837,0.013027998272359568,0.9721374684150741,94.64315879642015,LOW_VALUE,13.188163599731624,3
SITE-B-SUBURB,27.39429816815664,3.5288034670205644,0.00534152715572299,0.008159303113547059,0.973469774860128,95.98701138229424,LOW_VALUE,66.38062378637477,5
SITE-B-SUBURB,26.90107690808444,4.591925472269184,0.0016028269042843626,0.006634716444237426,0.993164004000651,118.37213323204631,LOW_VALUE,29.24454986125706,4
SITE-B-SUBURB,27.95922187586774,4.643710423977179,0.003878616220641615,0.014461752614724568,0.9878799048401415,114.3115826979618,LOW_VALUE,61.47734455362849,5
SITE-B-SUBURB,36.65743310949509,2.260195717643123,0.004059138816085385,0.007935795097634937,0.9891368516631891,139.88468364158504,LOW_VALUE,46.601450032122926,5
SITE-B-SUBURB,32.08585130553142,2.035124319675159,0.0012340489831693933,0.005183115146450839,0.9765363654415906,96.2420535726873,LOW_VALUE,29.289454601759804,5
SITE-B-SUBURB,38.0870880024717,4.246703779192402,0.0048438403984068425,0.01251971240028222,0.995648416351771,123.26945581984006,LOW_VALUE,37.54241504419909,3
SITE-B-SUBURB,26.629770284232553,2.04003655527486,0.005285306236481668,0.006486809316002547,0.9959291509710642,103.96665447945848,LOW_VALUE,13.595241887807234,4
SITE-B-SUBURB,41.58004522656347,4.1433242692790975,0.00598829873126299,0.010418331974818628,0.9979024989537956,110.37843719268074,LOW_VALUE,25.692068264795708,5
SITE-B-SUBURB,38.198538514890075,4.669454053781184,0.0050806171573811966,0.014306033668193639,0.9861114418028569,107.65135053601867,LOW_VALUE,41.523476437237846,4
SITE-B-SUBURB,43.66409011174442,3.098691211473666,0.0013016756142640693,0.008919538024710825,0.9894923010205692,129.97127425624996,LOW_VALUE,66.57777624372562,3
SITE-B-SUBURB,41.26616171555399,4.437209954349999,0.0050440598314109904,0.010994179681809182,0.9983465676006155,133.48923373800386,LOW_VALUE,10.464291332980295,5
SITE-B-SUBURB,27.426828037758057,4.97682329458793,0.004331848980090081,0.006400813254797925,0.9973281852058086,85.35442648688284,LOW_VALUE,42.2654458648364,4
SITE-B-SUBURB,30.76860705602671,2.7175040630552463,0.0014335897128173766,0.008771679627496622,0.9730064556083253,117.45163136937327,LOW_VALUE,29.290172285767014,4
SITE-B-SUBURB,40.33834024909558,4.812576435701925,0.005434829906944377,0.012395117425712612,0.9934143669585948,85.52253605177391,LOW_VALUE,68.33625829827017,4
SITE-B-SUBURB,35.86256775603282,4.022154819865632,0.0019370341595549042,0.00969969089792553,0.9736572705170823,135.1244581116267,LOW_VALUE,39.98885591693479,4
SITE-B-SUBURB,27.64941105381286,4.909426701632862,0.003903774705623385,0.012551780751225795,0.9940951695840705,121.75746581551022,LOW_VALUE,36.61872277761609,4
SITE-B-SUBURB,26.030794715591995,3.871887649622433,0.001550521764468316,0.008692594125357368,0.9966875393790747,134.24424184707075,LOW_VALUE,59.322546305256814,3
SITE-B-SUBURB,28.86434700139437,4.824601166276786,0.001700352562384462,0.014183933864693996,0.9924632071472941,138.24787176877695,LOW_VALUE,69.05072804829638,3
SITE-B-SUBURB,31.243559656790907,4.754944573483919,0.002567532926450614,0.008326785182133412,0.9870693391182681,88.50623241341704,LOW_VALUE,37.36475217828024,4
SITE-B-SUBURB,27.754354740579238,3.359282682619897,0.0055364084416988325,0.0142024575890177,0.9987499495590243,123.50675232486125,LOW_VALUE,54.790395627076165,5
SITE-B-SUBURB,42.89243146472745,2.4023405462539653,0.0018325549206633348,0.006182677426706559,0.9822528959860775,83.5898150891438,LOW_VALUE,52.224566710587204,4
SITE-B-SUBURB,28.6549023202979,4.067927260489833,0.0038180010254560146,0.01191752748358731,0.9910733776711905,127.17187721115951,LOW_VALUE,38.73504105793069,4
SITE-B-SUBURB,30.014309406614444,3.503326009795258,0.0014476451078270882,0.01454607840904936,0.9978728200323148,84.41424639067381,LOW_VALUE,10.650150842915387,4
SITE-B-SUBURB,32.90108064121911,3.5803378458953263,0.0033959269114604666,0.008374673524090468,0.9886731101994681,104.03328623164455,LOW_VALUE,34.35901016881593,3
SITE-B-SUBURB,36.86589265788475,2.249061740410239,0.005291035905178212,0.00977412957754561,0.9806361180058198,119.66750564940965,LOW_VALUE,63.125947392994995,3
SITE-B-SUBURB,28.37451837250666,3.2039782519230435,0.005868002798120007,0.013639191678697697,0.9817316678939388,101.73353245020911,LOW_VALUE,58.95498519524621,5
SITE-B-SUBURB,27.37418558780976,3.7132447737932956,0.003841738856497859,0.010693451370853382,0.9929542404013681,132.87843496506284,LOW_VALUE,33.99512297107007,3
SITE-B-SUBURB,31.516882727746015,4.548919505580999,0.0022239931712001123,0.01375107396931402,0.9912118606415832,130.79973514921443,LOW_VALUE,48.227202490673086,4
SITE-B-SUBURB,39.29510986350492,3.488573646447188,0.001918671035297098,0.006020929657377319,0.9778883120859325,87.52414138745269,LOW_VALUE,18.139594523536992,3
SITE-B-SUBURB,41.871043375080205,4.851839947614715,0.005973971431885718,0.01059405597347525,0.9869806206379393,83.57385706758552,LOW_VALUE,17.11273285457441,3
SITE-B-SUBURB,36.41794356274427,3.7000595808991683,0.0047665044385015905,0.013132297251663354,0.9913065420796522,80.64919365264115,LOW_VALUE,42.63405789961264,5
SITE-B-SUBURB,41.71029306238635,4.458845749494801,0.005744494214339416,0.010193960277728453,0.9856665109391303,81.48300682417866,LOW_VALUE,40.76573048774334,3
SITE-B-SUBURB,43.35844802372816,4.654689628069759,0.0013122095738355697,0.006418751207497713,0.9814728657696381,126.79617562046245,LOW_VALUE,19.973688298757935,4
SITE-B-SUBURB,40.48069132676838,3.7784742271020435,0.005387587219902182,0.00842371663451785,0.9820714215617162,83.61295532652211,LOW_VALUE,41.08199918994599,5
SITE-B-SUBURB,35.2651619154461,3.5643636876438096,0.005576380380627864,0.012666903529997796,0.9794288358593684,136.6854117835386,LOW_VALUE,53.48798174697079,5
SITE-B-SUBURB,31.021509310557388,2.6340484095774044,0.004378342663867794,0.010069431776949151,0.9879673456100386,87.75650940793635,LOW_VALUE,55.946108524084735,5
SITE-B-SUBURB,33.39658240611536,2.913967178708415,0.005874522466628163,0.014748788967781354,0.9737419022414329,112.43525600325884,LOW_VALUE,36.21217705126918,5
SITE-B-SUBURB,30.60404048450875,3.556852361952341,0.0043406149901576326,0.008665934058610436,0.9792253886957951,131.79993885874694,LOW_VALUE,49.472117594338684,3
SITE-B-SUBURB,28.123674513612453,3.15424713260571,0.005695692767484009,0.013306693126620535,0.9763012744635742,116.36385254806154,LOW_VALUE,10.312580898640363,3
SITE-B-SUBURB,43.14305456635449,4.826283131499628,0.0020824537357446342,0.00842618515173702,0.9790336280828484,91.16544945205683,LOW_VALUE,51.006780235133505,5
SITE-B-SUBURB,25.100501097640322,2.6588040984903905,0.004304827140106722,0.012016888342389818,0.9704965689871109,112.99849859421217,LOW_VALUE,48.32452841987566,4
SITE-B-SUBURB,37.73831437545275,3.954290621789228,0.004901269839431456,0.008352212863478696,0.9955297745733744,106.49662732402311,LOW_VALUE,13.629274325384849,5
SITE-B-SUBURB,31.853452786031262,3.9054764145302934,0.0028662442068777775,0.009978881714485834,0.9866609197715432,122.48359057002264,LOW_VALUE,27.77862742804396,4
SITE-B-SUBURB,38.39551646144706,2.698961278842037,0.004955242266754537,0.007313240266669237,0.9721557336326953,82.30310728072595,LOW_VALUE,45.915027613525545,3
SITE-B-SUBURB,36.491349456362315,2.9321754121787125,0.0031976077732529876,0.013701665891854616,0.9977062139218045,82.58605079130044,LOW_VALUE,66.89228483513827,3
SITE-B-SUBURB,35.09719975557283,4.218861377389999,0.005647639796937595,0.006883836846952459,0.9814625895834868,133.22858504070598,LOW_VALUE,41.161801568000506,4
SITE-B-SUBURB,41.75984014797065,4.995558808828186,0.004303941374420646,0.0056702271686447795,0.9970794323799463,91.10500697829977,LOW_VALUE,19.404440851212446,5
SITE-B-SUBURB,32.37949714070064,2.62083372329502,0.0016974315553953876,0.01138161635073419,0.9973002579346816,95.81808895293501,LOW_VALUE,32.44204656286678,3
SITE-B-SUBURB,30.99935025544449,3.479740133721748,0.005563709567597885,0.00617016102673964,0.9860426227799577,92.78547367114055,LOW_VALUE,56.39848453987,4
SITE-B-SUBURB,29.163645622589847,4.432337920980171,0.0030144829828081783,0.014307951068546917,0.9808873377550659,109.58127185043116,LOW_VALUE,16.40176248115788,5
SITE-B-SUBURB,33.310683797767354,4.678446135088893,0.003932270762530495,0.013096262214444338,0.9956021357794923,85.40742801692096,LOW_VALUE,28.892926531411604,3
SITE-B-SUBURB,41.644555263190185,4.267137500794969,0.003820125182824007,0.009038402464888776,0.9849655713927232,80.89255455581751,LOW_VALUE,17.717234928743963,4
SITE-B-SUBURB,27.802466705205532,2.6909814737033084,0.005032541921586731,0.01268165483139463,0.9919259921685832,113.98226495080814,LOW_VALUE,65.30675425211842,4
SITE-B-SUBURB,29.59443264463722,3.8613874705180606,0.003103970512806754,0.014419669334864153,0.9803044821502811,94.29430221904775,LOW_VALUE,56.08060131628078,4
SITE-B-SUBURB,39.37596980979475,4.350236659423067,0.0019599250224558024,0.011049320718214477,0.9861138972560365,134.57174915239187,LOW_VALUE,33.8438302301097,5
SITE-B-SUBURB,29.91393746287504,2.9222388998355746,0.0035604622663429515,0.014832443437050778,0.9909382566818552,123.20358900201083,LOW_VALUE,38.00875362187735,4
SITE-B-SUBURB,43.62968117362435,3.351499180418244,0.001627393214576334,0.01280026178011227,0.9760538688642528,103.40744793581625,LOW_VALUE,46.72384762126859,4
SITE-B-SUBURB,41.63905779719521,2.020412404555147,0.004260370262254093,0.006362282798215113,0.9889368322587251,116.2928683570567,LOW_VALUE,40.98661246236127,5
SITE-B-SUBURB,35.81770943533018,4.871303747847188,0.002761009391119922,0.009713576939379258,0.9744205878240243,103.31211177373595,LOW_VALUE,13.104129554545722,4
SITE-B-SUBURB,43.190524460212686,3.035921269959532,0.005688229265464333,0.006351130572317672,0.9898436053214447,116.15378349391364,LOW_VALUE,49.67070050110428,3
SITE-B-SUBURB,26.49231106806129,4.217898002770367,0.0011303296890049837,0.00801424053225407,0.9954204116744878,114.22152704836813,LOW_VALUE,65.85781348334821,5
SITE-B-SUBURB,42.24022646389394,3.2697462170177056,0.0024076842956200764,0.007037158000047061,0.9712687107245708,122.97911807683656,LOW_VALUE,58.36280635665118,3
SITE-B-SUBURB,34.83349300098347,4.492322077751091,0.004197309466433076,0.009166152037506536,0.9984821142380681,105.36412825114247,LOW_VALUE,28.73949318726436,3
SITE-B-SUBURB,34.94475246767422,3.0404658249914824,0.002960519594894047,0.009969864115070799,0.9723247818625497,116.21042802030013,LOW_VALUE,44.95201072109632,4
SITE-B-SUBURB,29.85845292373977,2.1228729241651205,0.004539251337722351,0.008689343870377838,0.987927565843158,96.2469754873531,LOW_VALUE,30.90763065373385,5
SITE-B-SUBURB,30.259348491136283,3.477982835553913,0.004238890369688145,0.007353937379410211,0.9794824156135544,107.74492328290562,LOW_VALUE,51.78530072438368,4
SITE-B-SUBURB,26.244740154578363,3.556713345500454,0.0032710438366396056,0.01496980736074675,0.987404364958683,82.7712201392125,LOW_VALUE,48.63113888343217,4
SITE-B-SUBURB,26.657042079216623,3.1173970090677905,0.0011754632909785193,0.011008254596853631,0.9751837199015615,136.6564667102559,LOW_VALUE,21.60307720398288,4
SITE-B-SUBURB,43.27620609660985,3.553984014430555,0.0033208662148592086,0.008890665370823338,0.9924703475850745,91.27622144589267,LOW_VALUE,31.26983237727712,5
SITE-B-SUBURB,26.17386453734056,3.2819940702239947,0.0019567523373296,0.014195524645790762,0.9835163009362283,93.36982270647006,LOW_VALUE,26.418358827945834,4
SITE-B-SUBURB,26.78004992384018,2.159816306952675,0.004582465901384482,0.00604893099311279,0.9952489485191041,138.06251634050528,LOW_VALUE,64.86081788691263,3
SITE-B-SUBURB,28.531759176868622,4.378902427032679,0.003986926919369131,0.014457559853221256,0.978795524040035,116.31678096792689,LOW_VALUE,46.96917649099889,5
SITE-B-SUBURB,37.004902385751336,4.17559455752873,0.005034122535197406,0.013558099418046202,0.9707975187276332,125.51246811175065,LOW_VALUE,29.46472263457299,3
SITE-B-SUBURB,40.30883485237073,2.4537495195221424,0.0028807239667583582,0.009062191786582036,0.990864207535167,116.94732765325676,LOW_VALUE,58.82435357635016,3
SITE-B-SUBURB,30.68843886819367,4.207763145841961,0.0021975312911638456,0.013437096804050135,0.9793144777725143,120.01939175712093,LOW_VALUE,13.313737342351663,3
SITE-B-SUBURB,43.323669698993974,2.3373217113807936,0.0030559954915948327,0.008892779184712036,0.9791033598384996,112.16387896595066,LOW_VALUE,41.476354593790916,4
SITE-B-SUBURB,44.44179410658817,4.402190533759988,0.004616845503056466,0.00697821713868154,0.9763670526436753,80.74623744438415,LOW_VALUE,15.577190239469802,5
SITE-B-SUBURB,40.65685844373225,2.170613742045347,0.00234737712549946,0.00883363355947638,0.9747156783113342,100.37766837349479,LOW_VALUE,25.13357525979937,5
SITE-B-SUBURB,28.570484077482575,2.076843542992291,0.0055433813191881395,0.012427037034019149,0.9931045815010723,95.28328171153657,LOW_VALUE,66.37703655286029,4
SITE-B-SUBURB,41.66486724512838,3.225192450200602,0.0024471683071635303,0.012930280874772136,0.970624999653524,114.34441546962032,LOW_VALUE,62.0718859980056,4
SITE-B-SUBURB,43.489870217774396,3.286291099800355,0.0010784783549912754,0.008496875992871432,0.9781100525945255,114.70517731871757,LOW_VALUE,53.50176480737592,5
SITE-B-SUBURB,44.59877206693084,2.9575724017468152,0.0028143311745169536,0.005864499096871316,0.9949898497323383,109.91962063999557,LOW_VALUE,23.99020814801377,3
SITE-B-SUBURB,34.69522124611748,4.4520369661938695,0.002147771408653025,0.010068821437131784,0.9833474342239192,86.02054317306965,LOW_VALUE,18.281222310967735,4
SITE-B-SUBURB,29.815152566666224,3.3041515066043807,0.003777456146650964,0.012452610169121248,0.9973033743290691,85.49187848196426,LOW_VALUE,68.415392306071,4
SITE-B-SUBURB,40.61303065010527,2.9965009251587302,0.00465091486973775,0.011855570858900655,0.9705765561199265,132.29719219571052,LOW_VALUE,12.625495663252506,4
SITE-B-SUBURB,34.850068881174074,2.651812739705798,0.003958454566254066,0.006820545395406409,0.9882741391733991,126.1952907983372,LOW_VALUE,45.6187436649002,3
SITE-B-SUBURB,32.62945309020733,4.005499521889105,0.003237383292794138,0.014154592179434343,0.972849230104271,132.17247182331795,LOW_VALUE,10.805527997430822,5
SITE-B-SUBURB,42.109574476396894,2.2559551597258722,0.004485504796175816,0.0060159187887919175,0.9934114009880478,93.35422572972435,LOW_VALUE,14.218574550433331,4
SITE-B-SUBURB,36.530345046720164,4.54210337892353,0.004959944105639073,0.0059428483749799236,0.9728895282054068,122.8915218195651,LOW_VALUE,60.74281616496471,5
SITE-B-SUBURB,28.606647894699137,4.6607359147733405,0.0011317595463893834,0.01268545190974182,0.9888265416476345,103.10653957106493,LOW_VALUE,32.93582172240109,4
SITE-B-SUBURB,34.51182329323823,3.5010337159553444,0.001825463070701804,0.005135108210499851,0.9858069006118727,91.43027193862105,LOW_VALUE,15.899846700000495,3
SITE-B-SUBURB,30.04568291957157,2.433396567508601,0.005326216303864542,0.007905457281527839,0.9894312296436334,80.58553387830216,LOW_VALUE,49.67266417457832,3
SITE-B-SUBURB,40.1010910788239,4.2914548822703695,0.0030890252099910307,0.009773459754750942,0.9970447508431128,94.20248246255333,LOW_VALUE,40.332189083770515,5
SITE-B-SUBURB,39.58344265423095,3.0126161305352355,0.0033598874039889827,0.005353901175777001,0.9904670109912412,90.0307234750213,LOW_VALUE,25.528449845049778,3
SITE-B-SUBURB,39.36314915350192,3.1980116180615883,0.00596943761634518,0.012993341124599093,0.9977080676744013,121.22749589159095,LOW_VALUE,23.799731172884904,3
SITE-B-SUBURB,31.475754738007485,3.0908772726355,0.0020124294984709204,0.009667092518108497,0.9937321241784919,111.31115411560263,LOW_VALUE,19.975463475360264,5
SITE-B-SUBURB,44.30262452757659,3.423589435034163,0.0017084005824867417,0.012304364325996787,0.9861731639416876,128.49041667299844,LOW_VALUE,46.34057592830602,5
SITE-B-SUBURB,42.43874339265649,2.04308835272367,0.004252336682322825,0.011016978211044786,0.9933640143035836,93.12266969127396,LOW_VALUE,45.1251294625899,3
SITE-B-SUBURB,40.09473007208523,2.2390988896393695,0.0017880547941888966,0.014452483397713045,0.9921305722594176,95.12536238043387,LOW_VALUE,28.73506221048811,3
SITE-B-SUBURB,33.68027433745084,2.7003433321984827,0.0017013044472073621,0.01469886892338667,0.9763533822834075,124.8797804170849,LOW_VALUE,53.09221542470995,3
SITE-B-SUBURB,31.06008165180538,2.66713011119508,0.004083032017616634,0.014954166405618828,0.9816609964686913,93.10911589085634,LOW_VALUE,40.48860864961949,5
SITE-B-SUBURB,28.7969893836302,3.040970602032964,0.004676300384583549,0.007424671200430477,0.9834484378505091,118.61262933382388,LOW_VALUE,19.55266575173798,4
SITE-B-SUBURB,44.29711606926927,4.6034223685894515,0.005423916707004898,0.010723962393753025,0.9851320026399946,86.52490833905229,LOW_VALUE,24.40524267719544,3
SITE-B-SUBURB,27.248714971464587,3.596828466326571,0.003178460899432065,0.006726154734305183,0.9729652897632821,114.46083587892717,LOW_VALUE,18.46804123839434,5
SITE-B-SUBURB,29.511193392407357,4.408849665552287,0.004288328824203075,0.010171712835453529,0.9767606108598301,108.0527668989697,LOW_VALUE,10.594530561260061,3
SITE-B-SUBURB,31.505648473760708,3.4381925143242413,0.0014583111698223863,0.010800334389067296,0.9832758409731475,83.24795334365263,LOW_VALUE,18.830339229720455,3
SITE-B-SUBURB,42.94093414855582,2.1706830646335766,0.003810966499334477,0.007844232146318466,0.981651155490072,135.3424908372139,LOW_VALUE,47.785342198378714,4
SITE-C-INDUSTRIAL,187.80798373768903,18.98553401829865,0.08965500237205505,0.17861961312043076,0.6024479250640249,25.767573473065045,HIGH_VALUE,-50.56860042258687,2
SITE-C-INDUSTRIAL,26.570492346256962,4.345170886431561,0.0034910743688775815,0.013611494716808874,0.988626599221527,136.8227176847904,HIGH_VALUE,40.88900104158943,3
SITE-C-INDUSTRIAL,193.89967531110048,23.939973638285394,0.08200976191606327,0.20995786029341712,0.7105337940386086,20.260941882231077,HIGH_VALUE,-23.149496106114086,2
SITE-C-INDUSTRIAL,161.10940436609607,22.88390810404547,0.051561567073650734,0.12309450952862955,0.7358473900188771,34.827582831380816,HIGH_VALUE,-65.37610683888832,2
SITE-C-INDUSTRIAL,25.56190469850993,4.01626463963771,0.0036348436678102667,0.009946782585858018,0.9700057135895812,114.05449100720853,HIGH_VALUE,46.987554167122546,3
SITE-C-INDUSTRIAL,41.21745433134723,2.1773272988391783,0.005384765198249894,0.010235224563863603,0.9960751932568973,134.5088044918183,HIGH_VALUE,14.867215235171983,5
SITE-C-INDUSTRIAL,160.45194550361163,21.02183358837398,0.0869152657350157,0.1252568371071437,0.6596446143704131,27.374752885149455,HIGH_VALUE,-70.60194368256317,2
SITE-C-INDUSTRIAL,27.293397150878295,2.312993562680017,0.0034394742953385406,0.01456709582388032,0.9949316237704173,119.86472337563222,HIGH_VALUE,33.7787374341419,5
SITE-C-INDUSTRIAL,34.484463418111616,2.4156720981525446,0.003991404591833067,0.005930623803058949,0.9959568742782947,110.17321886413575,HIGH_VALUE,54.24482460757956,3
SITE-C-INDUSTRIAL,40.827356174168884,4.356842622722645,0.0029283634351612263,0.005286932929352969,0.977614917917365,119.02999826140203,HIGH_VALUE,28.985909332166845,5
SITE-C-INDUSTRIAL,31.30918148436028,4.125286305369382,0.0016124927391266133,0.00955278697897549,0.9940648077204987,134.61593914404847,HIGH_VALUE,14.332373247124764,4
SITE-C-INDUSTRIAL,25.464277690069633,4.441427200892039,0.0012143365137687703,0.011775543408378768,0.9996377965578169,85.12667154137847,HIGH_VALUE,54.773668105231884,5
SITE-C-INDUSTRIAL,166.7104541693019,18.466156471964435,0.06790837017335973,0.2337244525164589,0.7209860954843875,24.49139764721293,HIGH_VALUE,-71.91127296207623,2
SITE-C-INDUSTRIAL,122.29019651144174,22.329606438784317,0.07520991064985386,0.1243490361513088,0.6519466650340983,30.12317053439633,HIGH_VALUE,-55.92938494279338,1
SITE-C-INDUSTRIAL,138.37866515884463,21.02705713386968,0.04666799049610326,0.20225424544724352,0.6891061394513469,27.686075455914313,HIGH_VALUE,-26.888277016492317,1
SITE-C-INDUSTRIAL,158.52731102028926,18.25348325705435,0.07412795254523238,0.14135402607341344,0.6125623250614485,34.14295575218067,HIGH_VALUE,-71.17046182443374,1
SITE-C-INDUSTRIAL,147.6556097043175,18.443643260672932,0.05000709190506541,0.20071999992615755,0.6296285481355346,23.554902079346437,HIGH_VALUE,-25.1276472038708,1
SITE-C-INDUSTRIAL,42.75097849676659,3.8066523989110714,0.004999330272224374,0.014554265048451778,0.9956226722065009,114.55617873925377,HIGH_VALUE,27.484278969303098,5
SITE-C-INDUSTRIAL,39.42395803672022,4.15871868765774,0.002989057323730148,0.012495926194128558,0.9799643690671654,87.68323282804346,HIGH_VALUE,67.48750324593281,5
SITE-C-INDUSTRIAL,164.01235001557808,15.154692827755806,0.08761853702822958,0.17311051481157608,0.6582939460023319,22.022948836944508,HIGH_VALUE,-70.30860441747375,2
SITE-C-INDUSTRIAL,38.468356535050944,4.936795706601024,0.004498648438049194,0.011110857558601674,0.9881373317212317,96.49572244818462,HIGH_VALUE,32.18768269488517,3
SITE-C-INDUSTRIAL,144.18802962196318,16.67944830162277,0.04180249687484271,0.187707264010612,0.6940204088126187,28.39457902559662,HIGH_VALUE,-52.11727673209917,2
SITE-C-INDUSTRIAL,188.88437446148203,15.392236225267931,0.041079960957973206,0.12335784396383485,0.6315870183393614,25.526361586329212,HIGH_VALUE,-13.768524052579693,1
SITE-C-INDUSTRIAL,175.91271513601544,24.476063060038832,0.08564659216601564,0.17634050094493178,0.6479114954380474,20.91857352913466,HIGH_VALUE,-39.95933166114212,1
SITE-C-INDUSTRIAL,30.543631482482063,3.967917998827356,0.0025294661376119125,0.012665968748161758,0.9721554034962211,111.28312155398655,HIGH_VALUE,67.00556973047749,4
SITE-C-INDUSTRIAL,43.94628019993253,4.289024504733614,0.0050206692678559355,0.012346457123607253,0.9853112126524396,127.37586608435745,HIGH_VALUE,57.31293834085136,4
SITE-C-INDUSTRIAL,25.14069990321079,2.1100587736027987,0.003319600261411062,0.012176372184127,0.9825737165325573,102.90485111546303,HIGH_VALUE,11.218532171499573,4
SITE-C-INDUSTRIAL,37.31601466402641,2.7353362842519466,0.004178774146765825,0.008701176811278449,0.980981421661239,83.36445432523632,HIGH_VALUE,52.83814121736912,4
SITE-C-INDUSTRIAL,187.22612895316968,15.064650665991618,0.0789229975919111,0.17243423018383647,0.69762433767612,27.35320926521046,HIGH_VALUE,-67.08464846996856,1
SITE-C-INDUSTRIAL,43.172818056097796,2.4218258521940346,0.0023760073416027134,0.014812752294878027,0.9906119137980941,135.0167285235221,HIGH_VALUE,33.13345230798338,3
SITE-C-INDUSTRIAL,39.20456970137891,4.232923929218599,0.0033821293706721833,0.007932371854086798,0.9809334202246115,88.6027430457171,HIGH_VALUE,14.721412625866016,5
SITE-C-INDUSTRIAL,31.618275039619824,3.6821788014301706,0.005118814059263219,0.006050721733773706,0.981113117275253,102.19962568399525,HIGH_VALUE,52.71162162966826,4
SITE-C-INDUSTRIAL,25.15206863156117,3.633449420703316,0.0010151653930460676,0.00800751424032042,0.9820008181722657,96.853863427001,HIGH_VALUE,34.763357668050716,5
SITE-C-INDUSTRIAL,140.00286268463324,18.901547647797784,0.05096767470545099,0.18303846654374412,0.6437657882550657,20.458344350070988,HIGH_VALUE,-10.095151064820612,1
SITE-C-INDUSTRIAL,183.35561916360308,17.874846503527856,0.04355632676857552,0.23837474285820348,0.665239091389245,23.94439818174922,HIGH_VALUE,-53.377192372540414,2
SITE-C-INDUSTRIAL,30.56790225546048,2.7107822397027364,0.003828631215783641,0.006205218037406531,0.9768675973436027,128.32614227552648,HIGH_VALUE,53.52398382677059,5
SITE-C-INDUSTRIAL,155.78345600427002,18.986511273018955,0.07693845344457624,0.18385482993765273,0.7159128788654355,32.62379553619732,HIGH_VALUE,-66.45356713232017,2
SITE-C-INDUSTRIAL,169.5042257372105,16.7267047230558,0.08380214912127221,0.17543330137375265,0.6479195458985775,31.248003824186902,HIGH_VALUE,-47.260136768214544,2
SITE-C-INDUSTRIAL,27.37659770731441,3.623008816628881,0.003658670475831297,0.013951116937347626,0.980556515460119,89.18337125307322,HIGH_VALUE,34.34997938815111,5
SITE-C-INDUSTRIAL,122.89578092900676,24.987564055063473,0.06777500793362705,0.2277735575824913,0.6800981980506506,22.928586780468727,HIGH_VALUE,-33.28820289955276,2
SITE-C-INDUSTRIAL,156.14523646882375,17.10028909311692,0.08540103861487179,0.17903351412378646,0.6458353366862433,22.73169111952125,HIGH_VALUE,-37.37061258349898,2
SITE-C-INDUSTRIAL,145.28782855960375,15.638699472170579,0.07013124448806608,0.20331645258029202,0.6219371554193691,20.406770862322105,HIGH_VALUE,-51.41888244756463,1
SITE-C-INDUSTRIAL,31.938366906135354,2.1756242627830478,0.004999506140625249,0.005931725590521876,0.9914236658017638,111.56222259969451,HIGH_VALUE,62.6112556936836,3
SITE-C-INDUSTRIAL,30.14372793187002,4.949063925577039,0.002044957277522713,0.013365140877302086,0.9904634244200018,108.89970494054482,HIGH_VALUE,32.40671794661308,4
SITE-C-INDUSTRIAL,183.4556550772468,17.27422457963055,0.0836229286757294,0.25319564669483924,0.7184606349382255,24.363350021199107,HIGH_VALUE,-30.229823128797037,2
SITE-C-INDUSTRIAL,186.06299991975294,23.163822813746865,0.0711528369480226,0.2536710925614999,0.6036120918720351,23.07475637737475,HIGH_VALUE,-13.982704019161389,2
SITE-C-INDUSTRIAL,36.752259802986806,2.331394412397535,0.0058080189713773794,0.012432689460444908,0.98110207237096,99.36064748580408,HIGH_VALUE,67.05603263073444,5
SITE-C-INDUSTRIAL,33.87190370197952,4.09005866664841,0.005107881872411638,0.005995279826772841,0.9778112158840147,86.83822577664546,HIGH_VALUE,34.127937060485515,3
SITE-C-INDUSTRIAL,193.23957845884945,22.876719372652197,0.06906502549244457,0.14862818473652414,0.7184163568595078,28.882784886277932,HIGH_VALUE,-16.46886546910305,2
SITE-C-INDUSTRIAL,31.453825181860026,4.093204871790723,0.0035935342850960754,0.010554785873440964,0.9903142359332365,97.67245556050013,HIGH_VALUE,26.059235993130287,5
SITE-C-INDUSTRIAL,138.6534703703906,23.60461139062697,0.05829994489741412,0.12577688040051055,0.655040846537532,34.791219516982665,HIGH_VALUE,-41.56331114872492,2
SITE-C-INDUSTRIAL,37.59547101788628,3.857421230103254,0.0033026423553887416,0.012713265194282328,0.9901132543584429,112.77363794803351,HIGH_VALUE,30.06246009348773,3
SITE-C-INDUSTRIAL,43.21424128911224,2.274025599681213,0.0011308587461138022,0.005995116330082989,0.9961928289213747,117.04414633457316,HIGH_VALUE,33.84222266417393,4
SITE-C-INDUSTRIAL,33.48131006328569,3.1088129942681895,0.003664189795708586,0.010926523420122788,0.9952590652880793,132.7035629001865,HIGH_VALUE,27.09134904882566,5
SITE-C-INDUSTRIAL,26.54814486211102,2.624828385887153,0.003098444950539344,0.005758513754116816,0.9804041046150656,81.63309230004243,HIGH_VALUE,58.33883830346988,5
SITE-C-INDUSTRIAL,161.85786761708346,18.897805546435812,0.08097970460641803,0.16408926195106824,0.71455213300265,31.646875007871007,HIGH_VALUE,-27.060393875216768,2
SITE-C-INDUSTRIAL,26.277986373928684,2.1239311843855813,0.005650141149393302,0.01472441241886924,0.9761421694540601,109.49587093043687,HIGH_VALUE,37.801091444373775,4
SITE-C-INDUSTRIAL,140.24310046680034,24.609021837572584,0.06213772401432707,0.15090793061339852,0.7386550714934421,29.688265514307574,HIGH_VALUE,-21.167771412981963,1
SITE-C-INDUSTRIAL,180.35669102046018,15.215865759241694,0.04646358507952443,0.21580906305871872,0.7358638340733717,26.974883102690242,HIGH_VALUE,-46.08017591012265,1
SITE-C-INDUSTRIAL,39.76893447724519,4.37212164320128,0.004262114193509936,0.007816571285343462,0.9908450224096472,114.29825986616287,HIGH_VALUE,47.4130386902152,3
SITE-C-INDUSTRIAL,30.78719583500569,4.741839831511555,0.0033106045430185563,0.008160804444243419,0.9858351910254173,138.39075950743563,HIGH_VALUE,52.28453526905452,5
SITE-C-INDUSTRIAL,173.88039991107803,24.57673336927349,0.066940897671171,0.20110230116508582,0.7498846718692529,22.29680888391729,HIGH_VALUE,-23.59079227481918,1
SITE-C-INDUSTRIAL,162.9162571658089,21.828330149750133,0.06977651429914812,0.23493245486500006,0.653353010499855,24.645589692356417,HIGH_VALUE,-39.01047077590936,2
SITE-C-INDUSTRIAL,197.26423363133364,21.193714943213294,0.08877406667455458,0.24939410184036218,0.7453026416590924,21.238429964514758,HIGH_VALUE,-20.092801775653783,2
SITE-C-INDUSTRIAL,192.93989364394628,24.794939509878937,0.07844731016752371,0.21369062672055733,0.6841410763019514,33.631136099231156,HIGH_VALUE,-35.98056774478487,2
SITE-C-INDUSTRIAL,31.62947005335595,2.4073439382565134,0.002832508025210108,0.013586797261766426,0.9922683777590655,102.8044438339066,HIGH_VALUE,59.43237576233013,3
SITE-C-INDUSTRIAL,31.777034323219407,2.3062484054671204,0.004408715388607962,0.007477700388772803,0.9851707182863622,94.37167849572286,HIGH_VALUE,47.87380819354428,3
SITE-C-INDUSTRIAL,170.03652894587802,23.42929224395832,0.07646173482860398,0.163220243190526,0.6903877080056257,27.518750927593114,HIGH_VALUE,-13.743368881154893,1
SITE-C-INDUSTRIAL,183.1048327753031,16.13629935937435,0.0819688908715214,0.13663219372044086,0.6926279344471143,25.545577415187722,HIGH_VALUE,-33.29891408415904,1
SITE-C-INDUSTRIAL,44.7086487595969,4.1551125493520225,0.0011065466724876963,0.005959999138639158,0.9941143530669632,104.50674307851364,HIGH_VALUE,40.74642391453957,3
SITE-C-INDUSTRIAL,39.27494941910741,3.581107469206664,0.0025010960945473443,0.005803495928382886,0.9733889100549219,83.17966056164558,HIGH_VALUE,33.98979140400664,4
SITE-C-INDUSTRIAL,161.20150878156323,21.159486047597355,0.08706722917742887,0.2692383298160359,0.6516402968259438,28.69961357111089,HIGH_VALUE,-30.482575144638894,2
SITE-C-INDUSTRIAL,182.43317468441964,23.368789044475008,0.05074960273842895,0.19927138397916178,0.7030051713699154,21.877656470854014,HIGH_VALUE,-50.54143960585379,1
SITE-C-INDUSTRIAL,32.68530973314875,3.6674063604631915,0.003524229744796181,0.005272374297569387,0.9907005874366497,127.33068025948688,HIGH_VALUE,37.69336742534156,4
SITE-C-INDUSTRIAL,29.83698510044866,4.1882184488054826,0.0032752252038908713,0.011408448314035077,0.9901796706910035,105.91525539467683,HIGH_VALUE,21.23371710389729,3
SITE-C-INDUSTRIAL,32.66448135188074,3.135316588016624,0.005237431542487236,0.012522388850597328,0.97832025496446,129.27473715197664,HIGH_VALUE,30.323130115136813,5
SITE-C-INDUSTRIAL,27.210086957060504,4.842391110654145,0.002829832998022527,0.014209950569318553,0.9773985782073685,102.3902968266458,HIGH_VALUE,25.210561175172955,5
SITE-C-INDUSTRIAL,173.9731102232927,21.797055310172524,0.07836536521687143,0.1879930871345185,0.6858137747078015,23.75660391459186,HIGH_VALUE,-45.951450981756,2
SITE-C-INDUSTRIAL,30.550019020764907,3.673650123003998,0.0018600375021183909,0.009184745244750065,0.9797495848683047,112.02120882752253,HIGH_VALUE,56.51935471164756,4
SITE-C-INDUSTRIAL,128.04426447889477,18.544769405534055,0.07680537520622767,0.2153010196109702,0.6425033390416386,32.212353656195184,HIGH_VALUE,-56.17787864534381,1
SITE-C-INDUSTRIAL,135.065114242511,18.277262383412722,0.07090825416964218,0.22051632605458538,0.6434955283136464,28.052114198690035,HIGH_VALUE,-76.45310344059337,2
SITE-C-INDUSTRIAL,42.452671921229076,2.0682890966420913,0.0028855422448741015,0.009913149573176388,0.9887191890655044,127.75451754432399,HIGH_VALUE,11.64831581730951,4
SITE-C-INDUSTRIAL,33.725257361268845,4.89895628254403,0.004944765313642431,0.00896495753460981,0.9985159588402377,107.8886980209416,HIGH_VALUE,16.51010555868169,4
SITE-C-INDUSTRIAL,40.167042642259894,2.9332022339341766,0.005689372650441377,0.007563908832345314,0.999322519484177,118.91905628392297,HIGH_VALUE,54.074527269543836,3
SITE-C-INDUSTRIAL,162.5488730583661,18.528397967718384,0.06525728506243131,0.2462999268637485,0.6349006253401487,32.37102173023748,HIGH_VALUE,-51.10587660618312,1
SITE-C-INDUSTRIAL,44.04506935034454,4.11759269271085,0.002162950678012118,0.012924980891878927,0.9965780113476886,124.21573497162258,HIGH_VALUE,53.537661424984286,3
SITE-C-INDUSTRIAL,36.32046293895938,3.1826768731592514,0.004589096225501562,0.009212895714294813,0.9753180905925318,133.74549261713102,HIGH_VALUE,64.95308721643286,5
SITE-C-INDUSTRIAL,37.412187134829296,2.992145915384226,0.0026486104684252266,0.006459501087023632,0.9833847940053873,92.72482382864332,HIGH_VALUE,50.354817778751844,3
SITE-C-INDUSTRIAL,30.947820043119155,2.775115366820323,0.003607626978250185,0.0061560930516968695,0.9742559333157026,90.63244219305764,HIGH_VALUE,59.72963633167076,3
SITE-C-INDUSTRIAL,41.661122260751654,2.9048285333177186,0.0018764012720793174,0.005605032932490578,0.9920274076101823,112.30340344710834,HIGH_VALUE,61.09431685366283,4
SITE-C-INDUSTRIAL,28.395774585592292,3.4538752941308557,0.003027864852197477,0.006199560817787144,0.9742427276714009,122.32669021019682,HIGH_VALUE,49.67714487529525,4
SITE-C-INDUSTRIAL,140.58113033534082,19.39317546057428,0.07694953006983357,0.18223308809286165,0.6368034589480964,25.472270397898583,HIGH_VALUE,-37.838239365494395,1
SITE-C-INDUSTRIAL,33.38269517911374,3.407876060097217,0.0012706086122739005,0.006124799038615874,0.9904265924066834,85.79771645291939,HIGH_VALUE,21.292814307395254,5
SITE-C-INDUSTRIAL,44.94070650687624,4.32469661975576,0.0028082135702835465,0.006778256587826222,0.9822405219409677,83.78303662594361,HIGH_VALUE,27.077682980619045,4
SITE-C-INDUSTRIAL,37.38180698849079,4.789928076951158,0.002568533279400869,0.009172605996779139,0.9920469704663782,95.11222769309836,HIGH_VALUE,24.377261657119046,3
SITE-C-INDUSTRIAL,190.0818686469345,19.02841414672136,0.08496607442684065,0.24434888151282794,0.7060327148121107,20.753041528377775,HIGH_VALUE,-33.482939257938526,2
SITE-C-INDUSTRIAL,146.41186543257956,22.15452595595248,0.0605747541050421,0.16152584448430982,0.6208513878244583,31.936844482974934,HIGH_VALUE,-23.50600496741339,1
SITE-C-INDUSTRIAL,35.20988836317534,2.946565986041283,0.0016953425259145834,0.013098357087128785,0.9911552322849289,136.21102908089063,HIGH_VALUE,15.602300245352582,3
SITE-C-INDUSTRIAL,191.18596359154355,17.518818461629937,0.056569894045854684,0.139043266925196,0.6747948867506508,23.102395926624023,HIGH_VALUE,-75.81549760288331,1
SITE-C-INDUSTRIAL,149.36108606956424,17.003448783137376,0.08119274753720138,0.23718880736715298,0.6121265669705237,27.121641259921446,HIGH_VALUE,-24.92614926546579,2
SITE-C-INDUSTRIAL,41.78484963060585,2.469522031310474,0.0034522741681609773,0.011550029170790403,0.9791801818248109,127.08181367844219,HIGH_VALUE,48.14534334879291,3
SITE-C-INDUSTRIAL,33.71940045058976,2.3495192884462233,0.002208219230351724,0.009953994616028434,0.9985663553356721,92.43616720965716,HIGH_VALUE,58.9816209413614,5
SITE-C-INDUSTRIAL,167.0424575589211,24.008808219381585,0.062421638435314064,0.15301070778626458,0.7035046334832096,31.19314049166515,HIGH_VALUE,-33.137141261245155,2
SITE-C-INDUSTRIAL,180.3655533792587,23.381557497133404,0.063095319773349,0.16127304133099105,0.6588344131559369,31.795834696704087,HIGH_VALUE,-48.168871940710844,2
SITE-C-INDUSTRIAL,39.960618668105596,4.751698282360694,0.0013979270420586424,0.011888097765936866,0.9719109814334299,96.15596802202697,HIGH_VALUE,50.87196165414069,5
SITE-C-INDUSTRIAL,40.649751097231615,4.0440745311913116,0.0051173510749788565,0.011102621367148844,0.9850876342492859,139.17880058864358,HIGH_VALUE,30.44584631712961,3
SITE-C-INDUSTRIAL,159.60625507185372,20.863729596524564,0.05810320696962101,0.26295477712391097,0.7002116832477301,22.796782038765365,HIGH_VALUE,-42.49141163118482,2
SITE-C-INDUSTRIAL,30.831983483978625,3.0994414900170235,0.004432528064246262,0.011794729499865762,0.9714324084232661,113.91143427940376,HIGH_VALUE,43.981729743951796,3
SITE-C-INDUSTRIAL,149.61524683396374,21.058608711151077,0.07910173464489526,0.23710631371524998,0.6231768552782037,27.981332857125995,HIGH_VALUE,-61.96994085111254,2
SITE-C-INDUSTRIAL,121.56170984412852,16.391383345965828,0.04268708952140142,0.183360159214775,0.6906214170164984,34.4667814404216,HIGH_VALUE,-20.31834506394477,2
SITE-C-INDUSTRIAL,39.7207986240371,2.5437506489993393,0.0017773774216532996,0.013199627792226436,0.9928716179889623,82.89375816937837,HIGH_VALUE,34.896507839787375,3
SITE-C-INDUSTRIAL,34.03903732499252,3.3996600235371757,0.004106439973920117,0.012740378264250755,0.9966906378769609,109.12447745241883,HIGH_VALUE,32.67264429199323,3
SITE-C-INDUSTRIAL,25.486767370737113,4.309833229504829,0.0012717776549556544,0.007955288635365463,0.9976900824537445,98.65140708336737,MEDIUM_VALUE,12.953568810670832,4
SITE-C-INDUSTRIAL,33.20107267604804,3.1048947964054965,0.005524060276802227,0.013485142359176059,0.9774077896611961,87.19955771126428,MEDIUM_VALUE,63.70237580427246,3
SITE-C-INDUSTRIAL,156.83818130172696,16.573751060190755,0.06053215800903775,0.2540369904409865,0.613688030287735,22.84903101988862,MEDIUM_VALUE,-35.02394258583158,1
SITE-C-INDUSTRIAL,40.68839615396645,2.776989041529181,0.003943479910200524,0.006944572496388202,0.978384279218069,118.43386938825628,MEDIUM_VALUE,30.21405156419619,3
SITE-C-INDUSTRIAL,145.69750106442953,22.621225482544165,0.060861485320713345,0.21015296456883348,0.7109516317452532,29.35496102430172,MEDIUM_VALUE,-77.03913098192896,2
SITE-C-INDUSTRIAL,183.17187904899828,16.75126459435861,0.06098124823155231,0.2690150546306768,0.7150651249265694,22.193549526884677,MEDIUM_VALUE,-60.66395523030697,1
SITE-C-INDUSTRIAL,42.94136411321611,2.0942702464252196,0.0036575430457643217,0.005177303616110796,0.99975459945135,107.40238136854661,MEDIUM_VALUE,50.58175804654357,3
SITE-C-INDUSTRIAL,185.88655751327292,16.18003145137142,0.05074420971414339,0.16553365375719092,0.6267206386607518,33.498289243365605,MEDIUM_VALUE,-27.50798477175981,1
SITE-C-INDUSTRIAL,145.26121991350882,22.354117822788567,0.062234427979253173,0.17216401840820483,0.6005376081908309,23.846138641076365,MEDIUM_VALUE,-25.440380760262443,2
SITE-C-INDUSTRIAL,30.70050580222203,4.763996383711968,0.004551862962888898,0.013741512978839302,0.9890921693308115,86.18806191865646,MEDIUM_VALUE,33.836677103038994,3
SITE-C-INDUSTRIAL,27.483779906937293,3.5971453540774365,0.0036076429240933746,0.00936570533451665,0.9784194870577583,98.50914453172098,MEDIUM_VALUE,22.216487971912684,3
SITE-C-INDUSTRIAL,179.93879801860652,23.93343012657906,0.05101946401908534,0.12863589486588908,0.6923663259061673,21.620197320583838,MEDIUM_VALUE,-50.178980227973064,1
SITE-C-INDUSTRIAL,166.12918333073222,22.417170730146054,0.0838123271120812,0.22745572300040506,0.6258006484721429,34.925373718328665,MEDIUM_VALUE,-51.920097431856036,2
SITE-C-INDUSTRIAL,157.19954332762086,21.94342360759725,0.08156671859234592,0.1449370569904047,0.6714442080284609,21.147763362329698,MEDIUM_VALUE,-39.90817464184616,1
SITE-C-INDUSTRIAL,31.890027105150565,4.033658171422208,0.004163757894831824,0.011639951929280636,0.9754762146043523,110.57658870528549,MEDIUM_VALUE,13.298667167648384,3
SITE-C-INDUSTRIAL,197.22388351402597,18.45846376224143,0.052391083668828796,0.25541718428876936,0.6851700277046925,27.671438673516207,MEDIUM_VALUE,-19.251443975275976,1
SITE-C-INDUSTRIAL,32.84867298147055,4.213091106030733,0.002506347875250575,0.006512664130200634,0.991536273238507,109.8453329861126,MEDIUM_VALUE,69.84405032561412,4
SITE-C-INDUSTRIAL,25.856879104078693,2.0695178224009863,0.0027541894541298997,0.013345408331770389,0.9842572543078595,116.57332056110178,MEDIUM_VALUE,31.773253908235976,4
SITE-C-INDUSTRIAL,146.43791568150206,17.837646962628902,0.04180597337477305,0.22147526036629792,0.7036985983733142,33.780648668470285,MEDIUM_VALUE,-38.7098463847175,1
SITE-C-INDUSTRIAL,134.54437689885108,22.54541268688338,0.052651946854417014,0.2037915511977239,0.6849782197709026,25.51767546656221,MEDIUM_VALUE,-19.353094806363167,1
SITE-C-INDUSTRIAL,31.203537087367806,2.511456468149487,0.0024915803880425002,0.0068942692179672915,0.9899219733754328,124.60851526258443,MEDIUM_VALUE,45.80534206842428,5
SITE-C-INDUSTRIAL,36.469777702995216,2.566037867437211,0.004201665611280587,0.005240428396655327,0.984291089823201,89.64794608264054,MEDIUM_VALUE,51.821801745192936,5
SITE-C-INDUSTRIAL,31.625575815649732,3.753744229702254,0.004556843238389985,0.010111795961508544,0.9776402693456819,86.77678331999019,MEDIUM_VALUE,62.27815509263698,4
SITE-C-INDUSTRIAL,182.4005555495012,15.497576097834699,0.04716647568313812,0.17575497563995193,0.727333498547429,20.611531922784998,MEDIUM_VALUE,-25.73359513316216,1
SITE-C-INDUSTRIAL,193.0987072502046,15.492962671079688,0.05368000249749933,0.20564759142120873,0.7350397767239182,27.176306478480498,MEDIUM_VALUE,-45.91821013082368,2
SITE-C-INDUSTRIAL,33.17112506108977,4.726557681217408,0.0020914134715052735,0.01153616930370873,0.9828571319736495,126.55534108384506,MEDIUM_VALUE,41.23877756777927,4
SITE-C-INDUSTRIAL,28.09612830051939,2.7924928308595334,0.0037225259872567334,0.011347434790335634,0.9813721185710416,128.19830503956985,MEDIUM_VALUE,32.703411789058094,5
SITE-C-INDUSTRIAL,25.85381101541182,3.9240852213226454,0.005301928614266178,0.0055053080804621695,0.9921502157954281,114.96578110704434,MEDIUM_VALUE,41.033534909181796,5
SITE-C-INDUSTRIAL,178.78276228507477,17.20291820981546,0.04912509956554793,0.17248228351510336,0.6013146975402043,26.087759334957877,MEDIUM_VALUE,-69.98389180876437,2
SITE-C-INDUSTRIAL,37.48419397976476,4.154057674620742,0.005130524915766791,0.007909599193773167,0.980416084933233,131.44514751266217,MEDIUM_VALUE,32.93730282894322,4
SITE-C-INDUSTRIAL,41.66277914112247,3.8879444342678773,0.005565507481269052,0.005146500277400925,0.9885915772416694,110.61001872981709,MEDIUM_VALUE,34.64784584869662,5
SITE-C-INDUSTRIAL,185.41896592625363,19.763940225225824,0.05099866720727113,0.2240605492860575,0.6270679950912817,26.093953346921854,MEDIUM_VALUE,-70.87266710162686,1
SITE-C-INDUSTRIAL,38.81824798378682,4.080915335640853,0.0010712583649282112,0.006197169304671281,0.9990055769762239,113.2516540219943,MEDIUM_VALUE,25.600281513183653,5
SITE-C-INDUSTRIAL,145.9253414861642,16.555658028164046,0.07188510678463189,0.14697138940422386,0.6078897230500848,23.48210537359081,MEDIUM_VALUE,-17.7758114677382,1
SITE-C-INDUSTRIAL,143.39046288823886,22.584315695495853,0.06527935161053357,0.14104998845079406,0.6239475470451135,28.257262670331034,MEDIUM_VALUE,-40.1873577665385,1
SITE-C-INDUSTRIAL,37.29204815726131,2.220743444512542,0.005424555602454172,0.01066038406984655,0.9781778546584653,82.47612722489767,MEDIUM_VALUE,12.505978032137982,4
SITE-C-INDUSTRIAL,140.5597262461941,20.280682828332402,0.051283292807515514,0.23825425814768328,0.6710200606994585,26.425804768866456,MEDIUM_VALUE,-49.95330961354536,2
SITE-C-INDUSTRIAL,29.65775695650901,2.9692627329896357,0.003552026304880137,0.011348958788551024,0.9798321958548288,123.27213182258446,MEDIUM_VALUE,31.459779227775552,3
SITE-C-INDUSTRIAL,27.978478376349283,3.7334732140334506,0.0027735549024858475,0.009548121643981984,0.9734706356767607,100.28422266778426,MEDIUM_VALUE,21.32391785935825,4
SITE-C-INDUSTRIAL,40.716750258292166,4.737043698701235,0.0029138579707671483,0.011397334818585876,0.9986851363959576,109.9749085205202,MEDIUM_VALUE,41.199954960683854,5
SITE-C-INDUSTRIAL,25.60618594393272,4.547617102058812,0.003080556571913708,0.012551130168825569,0.9739763172433785,109.54050433569758,MEDIUM_VALUE,44.13468465251152,5
SITE-C-INDUSTRIAL,37.44323901556273,4.773321205925149,0.0023531706864673377,0.009487035279064086,0.9964252127142841,107.38488711903051,MEDIUM_VALUE,45.509934615836265,5
SITE-C-INDUSTRIAL,44.47871816089596,4.037065670318937,0.00486490654982355,0.005319946744444084,0.9818435086595078,124.84074415740596,MEDIUM_VALUE,20.093025668039957,4
SITE-C-INDUSTRIAL,40.22499370517892,4.169158639057959,0.0023757709054150816,0.006210142306622419,0.9981572648288136,105.30453527494566,MEDIUM_VALUE,64.08975484646413,5
SITE-C-INDUSTRIAL,43.62811045070879,2.076111431396765,0.0049984975016358,0.01239144318938449,0.9868933241532309,89.77064960153534,MEDIUM_VALUE,22.21010027291807,3
SITE-C-INDUSTRIAL,180.20112118155777,24.75958560810819,0.05140165550750024,0.13002388024635197,0.7446857631011085,26.470701629420304,MEDIUM_VALUE,-22.276658778942547,2
SITE-C-INDUSTRIAL,36.80886761726718,2.0085472259966717,0.0022318846956580424,0.006485877304954851,0.9746940950363057,87.9624920304352,MEDIUM_VALUE,12.069534898637809,3
SITE-C-INDUSTRIAL,148.2037098737091,17.757857637925984,0.07955376185673799,0.16351496359429932,0.7264330281710988,24.235750647941806,MEDIUM_VALUE,-62.56854423295967,2
SITE-C-INDUSTRIAL,150.36258126551968,17.274891771747484,0.0714138763435817,0.1432668302788813,0.6136283663814969,33.24793475845796,MEDIUM_VALUE,-45.4553889100294,1
SITE-C-INDUSTRIAL,143.3087975474316,24.08407825686028,0.06368642681554408,0.23110290468277442,0.6281616785373871,30.526107389422535,MEDIUM_VALUE,-48.29685013930998,2
SITE-C-INDUSTRIAL,124.80445816986335,23.64626682106713,0.0746388448158003,0.12941936303661603,0.6249077184465202,24.271617771370988,MEDIUM_VALUE,-20.428418835020473,1
SITE-C-INDUSTRIAL,188.6914117700175,23.89321852050672,0.06466005374235272,0.2569800728817341,0.7365845765279457,22.25125229765332,MEDIUM_VALUE,-12.03177693530067,1
SITE-C-INDUSTRIAL,38.89460275139012,3.00468978625684,0.004569720354549896,0.005003096221940643,0.980635400547418,131.1279318333995,MEDIUM_VALUE,23.71464204966559,4
SITE-C-INDUSTRIAL,173.90039529573275,18.108225366142783,0.08089434003482543,0.25605760103938474,0.7174892056085942,25.773527797251326,MEDIUM_VALUE,-21.534278669824765,1
SITE-C-INDUSTRIAL,39.936313946341286,2.939581152838771,0.005089656953778271,0.013348915036379309,0.9932530262891995,132.7429913634263,MEDIUM_VALUE,33.47454329680781,3
SITE-C-INDUSTRIAL,39.45546439590849,3.609905974316062,0.0011766781052027467,0.007172996032317209,0.9836142349599734,125.17070002841163,MEDIUM_VALUE,64.27701910690533,4
SITE-C-INDUSTRIAL,32.694388164214814,4.898354215115566,0.002908976025353294,0.006817126515182853,0.9978610574237875,86.34499325719021,MEDIUM_VALUE,38.589978487586606,4
SITE-C-INDUSTRIAL,42.01598602629794,3.5921769519558833,0.0032260553070332745,0.008379222701328473,0.9887051391167139,113.87392165783035,MEDIUM_VALUE,40.518644715658965,5
SITE-C-INDUSTRIAL,35.12262367520155,4.081289085318497,0.0034998013572464775,0.012754411070757666,0.976102337314498,101.60697204992967,MEDIUM_VALUE,28.3297070022048,3
SITE-C-INDUSTRIAL,43.82559940073645,3.672798908620811,0.005679807616475517,0.012392222652447375,0.9968211031654226,97.91325107634952,MEDIUM_VALUE,69.7288797056686,5
SITE-C-INDUSTRIAL,179.90783549218492,21.199917652069086,0.05775999984411716,0.13558478894278986,0.743218840689136,20.160509349653978,MEDIUM_VALUE,-41.417030370348904,2
SITE-C-INDUSTRIAL,123.06343332160112,15.194423542976281,0.06897823419254859,0.2331108077957887,0.6152310015046099,27.033785416307477,MEDIUM_VALUE,-28.028207988231962,2
SITE-C-INDUSTRIAL,123.9145824979528,20.758435511389933,0.05627968861439368,0.18018622115411714,0.7328017857901776,30.37199015780648,MEDIUM_VALUE,-18.175470688535903,1
SITE-C-INDUSTRIAL,141.74524436237672,16.962225713636975,0.0895323887866182,0.17837185262221375,0.7279355381905775,32.206952046756285,MEDIUM_VALUE,-65.12596763153485,2
SITE-C-INDUSTRIAL,149.72403605291686,15.368306002389772,0.06292363154189706,0.18536221680739975,0.7031446617799983,28.346857170038177,MEDIUM_VALUE,-24.83195405158412,1
SITE-C-INDUSTRIAL,170.9486819888811,19.20251221619076,0.052964501776281814,0.2618573872611355,0.7185564160435087,25.98681558920543,MEDIUM_VALUE,-59.57774476520452,1
SITE-C-INDUSTRIAL,38.28477067946594,4.727774625549303,0.0023520308107502002,0.013249170866956685,0.9900378301413988,86.75471353007124,MEDIUM_VALUE,25.033704306268085,5
SITE-C-INDUSTRIAL,132.92115275498278,16.300925382275945,0.05458242248864776,0.2171059233481381,0.7297956826544068,22.34507129842453,MEDIUM_VALUE,-20.19784032120308,2
SITE-C-INDUSTRIAL,174.51107092020726,23.331670190334926,0.07739110123815343,0.21410974142884104,0.6825338465046698,30.565500663826704,MEDIUM_VALUE,-54.398460213178595,1
SITE-C-INDUSTRIAL,27.278463993660573,2.020964836244317,0.004319332812827657,0.009766283071245694,0.9882297138961329,119.90977901182954,MEDIUM_VALUE,38.11493997730319,5
SITE-C-INDUSTRIAL,166.40926584777316,17.896612450399797,0.06503439304315893,0.12427913124403954,0.6060562166720204,22.738090647376332,MEDIUM_VALUE,-10.505203264563804,2
SITE-C-INDUSTRIAL,165.2427411328216,17.18825758002086,0.04064500020005144,0.19407461171160223,0.7394851449088005,22.66447573198149,MEDIUM_VALUE,-75.42936887041881,2
SITE-C-INDUSTRIAL,38.34082405432133,4.883098875059579,0.002218477272632243,0.013378622701247973,0.9876419831197791,80.79785679217999,MEDIUM_VALUE,31.91318547529199,3
SITE-C-INDUSTRIAL,38.38997084613244,4.100177738121413,0.005788091398249581,0.010383948925032364,0.9740831615963812,83.03293658650828,MEDIUM_VALUE,44.08322674597102,5
SITE-C-INDUSTRIAL,194.82954065398013,24.76497772758145,0.06822807741457199,0.2116521660398166,0.7304959977203478,32.1684485904704,MEDIUM_VALUE,-50.20347451795058,1
SITE-C-INDUSTRIAL,184.17689458619145,16.215747409567083,0.08871260308340448,0.2227072833195961,0.6982574035563571,26.166868851073986,MEDIUM_VALUE,-64.95607504114913,2
SITE-C-INDUSTRIAL,42.89823756723403,3.4304631032616895,0.0026613854768093395,0.009626042699028031,0.9824934923870663,105.42323507744348,MEDIUM_VALUE,41.008236603421985,5
SITE-C-INDUSTRIAL,25.56224448387276,4.8210825270254105,0.0027647345703717416,0.009401027989512246,0.9854894544805493,134.4559292749708,MEDIUM_VALUE,12.466705651862451,5
SITE-C-INDUSTRIAL,38.55198656510596,3.6075899187929146,0.0030159676891379442,0.01035996061066657,0.9910217674461533,107.07743084417041,MEDIUM_VALUE,65.56712800536081,3
SITE-C-INDUSTRIAL,192.6493229031153,15.276878807529735,0.08507048580144518,0.19307644662707873,0.7291648850173539,30.426778194466003,MEDIUM_VALUE,-62.363331733687104,2
SITE-C-INDUSTRIAL,163.00848454911443,24.69764386419397,0.07408207012527308,0.1879612398060984,0.6524009188505391,29.824335588458514,MEDIUM_VALUE,-69.55812296568674,1
SITE-C-INDUSTRIAL,129.44992753064363,18.331923572890567,0.04191184134638979,0.14795546792841419,0.7222800171341585,28.141014048033032,MEDIUM_VALUE,-50.13414571069394,1
SITE-C-INDUSTRIAL,199.58285922468215,22.517655016100086,0.07426093469177687,0.21686702967917487,0.6405943353353187,22.940712475883814,MEDIUM_VALUE,-28.921239753638716,1
SITE-C-INDUSTRIAL,143.4386718427233,23.288979082484637,0.060627306964553165,0.2515742522263831,0.6006975409560009,34.108569619745886,MEDIUM_VALUE,-46.29800320507999,1
SITE-C-INDUSTRIAL,37.09318269050833,2.275633687668951,0.004793330804414584,0.013042511847673185,0.9760642242610947,100.45609082330499,MEDIUM_VALUE,48.13531802021524,5
SITE-C-INDUSTRIAL,190.40365251966367,15.69972496493954,0.06749699783980143,0.16512119648815,0.6204550022680648,22.829870031872577,MEDIUM_VALUE,-73.28904073018226,2
SITE-C-INDUSTRIAL,180.64168853390782,22.360186392055322,0.05718603215268092,0.22940107887001554,0.7274779779830152,26.755427568849143,MEDIUM_VALUE,-18.61430966158224,2
SITE-C-INDUSTRIAL,148.90316067809556,17.14469941721936,0.0666184776560117,0.1832220989375167,0.6605509273402344,20.309193458914685,MEDIUM_VALUE,-22.943731222080878,1
SITE-C-INDUSTRIAL,125.50702810700702,21.20850889236149,0.04880030048733745,0.15240037839825202,0.6364379701975851,21.091505792793505,MEDIUM_VALUE,-13.667361932256014,2
SITE-C-INDUSTRIAL,27.400680255459466,4.99929539866506,0.005769053565902735,0.011563517370097094,0.9780339766839805,101.78162079767846,MEDIUM_VALUE,44.89569178844225,3
SITE-C-INDUSTRIAL,166.99957584811105,24.069937840595394,0.04736831206969786,0.16093632218123444,0.6056117501784167,32.914118401532555,MEDIUM_VALUE,-77.59904304301328,1
SITE-C-INDUSTRIAL,41.70977117085615,4.936247530948895,0.0016505859761166792,0.009752937709880522,0.9854014953997247,131.1889942050419,MEDIUM_VALUE,39.19739600268354,3
SITE-C-INDUSTRIAL,126.03918674282541,20.004613699043972,0.046746182369315215,0.19687592749578176,0.6617334143583798,27.60678736071273,MEDIUM_VALUE,-39.49725320734867,1
SITE-C-INDUSTRIAL,25.74040151985966,3.505849411061485,0.0017568887949194474,0.00903589803702341,0.9942486105209108,130.4420930348501,MEDIUM_VALUE,63.099443532875284,3
SITE-C-INDUSTRIAL,35.683353960539044,4.407008889954023,0.001348750884657027,0.005316617598312299,0.9964710967787588,123.34005177703455,MEDIUM_VALUE,35.76043061786223,4
SITE-C-INDUSTRIAL,29.288421111111518,2.7594346548721727,0.0057191260422895,0.012597432554497613,0.9955090429219288,136.32479193797485,MEDIUM_VALUE,67.45912449481867,3
SITE-C-INDUSTRIAL,139.71199308838962,20.62008534359247,0.059138673994633004,0.17048064246903527,0.6632235024004143,33.41245073529404,MEDIUM_VALUE,-41.70017367526275,2
SITE-C-INDUSTRIAL,186.62205037241262,21.37278116718528,0.05085272033987068,0.24177464447545144,0.7379966047872824,21.322517286475048,MEDIUM_VALUE,-59.50309452642928,1
SITE-C-INDUSTRIAL,35.50914739087327,4.074894787951815,0.005532737502252272,0.01486627488206868,0.9951718254576615,106.29123192470851,MEDIUM_VALUE,42.696963232496216,4
SITE-C-INDUSTRIAL,155.05041061534456,18.26396229876363,0.06615319050182951,0.12086438287543927,0.6076647674483076,27.226146597171944,MEDIUM_VALUE,-68.5907443167461,1
SITE-C-INDUSTRIAL,36.53913962606144,4.122461123649456,0.005946066796593756,0.009399586273698718,0.9700033404265338,92.03495531953871,MEDIUM_VALUE,34.4749738636673,4
SITE-C-INDUSTRIAL,170.54304794421105,20.238648223901976,0.04266952508468017,0.1237745509311137,0.7458210321259252,30.272582026761622,MEDIUM_VALUE,-51.558233212822785,1
SITE-C-INDUSTRIAL,32.993293663208306,4.072098231673332,0.005953109464360968,0.011131487429208602,0.9761651258452391,123.5583137352607,MEDIUM_VALUE,22.826526900375217,5
SITE-C-INDUSTRIAL,25.23067098284359,2.5656303259108744,0.0021342470771345237,0.008776264553553697,0.9965252422986578,122.61202254369641,MEDIUM_VALUE,38.78575028340301,5
SITE-C-INDUSTRIAL,122.3959304403115,17.177030377691704,0.08398724390155672,0.1766399557072682,0.708881929590144,34.10717322695645,MEDIUM_VALUE,-64.45633794195916,1
SITE-C-INDUSTRIAL,149.20763520590268,18.339929116926843,0.05350511588596466,0.15951696426319384,0.707736677631319,26.97273011212581,MEDIUM_VALUE,-48.966227203067476,2
SITE-C-INDUSTRIAL,151.53928139026414,23.19461647538226,0.07764464153021786,0.13899072896257686,0.7189008760188597,29.437771544275343,MEDIUM_VALUE,-35.99341264940259,1
SITE-C-INDUSTRIAL,160.87065479200373,21.817803616253183,0.06812668004040245,0.21646588911989717,0.6170193697593833,33.142730237884166,MEDIUM_VALUE,-65.9544546203376,1
SITE-C-INDUSTRIAL,29.225770657698984,2.010306598164761,0.004905229615223246,0.014067478679805727,0.973108984159593,125.14963081790142,MEDIUM_VALUE,14.847127655094681,5
SITE-C-INDUSTRIAL,159.00265652592077,24.104052545550964,0.055200886766756115,0.2011030298279232,0.734868161127402,22.655358686396813,MEDIUM_VALUE,-42.572695752526755,2
SITE-C-INDUSTRIAL,32.42041839039288,2.016859974462442,0.002162837347500426,0.009974398564945357,0.9719152070356823,88.61595830313576,MEDIUM_VALUE,23.49290414149147,4
SITE-C-INDUSTRIAL,131.1106929090938,20.37550988056808,0.06875279978980052,0.21252027180713046,0.6391850354357749,28.505214126657947,MEDIUM_VALUE,-76.3546361834788,2
SITE-C-INDUSTRIAL,37.11393248537088,3.508258161056156,0.0017225409400053917,0.007060511678307037,0.9888083410942581,126.22979520967696,LOW_VALUE,14.3849402010963,5
SITE-C-INDUSTRIAL,170.27987791123948,22.857631716876583,0.04420292465032911,0.2293930668689923,0.6384787752441339,27.020234464568386,LOW_VALUE,-61.95523130935658,2
SITE-C-INDUSTRIAL,36.73813601217641,3.209687792979389,0.003629021140100064,0.012367841911803436,0.9937730570588844,136.68496889871795,LOW_VALUE,68.4188441891518,3
SITE-C-INDUSTRIAL,42.63807621703155,4.992318727792931,0.004960680892539059,0.014469546364533417,0.9994375193938753,88.05282101928361,LOW_VALUE,17.224120160026395,3
SITE-C-INDUSTRIAL,43.316047023127396,3.5952553592099346,0.003535020463715466,0.013572719340934705,0.9875428500011029,129.4694559216299,LOW_VALUE,46.22214034937825,4
SITE-C-INDUSTRIAL,183.56823494892694,16.231283682951126,0.056946618479746705,0.13459514504333875,0.6511777582193081,26.074528671861568,LOW_VALUE,-17.36102414787051,2
SITE-C-INDUSTRIAL,193.41204398745808,18.116854812902147,0.0871749217613921,0.2547551818462689,0.7066371351263234,27.977646022559743,LOW_VALUE,-74.793644523984,1
SITE-C-INDUSTRIAL,34.20993114092629,3.294592760902852,0.003470017504154875,0.012886539486326402,0.9759946362679869,130.1116847529573,LOW_VALUE,53.021102322528705,4
SITE-C-INDUSTRIAL,197.91688621362135,20.832825664222508,0.06550730330672634,0.19949586870103608,0.6986301471905206,27.9147474905749,LOW_VALUE,-73.45307135389969,1
SITE-C-INDUSTRIAL,172.83622108739962,21.03840042893455,0.08962567016678386,0.23073274999630938,0.7487967714498185,21.80041984755796,LOW_VALUE,-45.32866137692254,2
SITE-C-INDUSTRIAL,34.52621789326467,4.197430037016273,0.005670282194553551,0.005620286584871831,0.9888083672424526,97.32392658647058,LOW_VALUE,33.43435824841202,5
SITE-C-INDUSTRIAL,136.41304701633797,20.039377530866673,0.07739358095383696,0.2627469380389166,0.6040664305303703,33.91972912991113,LOW_VALUE,-25.55609024063552,2
SITE-C-INDUSTRIAL,142.77510538044078,23.626963074425568,0.07738802616829618,0.22654429970116435,0.6342934504536679,33.74826301990843,LOW_VALUE,-41.758862856566516,1
SITE-C-INDUSTRIAL,139.21072835362293,21.56322196777117,0.05843997429523341,0.14950304836187966,0.730110881417746,20.51851841326381,LOW_VALUE,-40.04937201223442,1
SITE-C-INDUSTRIAL,44.082874337092875,4.345907344787198,0.0017804980150586806,0.0070566523297782985,0.9989979270467546,97.42949355462117,LOW_VALUE,42.42413913632921,3
SITE-C-INDUSTRIAL,25.78498765440649,3.4164783544359856,0.0036628964731299,0.010371664901865557,0.9733501067846027,137.8112911766065,LOW_VALUE,40.001709873379255,5
SITE-C-INDUSTRIAL,40.32744008922154,2.7575122470802667,0.0011311874184865675,0.011153874899971994,0.9973040749283945,133.35811975546463,LOW_VALUE,62.652897481864365,4
SITE-C-INDUSTRIAL,26.522919788009613,2.854703907448215,0.00512737250796313,0.005932029137168285,0.9934240388161041,127.73437480862292,LOW_VALUE,64.42466815015392,3
SITE-C-INDUSTRIAL,39.350331973727634,2.5019056516652833,0.0015819312515498393,0.005799989231100077,0.9793346457354429,98.71649580811433,LOW_VALUE,69.4638302761548,4
SITE-C-INDUSTRIAL,157.66206523604006,23.012716040298827,0.05959660062132686,0.19828511681691513,0.6185245931612666,33.749433096959194,LOW_VALUE,-68.00555988938895,2
SITE-C-INDUSTRIAL,33.992601495317984,2.067798755293978,0.002515446359735527,0.013895512144852067,0.9755153941891177,89.91253136889009,LOW_VALUE,67.40539840983618,4
SITE-C-INDUSTRIAL,30.619606053678552,2.1839361778978805,0.005577996524964912,0.008195216207803871,0.998206542528959,120.35591071763969,LOW_VALUE,60.09422754314332,4
SITE-C-INDUSTRIAL,177.02102607852078,23.15821269660271,0.0739547881781615,0.25862841553007515,0.61409816270892,28.507106630755803,LOW_VALUE,-14.017532135217394,2
SITE-C-INDUSTRIAL,27.858992923648987,2.8962240642995023,0.0017534846915947097,0.005240259959687996,0.9896535632438475,138.24720376234038,LOW_VALUE,47.74975168128633,5
SITE-C-INDUSTRIAL,41.43370950241783,3.856412397831344,0.0029966661728377934,0.00697845498660136,0.9987187822535926,136.47584301819433,LOW_VALUE,63.93547418375096,5
SITE-C-INDUSTRIAL,35.70863330414777,4.469998463517897,0.003834345303018826,0.0051162974321666355,0.9783247208640712,96.1999368158387,LOW_VALUE,29.712316461117517,4
SITE-C-INDUSTRIAL,121.43864580391616,20.11268787380726,0.08702226856321649,0.21251690060955325,0.7180392414140512,34.57006548975413,LOW_VALUE,-18.649669741714362,2
SITE-C-INDUSTRIAL,176.33622346302678,18.28933954117598,0.07985197209519698,0.17619798232125003,0.7131259015167128,34.52910425195869,LOW_VALUE,-20.18902345782542,2
SITE-C-INDUSTRIAL,34.61867976584378,3.6982973819563054,0.004295224561341027,0.009282141464210164,0.9822544813573427,95.9340889677151,LOW_VALUE,47.511484485367255,5
SITE-C-INDUSTRIAL,143.0448168232308,24.139416607696937,0.06595017414269715,0.14251173583589213,0.7318255610836655,31.57439866633623,LOW_VALUE,-14.401923615681085,1
SITE-C-INDUSTRIAL,165.65070255527178,19.868637628326248,0.061934556513539796,0.22474526262426378,0.6294123383752012,32.28855495614541,LOW_VALUE,-64.52329865151673,2
SITE-C-INDUSTRIAL,134.93133920149015,18.459220540437226,0.06861388391682513,0.19384745343658097,0.7429264827574591,27.37445918736162,LOW_VALUE,-68.12781137772353,2
SITE-C-INDUSTRIAL,189.0578100911177,21.476389474355468,0.05234547818629694,0.23582816448258442,0.6027279632441067,32.80231458121152,LOW_VALUE,-69.61790900709832,1
SITE-C-INDUSTRIAL,155.25293421120702,16.842056824527802,0.04626473096086222,0.26610527193104283,0.6814486735561375,22.47376678623472,LOW_VALUE,-47.496381679898185,2
SITE-C-INDUSTRIAL,132.47655937766828,22.402657153392425,0.07128568468135091,0.22813070741683833,0.6240723056487728,33.17822720891672,LOW_VALUE,-10.017739037771108,2
SITE-C-INDUSTRIAL,44.75366674291671,2.5820682152414065,0.00295358387224195,0.009811066388181232,0.984048856066548,85.83078974835023,LOW_VALUE,33.560094090356564,5
SITE-C-INDUSTRIAL,35.190939128044135,3.999221030714412,0.00446704223648616,0.011266566994739215,0.970389193685785,102.91149125885066,LOW_VALUE,54.835774831152804,5
SITE-C-INDUSTRIAL,44.18898958384721,3.537461335320195,0.0059039322114156,0.007081987068381693,0.9844191984692203,135.55450764593846,LOW_VALUE,15.376713705839268,4
SITE-C-INDUSTRIAL,33.32589899188145,3.167646756543043,0.003167410419675959,0.011019794824112224,0.997724347274592,83.08576913872149,LOW_VALUE,18.711296503495348,4
SITE-C-INDUSTRIAL,39.44232016758952,4.5362182821409345,0.0051069245056943584,0.008198503748200827,0.9764875689256494,117.23667926561482,LOW_VALUE,13.282116076610142,5
SITE-C-INDUSTRIAL,37.3986065735714,3.454542578452922,0.005268388604805143,0.005671633512766151,0.9705812137103722,135.93002291852804,LOW_VALUE,60.53415575695271,4
SITE-C-INDUSTRIAL,36.73655821538009,2.4272867291477356,0.0030685444404002647,0.01096993252416133,0.9882183894727602,92.09292182314077,LOW_VALUE,10.701042732448922,3
SITE-C-INDUSTRIAL,139.28567136820254,18.12889190825685,0.05032857529022046,0.17126035153992275,0.7347577509349309,25.900993490325497,LOW_VALUE,-56.55024681466443,1
SITE-C-INDUSTRIAL,189.03232126420278,22.88996019182041,0.046414404129498446,0.13484783015628835,0.6656381194160883,21.31156764474156,LOW_VALUE,-23.165552694322393,1
SITE-C-INDUSTRIAL,198.4936610957416,18.677643166376345,0.06702650290972412,0.12954024513007975,0.7241820934098862,22.719405220829646,LOW_VALUE,-14.183007436456464,1
SITE-C-INDUSTRIAL,37.549703404365864,4.28780251098852,0.003205317915991752,0.014340699699988003,0.9770080103478812,134.7140877136327,LOW_VALUE,11.186102163791169,5
SITE-C-INDUSTRIAL,37.321343397631665,4.275742410069757,0.001907376472970275,0.008421229510745816,0.9976248374649322,91.83432840841142,LOW_VALUE,27.760316343780826,5
SITE-C-INDUSTRIAL,31.613024315088097,2.516813158846799,0.0016167034199850686,0.014875380444532092,0.9776456142920508,124.59543858958722,LOW_VALUE,14.297575779078135,4
SITE-C-INDUSTRIAL,166.73168609434438,22.349089911962345,0.0717127323423956,0.18336220049181162,0.7251737127913895,26.218116348210025,LOW_VALUE,-47.50843576494698,1
SITE-C-INDUSTRIAL,190.77515339400097,16.935778191584536,0.058885202637067785,0.18926728524214217,0.7251671705536896,31.728155405485914,LOW_VALUE,-68.75546707427323,1
SITE-C-INDUSTRIAL,25.524966704919763,2.071187920372652,0.003585547506271201,0.010352967523239233,0.983760358561712,135.03796194215468,LOW_VALUE,55.019071995520214,3
SITE-C-INDUSTRIAL,41.408923557871965,4.4210833311695215,0.005446516416077944,0.012571025120233555,0.9754649958983395,110.83594663286688,LOW_VALUE,52.17301430492091,5
SITE-C-INDUSTRIAL,35.15603457204047,2.9625363954117985,0.0018568695877632993,0.014023093497565007,0.9809470500033336,81.5143470653944,LOW_VALUE,31.5005502159332,3
SITE-C-INDUSTRIAL,199.06808278556522,16.895121307291152,0.04171405698241587,0.26907220093555534,0.7109664807807159,34.59768190519987,LOW_VALUE,-61.89324263195482,2
SITE-C-INDUSTRIAL,198.52631474328894,17.57801651547031,0.08100333966779519,0.24568145457034862,0.6903266517256965,21.815376028957754,LOW_VALUE,-23.47824239842162,2
SITE-C-INDUSTRIAL,136.12142624791485,23.990261318278336,0.053998641423558716,0.20235007686656398,0.6491265952570817,23.948416824379446,LOW_VALUE,-40.160815630051104,1
SITE-C-INDUSTRIAL,44.683283332970966,3.2934284836305294,0.0027188953003268544,0.008492240005422145,0.9867674185220472,98.94405624249785,LOW_VALUE,34.52738319164016,4
SITE-C-INDUSTRIAL,39.46351748295561,3.970928722006789,0.0017043647316121744,0.011744598056379002,0.976471351622525,130.88489455945685,LOW_VALUE,63.84903160635681,4
SITE-C-INDUSTRIAL,196.32351002593427,21.32441843234832,0.07662992527605252,0.2290503868250016,0.6500502741466456,22.059363302778113,LOW_VALUE,-38.78711541712583,1
SITE-C-INDUSTRIAL,34.022970655128894,4.94611221345456,0.005502769354118878,0.009438537383528643,0.9954824715182771,95.9435998015976,LOW_VALUE,18.757626127581766,5
SITE-C-INDUSTRIAL,41.20608915393839,4.095288930572705,0.00254857658894076,0.00993050298601712,0.993098449779024,123.78143902503805,LOW_VALUE,66.99562655649554,4
SITE-C-INDUSTRIAL,38.325047005332905,2.848276231295106,0.005788383875558742,0.009945629630380065,0.9891658878629113,139.5867658898834,LOW_VALUE,42.270153566412866,3
SITE-C-INDUSTRIAL,36.6315607226891,4.518730834767792,0.004365331777093436,0.006457984361458289,0.9716796650186952,134.0936965053861,LOW_VALUE,55.277030635514315,4
SITE-C-INDUSTRIAL,38.23579186197505,3.8212122192390074,0.0047626461661115956,0.014281731353129677,0.9790648698909882,83.35846318704436,LOW_VALUE,50.66254072683007,3
SITE-C-INDUSTRIAL,177.5622122020551,21.83419744819163,0.0737689169576046,0.24192121847495404,0.7263523148750272,22.711035051827196,LOW_VALUE,-43.58765636170949,1
SITE-C-INDUSTRIAL,30.35524529977897,4.957184449854695,0.005188531519734417,0.012888294645519913,0.9960379519157585,94.68569248908635,LOW_VALUE,41.852978604059295,3
SITE-C-INDUSTRIAL,25.99805136333106,2.7469740481795086,0.005120680876910082,0.007572065181983922,0.9971719989713097,108.23783242672502,LOW_VALUE,40.00716620701782,4
SITE-C-INDUSTRIAL,33.17413496601924,2.6655372711098333,0.0018459925969085608,0.006650474689800493,0.9932811212470447,101.99269944259318,LOW_VALUE,45.544106126106364,3
SITE-C-INDUSTRIAL,194.0868607452528,20.148117294336142,0.06322063659228203,0.2615813585700564,0.6278279166037085,34.7090677658258,LOW_VALUE,-26.31911285648009,2
SITE-C-INDUSTRIAL,183.2212348804349,17.308253463371678,0.062345748659221906,0.13925614540312978,0.6835479535801791,28.337211645616968,LOW_VALUE,-67.74221651829565,1
SITE-C-INDUSTRIAL,27.958015355805916,3.4845409637253772,0.0044636225715060755,0.01230034339515398,0.9829884117121293,90.33206694631181,LOW_VALUE,68.59955650050611,4
SITE-C-INDUSTRIAL,123.06794049245154,22.584506066443232,0.07934373861145964,0.22793444115299222,0.6814346194609814,26.956037232920448,LOW_VALUE,-22.404674756490905,2
SITE-C-INDUSTRIAL,36.87226713141912,3.9189177839418736,0.005193392669925835,0.008388198896647731,0.9752783109633635,125.11279752757,LOW_VALUE,46.9584093816989,4
SITE-C-INDUSTRIAL,40.08561413078072,2.0989003852697596,0.003530300626869883,0.012036384913277317,0.9971963758980937,122.54751042394096,LOW_VALUE,24.18713594293626,4
SITE-C-INDUSTRIAL,197.10675622122528,23.59465056964749,0.06119093066480842,0.18175317032280103,0.6350862213531928,29.661562261408342,LOW_VALUE,-61.56672265032739,1
SITE-C-INDUSTRIAL,33.9902604123347,2.0620893633909163,0.0015262235494629692,0.006524235797368957,0.98958604767194,102.05921333715028,LOW_VALUE,49.574321235252846,4
SITE-C-INDUSTRIAL,183.35707008382596,19.97097005332151,0.086786529489668,0.23476771395006213,0.6782079733856399,34.589914527288926,LOW_VALUE,-57.396306653578584,2
SITE-C-INDUSTRIAL,122.57553756054988,18.10483939767311,0.04355556647183796,0.13725005017230807,0.7321708592645201,25.574129318689153,LOW_VALUE,-41.06328204777691,1
SITE-C-INDUSTRIAL,37.72119153994463,2.5623670992278917,0.0024481935446766154,0.006265503271113352,0.9971626280339239,89.42397452955794,LOW_VALUE,47.91186206438849,5
SITE-C-INDUSTRIAL,186.43398137524719,20.068175602707775,0.0680192600797511,0.23257157868163097,0.7041366804387852,25.81700860546441,LOW_VALUE,-69.95859938028697,1
SITE-C-INDUSTRIAL,32.64145353767826,4.546204385175868,0.005260644038785219,0.009058276455921738,0.987898069485433,94.23117437774194,LOW_VALUE,38.86507932026228,5
SITE-C-INDUSTRIAL,38.3933503986003,4.693716883117563,0.0022442787647005673,0.007068404002400822,0.9700587696027875,115.20498920012437,LOW_VALUE,27.636463796001426,3
SITE-C-INDUSTRIAL,156.09362240311322,20.679976170286352,0.07755972592834677,0.2528482120462903,0.7208575509267874,27.39991713892013,LOW_VALUE,-15.644076441789949,1
SITE-C-INDUSTRIAL,33.911544057944795,4.246445671325153,0.004641699494107235,0.008988921117846,0.9779654039659327,117.80462613354757,LOW_VALUE,66.0589594547657,3
SITE-C-INDUSTRIAL,159.97094030243272,17.469428220307623,0.08435873874279627,0.12813725612968496,0.6928314973761179,21.349953241889672,LOW_VALUE,-49.10500794218073,1
SITE-C-INDUSTRIAL,173.3232064479335,17.65893288228597,0.05054024259057503,0.1706900581356993,0.6106341674685845,33.231346174171826,LOW_VALUE,-58.88215343987859,2
SITE-C-INDUSTRIAL,127.846256655069,19.527769770593846,0.041275956800538936,0.223183782364547,0.6601702360431828,26.19345571759858,LOW_VALUE,-69.50153374897025,2
SITE-C-INDUSTRIAL,139.72683676217133,24.850482515866307,0.07753205447948486,0.20130989500111227,0.6974018692927745,32.12621398529569,LOW_VALUE,-30.85651504563014,2
SITE-C-INDUSTRIAL,44.54552485941393,3.7400143599616578,0.005135506814977773,0.014133357583037843,0.9761569143940945,117.67203818971157,LOW_VALUE,60.91833477464224,3
SITE-C-INDUSTRIAL,34.190699453385704,4.595046405322381,0.0034547469184706683,0.007941713800847652,0.9833287755941409,129.47174066801043,LOW_VALUE,14.739728565082954,5
SITE-C-INDUSTRIAL,125.060673892897,16.330503080250743,0.05160218588862273,0.1405637124549295,0.7472523056940306,24.044832794693818,LOW_VALUE,-37.724824422262074,1
SITE-C-INDUSTRIAL,194.13328925946206,15.433377475660233,0.08399468847063155,0.1272145378527938,0.6600105567208405,23.072873954386136,LOW_VALUE,-29.77989028665681,2
SITE-C-INDUSTRIAL,41.28565455248067,2.884362063931643,0.0017899155936392849,0.012602642873433375,0.9906107801380297,107.27242422904206,LOW_VALUE,35.92787029901281,4
SITE-C-INDUSTRIAL,27.5306085818364,3.786510591302933,0.005291314398406422,0.006018031072894745,0.9922888635957274,129.13440098172742,LOW_VALUE,24.914631084400394,4
SITE-C-INDUSTRIAL,154.21746231532535,24.89331817094927,0.08539330176553597,0.2592691666811214,0.6950101872604115,33.26917259122439,LOW_VALUE,-45.277340378407864,1
SITE-C-INDUSTRIAL,39.74507856323065,3.0047913339523644,0.002861100608276293,0.0062476322347740105,0.9960976433415907,107.17368195035185,LOW_VALUE,67.60097008837151,4
SITE-C-INDUSTRIAL,170.25277206356222,24.96966440414203,0.07494113523549364,0.254319544244545,0.6100776915995635,28.015638622465346,LOW_VALUE,-67.25037490403858,1
SITE-C-INDUSTRIAL,31.4306544526924,2.5503458016993052,0.0027411335273907376,0.012801326615988356,0.9795464787818412,127.7115809742205,LOW_VALUE,31.755080586277668,4
SITE-C-INDUSTRIAL,37.18550903651122,4.820377631738934,0.0021311693093187486,0.012704793241219817,0.9834591647048594,92.35332824530987,LOW_VALUE,19.996627094458724,5
SITE-C-INDUSTRIAL,41.994883443498544,2.911099334919462,0.002698017187293415,0.0062225719846614805,0.9858819550864854,86.61947069989179,LOW_VALUE,28.836955296804206,3
SITE-C-INDUSTRIAL,35.361448362831254,2.929906154007566,0.004769334620870889,0.005008593182863625,0.9921635791118807,128.40020401763564,LOW_VALUE,39.20766137589041,4
SITE-C-INDUSTRIAL,192.01326999270054,22.161166980190856,0.08868754467799389,0.14870352005593188,0.6869836550889633,31.730417489165575,LOW_VALUE,-38.97097759871535,1
SITE-C-INDUSTRIAL,130.62240133639776,24.42546920062115,0.05060725722864861,0.2279918824172552,0.6594213414136316,31.734565955746525,LOW_VALUE,-26.050112790114028,1
SITE-C-INDUSTRIAL,26.562894284337947,4.253482361207972,0.0024093660913219123,0.0061874122748009,0.9713158684582773,97.54699863275862,LOW_VALUE,17.847882109163596,4
SITE-C-INDUSTRIAL,152.30293083939188,18.463689025054826,0.053435413301618676,0.14696803246130397,0.6584542792692483,28.090038242195913,LOW_VALUE,-52.62873598767302,2
SITE-C-INDUSTRIAL,27.033730507463606,3.147152268976267,0.002033192804578114,0.012256956576921368,0.9860568431432629,134.6095588515603,LOW_VALUE,50.00203276085785,3
SITE-C-INDUSTRIAL,26.581997584037932,2.0346512214223984,0.004203469315705261,0.0128451370836377,0.9958573514843754,139.34043354036356,LOW_VALUE,62.58980980381572,5
SITE-C-INDUSTRIAL,32.07450858143636,4.933971362933611,0.005872672845574229,0.012074778369016824,0.9769519162072516,113.75060238860914,LOW_VALUE,51.058960368769405,4
SITE-C-INDUSTRIAL,37.88786575599464,4.396609641348208,0.004879295635578046,0.01153198026814603,0.9734757673408759,124.24305389698222,LOW_VALUE,38.14254777514102,3
SITE-C-INDUSTRIAL,159.17416676480406,18.174015416341028,0.06414020163331965,0.26730174380482424,0.6345211063605146,33.210602880563876,LOW_VALUE,-21.32949101903229,2
SITE-C-INDUSTRIAL,177.69766836362413,22.439152280060757,0.07787720724427882,0.15789532033475606,0.693922771425474,29.716100621026037,LOW_VALUE,-60.96782249693126,2
SITE-C-INDUSTRIAL,126.05561511516159,15.720606731822569,0.0502812450529689,0.188138267883228,0.6127069900142668,31.441257703427596,LOW_VALUE,-58.47818500171822,2
