site_id,hour_ts,total_calls,dropped_calls,failed_calls,blocked_calls,success_rate,latency_ms,jitter_ms,packet_drop_rate,call_drop_rate,rrc_setup_success_rate,throughput_mbps,alarm_count,critical_alarm_count,event_count,capacity_erlangs,region,site_type
SITE-A-DOWNTOWN,2026-08-01 00:00:00,11,0,0,0,1.0,37.50190933209334,4.6916414029087266,0.004878428451225968,0.007252071899905919,0.9790049885473368,132.41320672377572,0,0,0,800,DEMO,MACRO
SITE-A-DOWNTOWN,2026-08-01 01:00:00,15,0,0,0,1.0,41.424568367655326,4.391208286256139,0.003339674764218604,0.008030324268193136,0.9783527683630232,95.29217525924747,0,0,0,800,DEMO,MACRO
SITE-A-DOWNTOWN,2026-08-01 02:00:00,13,0,0,0,1.0,35.09096517915907,3.6604920562234775,0.005977501417171963,0.012926619192137532,0.9886653768832349,139.3376088609131,0,0,0,800,DEMO,MACRO
SITE-A-DOWNTOWN,2026-08-01 03:00:00,20,0,0,0,1.0,28.20424067715689,3.8376188128190925,0.0012197100398069168,0.0053568027877359614,0.9854466646081411,107.97236151951735,0,0,0,800,DEMO,MACRO
SITE-A-DOWNTOWN,2026-08-01 04:00:00,18,0,0,0,1.0,37.58452508982021,3.5423529397985414,0.0034843671769675213,0.007475149220273309,0.9703538207662752,91.54412863911864,0,0,0,800,DEMO,MACRO
SITE-A-DOWNTOWN,2026-08-01 05:00:00,20,0,0,0,1.0,29.012134479739906,3.10860893180662,0.0010186712102603797,0.013300477298017456,0.9746338324318432,96.05595827382713,0,0,0,800,DEMO,MACRO
SITE-A-DOWNTOWN,2026-08-01 06:00:00,16,0,0,0,1.0,35.195816197368465,4.541450739097608,0.004198585834712632,0.01241770947361857,0.9727448681518913,112.46862928258932,0,0,0,800,DEMO,MACRO
SITE-A-DOWNTOWN,2026-08-01 07:00:00,13,0,0,0,1.0,42.42678753385761,3.083792177042473,0.0039909203360360655,0.005592516423455036,0.9816289540333218,99.3821807754924,0,0,0,800,DEMO,MACRO
SITE-A-DOWNTOWN,2026-08-01 08:00:00,66,1,1,0,0.9696969696969697,41.32676207638151,3.1383385146509375,0.005893739422056108,0.010899916930106102,0.9881516876148955,118.27979484729994,0,0,0,800,DEMO,MACRO
SITE-A-DOWNTOWN,2026-08-01 09:00:00,50,0,0,0,1.0,28.015760383367375,3.3209404015645627,0.0021978198091476167,0.009024982981039816,0.9729011228179524,138.0696830629293,0,0,0,800,DEMO,MACRO
SITE-A-DOWNTOWN,2026-08-01 10:00:00,76,1,1,1,0.9605263157894737,38.4353032522257,2.9012602444372106,0.005370385130747522,0.011622147383384539,0.9739484744742491,130.70445925247319,0,0,0,800,DEMO,MACRO
SITE-A-DOWNTOWN,2026-08-01 11:00:00,48,0,0,0,1.0,43.07833576391853,3.7091574435778316,0.0017272997688046346,0.006924634949683324,0.9978371705423357,113.13958926003582,0,0,0,800,DEMO,MACRO
SITE-A-DOWNTOWN,2026-08-01 12:00:00,43,0,0,0,1.0,42.681137883929395,3.9247151156674422,0.0038484713723690397,0.0087628783612992,0.9823286584647138,94.36935276091069,0,0,0,800,DEMO,MACRO
SITE-A-DOWNTOWN,2026-08-01 13:00:00,55,0,0,0,1.0,42.52437616218542,3.4031906504422884,0.0037381759960686766,0.008221633097802251,0.9925397475956478,81.51181224810563,0,0,0,800,DEMO,MACRO
SITE-A-DOWNTOWN,2026-08-01 14:00:00,73,1,1,0,0.9726027397260274,25.607005887682234,2.3686763066150283,0.005835741176986839,0.011577607300385144,0.9828466073916844,111.42440647462882,0,0,0,800,DEMO,MACRO
SITE-A-DOWNTOWN,2026-08-01 15:00:00,75,1,1,0,0.9733333333333334,31.884213339920525,3.7708729468691438,0.0044184218666977184,0.00855413777023512,0.9855729545948797,125.91484299671136,0,0,0,800,DEMO,MACRO
SITE-A-DOWNTOWN,2026-08-01 16:00:00,57,1,0,0,0.9824561403508771,28.02124556153631,4.800258176922286,0.0010258943290771608,0.01252977503597754,0.9943158049095173,88.20584309255489,0,0,0,800,DEMO,MACRO
SITE-A-DOWNTOWN,2026-08-01 17:00:00,50,1,0,0,0.98,41.305125559900915,2.042813569053832,0.004142309739331454,0.012930236580980341,0.9853901074846663,123.55096523306523,0,0,0,800,DEMO,MACRO
SITE-A-DOWNTOWN,2026-08-01 18:00:00,54,0,0,0,1.0,28.970422959853458,3.089380851651055,0.0018970301378357325,0.008460614391124784,0.9984437218423244,114.39996305666725,0,0,0,800,DEMO,MACRO
SITE-A-DOWNTOWN,2026-08-01 19:00:00,74,1,0,0,0.9864864864864865,30.430492396175705,4.856118472122567,0.0032223910482355664,0.014803947508805895,0.9854656800731881,111.26996774157344,0,0,0,800,DEMO,MACRO
SITE-A-DOWNTOWN,2026-08-01 20:00:00,44,1,0,0,0.9772727272727273,39.855348364300795,3.7419585915584674,0.0031332475191812917,0.013781878594182805,0.9823493844972067,135.36557457010804,0,0,0,800,DEMO,MACRO
SITE-A-DOWNTOWN,2026-08-01 21:00:00,68,1,1,0,0.9705882352941176,33.59993723802326,3.558544459633577,0.005754690977909249,0.007509992466647582,0.9941811744178632,120.5882719999156,0,0,0,800,DEMO,MACRO
SITE-A-DOWNTOWN,2026-08-01 22:00:00,50,0,0,0,1.0,37.59244365680407,4.91468212538474,0.002663407296056624,0.008982755596793707,0.9760873525664054,83.04224331633623,0,0,0,800,DEMO,MACRO
SITE-A-DOWNTOWN,2026-08-01 23:00:00,18,0,0,0,1.0,43.309287942478164,4.520506451475169,0.001562028707462895,0.011037790253168655,0.9843758948466887,115.68109222929672,0,0,0,800,DEMO,MACRO
SITE-A-DOWNTOWN,2026-08-02 00:00:00,12,0,0,0,1.0,31.13318981777744,4.884052534209371,0.0033292001753056247,0.01128100854864907,0.9890567855169914,91.03336379058148,0,0,0,800,DEMO,MACRO
SITE-A-DOWNTOWN,2026-08-02 01:00:00,19,0,0,0,1.0,33.2303364699595,4.292090265315406,0.005076108941458859,0.012299892490020649,0.9733961485757566,134.80129169186273,0,0,0,800,DEMO,MACRO
SITE-A-DOWNTOWN,2026-08-02 02:00:00,14,0,0,0,1.0,42.55382733299067,3.5699124589255318,0.005578177175503662,0.005466522379538872,0.970908665017948,81.21293440136881,0,0,0,800,DEMO,MACRO
SITE-A-DOWNTOWN,2026-08-02 03:00:00,18,0,0,0,1.0,29.971395464179658,2.5625100030678998,0.003835279091926978,0.005389858410330454,0.9877116360350455,89.96066918283302,0,0,0,800,DEMO,MACRO
SITE-A-DOWNTOWN,2026-08-02 04:00:00,17,0,0,0,1.0,25.42150708887782,2.9317105911595847,0.00569170643432307,0.010383963798772447,0.9943476220824025,119.48156489670355,0,0,0,800,DEMO,MACRO
SITE-A-DOWNTOWN,2026-08-02 05:00:00,12,0,0,0,1.0,28.82505360169795,3.7231842447734182,0.0011984320922950001,0.013016644050918732,0.9988021275107852,131.2405442805107,0,0,0,800,DEMO,MACRO
SITE-A-DOWNTOWN,2026-08-02 06:00:00,19,0,0,0,1.0,31.77320166760437,2.954009593586847,0.00156358495861435,0.01126611819328121,0.9939237452609899,98.82328832013464,0,0,0,800,DEMO,MACRO
SITE-A-DOWNTOWN,2026-08-02 07:00:00,17,0,0,0,1.0,40.942538256922596,2.3874138244229743,0.004834295783690776,0.013826207199019183,0.9759184770949524,114.41847076991138,0,0,0,800,DEMO,MACRO
SITE-A-DOWNTOWN,2026-08-02 08:00:00,54,1,0,0,0.9814814814814815,37.186685149851996,2.2887370328841303,0.004305957305074746,0.011319547246795188,0.9947165646700604,128.2107619478197,0,0,0,800,DEMO,MACRO
SITE-A-DOWNTOWN,2026-08-02 09:00:00,50,0,1,0,0.98,39.440946658531075,4.601820162717068,0.0054647387909539475,0.006615123269469993,0.9708010705025885,119.04844660533371,0,0,0,800,DEMO,MACRO
SITE-A-DOWNTOWN,2026-08-02 10:00:00,46,0,0,0,1.0,36.27419448534138,4.834413589420523,0.0028965981212628385,0.007527745503843068,0.9836953014988561,119.43463479624401,0,0,0,800,DEMO,MACRO
SITE-A-DOWNTOWN,2026-08-02 11:00:00,61,1,1,0,0.9672131147540983,32.611695270010856,2.401163566515568,0.004312231108071269,0.01330552532263184,0.9813056134422634,102.3034371664651,0,0,0,800,DEMO,MACRO
SITE-A-DOWNTOWN,2026-08-02 12:00:00,63,1,0,1,0.9682539682539683,29.301155592761873,2.7422287748503127,0.0026492614164120706,0.009574256981382175,0.9724459438090772,125.16392818202034,0,0,0,800,DEMO,MACRO
SITE-A-DOWNTOWN,2026-08-02 13:00:00,45,0,0,0,1.0,30.993877457810022,2.2326397170530083,0.004815904757007406,0.006310789882913207,0.9739961992704903,87.8410547484366,0,0,0,800,DEMO,MACRO
SITE-A-DOWNTOWN,2026-08-02 14:00:00,58,1,0,0,0.9827586206896551,43.127847308005144,2.8077328990201713,0.0025320528960343014,0.013327943100020678,0.988597703791354,91.22860319244313,0,0,0,800,DEMO,MACRO
SITE-A-DOWNTOWN,2026-08-02 15:00:00,72,0,1,0,0.9861111111111112,42.678449294442935,3.126122051058391,0.004554407765982669,0.005968077088364681,0.9918197433021563,126.5884114439148,0,0,0,800,DEMO,MACRO
SITE-A-DOWNTOWN,2026-08-02 16:00:00,52,1,0,0,0.9807692307692307,38.484019808704225,3.1121983844787575,0.0013210600008305181,0.01018776234060295,0.9927237971914661,91.45029220938063,0,0,0,800,DEMO,MACRO
SITE-A-DOWNTOWN,2026-08-02 17:00:00,65,0,1,0,0.9846153846153847,35.722400847587444,4.244994688693758,0.005482933653795897,0.006257415175341692,0.9755281063859949,127.97221828328857,0,0,0,800,DEMO,MACRO
SITE-A-DOWNTOWN,2026-08-02 18:00:00,65,1,1,0,0.9692307692307692,39.419455836199546,4.990313495093941,0.005695899793454405,0.013430250668415862,0.9933134742715954,103.70115291238622,0,0,0,800,DEMO,MACRO
SITE-A-DOWNTOWN,2026-08-02 19:00:00,57,1,1,0,0.9649122807017544,28.68891284893158,4.278483395842418,0.004788453322591944,0.01221295213634719,0.9833439707328033,102.69081972744927,0,0,0,800,DEMO,MACRO
SITE-A-DOWNTOWN,2026-08-02 20:00:00,56,0,0,0,1.0,25.66678470222493,4.532960349234479,0.003711849387773857,0.008875186390017314,0.9864408630479812,123.29841311117974,0,0,0,800,DEMO,MACRO
SITE-A-DOWNTOWN,2026-08-02 21:00:00,47,0,0,0,1.0,41.612813468239835,4.758390038916161,0.002937161486553222,0.006378161543499311,0.9928111988797055,139.57693152491635,0,0,0,800,DEMO,MACRO
SITE-A-DOWNTOWN,2026-08-02 22:00:00,46,0,1,0,0.9782608695652174,39.253513521229294,4.475970200900121,0.0056028597249818055,0.006233814142775743,0.9727542973945482,139.27229491079203,0,0,0,800,DEMO,MACRO
SITE-A-DOWNTOWN,2026-08-02 23:00:00,13,0,0,0,1.0,28.53615118273792,3.724858801487057,0.0032313651814481733,0.01250392191327833,0.9757167174447434,134.86566569359516,0,0,0,800,DEMO,MACRO
SITE-A-DOWNTOWN,2026-08-03 00:00:00,18,0,0,0,1.0,40.382219803732795,2.202810575822182,0.003367012938785827,0.00532558326645193,0.9794143211919131,98.73384045050175,0,0,0,800,DEMO,MACRO
SITE-A-DOWNTOWN,2026-08-03 01:00:00,15,0,0,0,1.0,34.10034966304799,2.17032308717875,0.005976808297144985,0.013886993067083329,0.9974897180492021,94.79453180441833,0,0,0,800,DEMO,MACRO
SITE-A-DOWNTOWN,2026-08-03 02:00:00,19,0,0,0,1.0,29.543590018267068,2.374719146532997,0.0011651196233286784,0.01003336447986407,0.9736940096819917,90.57826228208762,0,0,0,800,DEMO,MACRO
SITE-A-DOWNTOWN,2026-08-03 03:00:00,16,0,0,0,1.0,34.684855372678626,2.551110563060748,0.004349322799086561,0.0076586487769481956,0.9858081160015016,96.97717207174067,0,0,0,800,DEMO,MACRO
SITE-A-DOWNTOWN,2026-08-03 04:00:00,13,0,0,0,1.0,37.57067181498304,3.608624238623803,0.002978020536474503,0.012908137987705293,0.9962031234743705,90.76227582129238,0,0,0,800,DEMO,MACRO
SITE-A-DOWNTOWN,2026-08-03 05:00:00,16,0,0,0,1.0,27.263832815640853,4.9387901913449515,0.005707956514279589,0.007306671823011025,0.9990972272074651,92.46906002740424,0,0,0,800,DEMO,MACRO
SITE-A-DOWNTOWN,2026-08-03 06:00:00,13,0,0,0,1.0,34.9477008843903,4.74486770821652,0.0012026442994738824,0.008153508144343815,0.9879992409539718,83.98389311019673,0,0,0,800,DEMO,MACRO
SITE-A-DOWNTOWN,2026-08-03 07:00:00,19,0,0,0,1.0,34.30126908195081,4.642571080607683,0.00480479760828894,0.013289804695617413,0.9928320931758794,122.46324656298698,0,0,0,800,DEMO,MACRO
SITE-A-DOWNTOWN,2026-08-03 08:00:00,75,1,0,0,0.9866666666666667,38.629533814733776,4.207049177940803,0.002508222513761071,0.006676407228987416,0.9926957493746736,89.95023774611967,0,0,0,800,DEMO,MACRO
SITE-A-DOWNTOWN,2026-08-03 09:00:00,77,1,1,0,0.974025974025974,36.93285674712243,2.9883023386154757,0.005683215783261754,0.006551302719378448,0.9854339901308574,85.49324439297416,0,0,0,800,DEMO,MACRO
SITE-A-DOWNTOWN,2026-08-03 10:00:00,76,1,0,0,0.9868421052631579,36.50752123623258,4.410999793400162,0.0024096120932385143,0.013017966266685388,0.9910852589676729,118.62088818756112,0,0,0,800,DEMO,MACRO
SITE-A-DOWNTOWN,2026-08-03 11:00:00,50,1,0,0,0.98,33.66982676190486,3.2452653007763814,0.004460605643925084,0.013350553061430397,0.9800522806010138,120.17942328174436,0,0,0,800,DEMO,MACRO
SITE-A-DOWNTOWN,2026-08-03 12:00:00,59,1,0,1,0.9661016949152542,36.03399947305766,4.3075151056043985,0.0013265747557508491,0.012278420654442717,0.970462974308515,137.50100173971745,0,0,0,800,DEMO,MACRO
SITE-A-DOWNTOWN,2026-08-03 13:00:00,62,1,0,1,0.967741935483871,33.181417125627576,4.161333952603156,0.0036164943498304585,0.012308488553232634,0.9725427368420113,113.76751223977236,0,0,0,800,DEMO,MACRO
SITE-A-DOWNTOWN,2026-08-03 14:00:00,63,1,0,0,0.9841269841269842,43.6422778341764,2.1188167342658955,0.0032640982152820383,0.011310729121600327,0.9865224085380475,84.44966586904442,0,0,0,800,DEMO,MACRO
SITE-A-DOWNTOWN,2026-08-03 15:00:00,67,0,1,0,0.9850746268656716,29.443937704545284,2.586647538010544,0.005393454423738268,0.006978421077396865,0.9836287225601941,125.01721293435219,0,0,0,800,DEMO,MACRO
SITE-A-DOWNTOWN,2026-08-03 16:00:00,65,1,0,0,0.9846153846153847,36.06918011842597,4.421137240779171,0.003329080871019977,0.011203854337394313,0.9945674992215681,120.6854981607778,0,0,0,800,DEMO,MACRO
SITE-A-DOWNTOWN,2026-08-03 17:00:00,69,1,0,0,0.9855072463768116,33.12257447474232,3.6749703742800865,0.002980413319881686,0.01244292255297149,0.9814129046834275,107.99726925916669,0,0,0,800,DEMO,MACRO
SITE-A-DOWNTOWN,2026-08-03 18:00:00,58,1,1,0,0.9655172413793104,35.073115969453696,3.014097712045891,0.005134094694347117,0.008809625941329028,0.9953418730202346,127.11442416192273,0,0,0,800,DEMO,MACRO
SITE-A-DOWNTOWN,2026-08-03 19:00:00,66,1,0,0,0.9848484848484849,39.25781879459656,2.103169100752515,0.002948992019409186,0.01360333686196074,0.9873861807255507,113.46954957340387,0,0,0,800,DEMO,MACRO
SITE-A-DOWNTOWN,2026-08-03 20:00:00,58,0,0,0,1.0,38.553432639485116,3.7507947531413732,0.0031031465525496473,0.006834836881867965,0.978779261054076,97.5753306220718,0,0,0,800,DEMO,MACRO
SITE-A-DOWNTOWN,2026-08-03 21:00:00,74,1,0,0,0.9864864864864865,44.981175109596315,3.0576558256360142,0.0032368964090963427,0.008716275638264527,0.9874428321857461,136.87391476854876,0,0,0,800,DEMO,MACRO
SITE-A-DOWNTOWN,2026-08-03 22:00:00,73,1,1,0,0.9726027397260274,32.54277491409066,2.8007034261257986,0.005421993021756997,0.00993833338914159,0.9905662344135446,84.39748536977918,0,0,0,800,DEMO,MACRO
SITE-A-DOWNTOWN,2026-08-03 23:00:00,16,0,0,0,1.0,31.259303252338512,3.483580871862407,0.001990105408797285,0.009202426227262105,0.9948414675189037,129.6547548724219,0,0,0,800,DEMO,MACRO
SITE-A-DOWNTOWN,2026-08-04 00:00:00,18,0,0,0,1.0,40.3582140235703,3.374200597179719,0.0028667817008960423,0.010458889765804537,0.9760402230147848,98.99369149280406,0,0,0,800,DEMO,MACRO
SITE-A-DOWNTOWN,2026-08-04 01:00:00,18,0,0,0,1.0,40.41027963069361,2.1701244058857636,0.004664130700263743,0.013174299356982125,0.983355807197448,83.74723477165419,0,0,0,800,DEMO,MACRO
SITE-A-DOWNTOWN,2026-08-04 02:00:00,16,0,0,0,1.0,29.923273192623448,3.9300719867666594,0.00288311254533752,0.01137163520387895,0.9777440464023294,108.5922213544777,0,0,0,800,DEMO,MACRO
SITE-A-DOWNTOWN,2026-08-04 03:00:00,12,0,0,0,1.0,37.62026364861589,2.6095035247256155,0.005810255376012454,0.007891380757433565,0.9791806039530244,95.37874298960875,0,0,0,800,DEMO,MACRO
SITE-A-DOWNTOWN,2026-08-04 04:00:00,19,0,0,0,1.0,33.45845825803008,4.315508933950145,0.004547834683424243,0.006955724530403161,0.974107957076,99.28567642409422,0,0,0,800,DEMO,MACRO
SITE-A-DOWNTOWN,2026-08-04 05:00:00,15,0,0,0,1.0,34.761562717044505,4.769552547322058,0.004281918829634683,0.01120906780612134,0.9930307337814196,125.01549486157776,0,0,0,800,DEMO,MACRO
SITE-A-DOWNTOWN,2026-08-04 06:00:00,13,0,0,0,1.0,30.140168034553604,3.312864169177047,0.0034462359038565592,0.0064172277042391914,0.9832399658513034,118.38939535289975,0,0,0,800,DEMO,MACRO
SITE-A-DOWNTOWN,2026-08-04 07:00:00,13,0,0,0,1.0,27.7607577611791,2.521164237539815,0.00241665702679126,0.014617092748794424,0.9707737387778638,91.02434709686976,0,0,0,800,DEMO,MACRO
SITE-A-DOWNTOWN,2026-08-04 08:00:00,49,0,0,0,1.0,34.48696050307225,2.04521833559125,0.0032908661027118598,0.0066292244991349985,0.9780892066798925,127.54643634562386,0,0,0,800,DEMO,MACRO
SITE-A-DOWNTOWN,2026-08-04 09:00:00,74,1,0,1,0.972972972972973,37.34257666137928,3.218936809674239,0.0030879778461798493,0.013168454175979352,0.9748274486256155,135.4286135073247,0,0,0,800,DEMO,MACRO
SITE-A-DOWNTOWN,2026-08-04 10:00:00,76,1,1,0,0.9736842105263158,38.36643925675408,2.1483419621348174,0.004316542642454957,0.011003476823640092,0.9931661772589981,92.82989493960682,0,0,0,800,DEMO,MACRO
SITE-A-DOWNTOWN,2026-08-04 11:00:00,78,0,0,0,1.0,42.723942995281654,2.343071421243258,0.002576009292943146,0.0053244418891396006,0.9949284163782421,134.90568480007667,0,0,0,800,DEMO,MACRO
SITE-A-DOWNTOWN,2026-08-04 12:00:00,54,1,0,0,0.9814814814814815,37.23850035283496,3.997956736546336,0.004392027667480563,0.010701484348129328,0.9985726873404284,116.47167372370919,0,0,0,800,DEMO,MACRO
SITE-A-DOWNTOWN,2026-08-04 13:00:00,69,1,1,0,0.9710144927536232,35.25754479869068,2.0559886246436165,0.004620631524123623,0.011939210761945335,0.9826315342374075,131.088865428123,0,0,0,800,DEMO,MACRO
SITE-A-DOWNTOWN,2026-08-04 14:00:00,75,1,0,0,0.9866666666666667,31.733691967518325,2.2324939092119322,0.0016611151241443813,0.006842722293348068,0.9791175408703582,106.85094345323594,0,0,0,800,DEMO,MACRO
SITE-A-DOWNTOWN,2026-08-04 15:00:00,70,1,1,0,0.9714285714285714,30.568357957591637,4.695756989129304,0.004402310900532846,0.013534929150199358,0.9820976018406407,80.1966045148187,0,0,0,800,DEMO,MACRO
SITE-A-DOWNTOWN,2026-08-04 16:00:00,76,1,1,1,0.9605263157894737,29.909517024383177,2.4274406172875214,0.0049974579914222935,0.011863286499978245,0.9763724560252873,96.05490888323183,0,0,0,800,DEMO,MACRO
SITE-A-DOWNTOWN,2026-08-04 17:00:00,43,1,0,0,0.9767441860465116,30.370759501845342,4.107217634131569,0.0016477662332159524,0.013150358692078323,0.9735277003365292,110.96246760684565,0,0,0,800,DEMO,MACRO
SITE-A-DOWNTOWN,2026-08-04 18:00:00,53,0,0,0,1.0,36.00157091194687,4.539864841954133,0.001421992559572727,0.00774256579390541,0.9929407919017819,116.48589916743418,0,0,0,800,DEMO,MACRO
SITE-A-DOWNTOWN,2026-08-04 19:00:00,69,1,1,0,0.9710144927536232,37.578077589082305,3.3641309612670085,0.00531178132852724,0.007929399024978757,0.9927319180945696,118.14044930418927,0,0,0,800,DEMO,MACRO
SITE-A-DOWNTOWN,2026-08-04 20:00:00,68,1,1,1,0.9558823529411765,32.565232273985735,4.174763056791243,0.0044921304836961036,0.008874888921026785,0.9707935669095367,137.77479910281176,0,0,0,800,DEMO,MACRO
SITE-A-DOWNTOWN,2026-08-04 21:00:00,52,1,0,0,0.9807692307692307,29.094772968576002,4.192421640669238,0.00239341681786903,0.009692853928688138,0.9957966448184064,106.88432617696444,0,0,0,800,DEMO,MACRO
SITE-A-DOWNTOWN,2026-08-04 22:00:00,59,0,0,0,1.0,31.109822232280273,2.23105179996402,0.0020975278981885284,0.007711062293046007,0.9751890733804442,83.78394287600814,0,0,0,800,DEMO,MACRO
SITE-A-DOWNTOWN,2026-08-04 23:00:00,12,0,0,0,1.0,29.287922621956604,4.216311533253452,0.005612638814014615,0.007729846997235904,0.9871674487232961,110.40353989068588,0,0,0,800,DEMO,MACRO
SITE-A-DOWNTOWN,2026-08-05 00:00:00,20,0,0,0,1.0,27.497487647428397,4.654338373701456,0.0033707601891639753,0.013046099103060385,0.9719974223432246,115.68878819481546,0,0,0,800,DEMO,MACRO
SITE-A-DOWNTOWN,2026-08-05 01:00:00,14,0,0,0,1.0,42.34132193471708,2.0171672881202345,0.0036086005224948772,0.008690047492817564,0.9928012608729715,84.39313980876912,0,0,0,800,DEMO,MACRO
SITE-A-DOWNTOWN,2026-08-05 02:00:00,15,0,0,0,1.0,41.252855706443356,3.4086686676105202,0.0032657516074585382,0.01468558648077686,0.9795967198697119,82.50332351872218,0,0,0,800,DEMO,MACRO
SITE-A-DOWNTOWN,2026-08-05 03:00:00,14,0,0,0,1.0,28.067471231392613,2.24567556859305,0.0038393017839060805,0.014535756160584005,0.9873822272282913,118.82687285343118,0,0,0,800,DEMO,MACRO
SITE-A-DOWNTOWN,2026-08-05 04:00:00,17,0,0,0,1.0,36.42245713907118,4.256733540924548,0.003946424276758977,0.013027783741874889,0.9865141204137011,91.88864338826187,0,0,0,800,DEMO,MACRO
SITE-A-DOWNTOWN,2026-08-05 05:00:00,18,0,0,0,1.0,34.81871694221667,2.4978065973949777,0.004095829255802395,0.01316960542435432,0.9740526308043337,112.69675169828034,0,0,0,800,DEMO,MACRO
SITE-A-DOWNTOWN,2026-08-05 06:00:00,12,0,0,0,1.0,33.06035192365066,2.8101387236352235,0.0028614020533505513,0.010416985188371095,0.9905998111963877,113.55051330534602,0,0,0,800,DEMO,MACRO
SITE-A-DOWNTOWN,2026-08-05 07:00:00,20,0,0,0,1.0,41.357727864895324,4.771579142665436,0.0015064642122091117,0.007495194620881288,0.9752104356492973,130.9493098957986,0,0,0,800,DEMO,MACRO
SITE-A-DOWNTOWN,2026-08-05 08:00:00,48,0,0,0,1.0,25.885475085600778,2.997258241893882,0.0019624730652421617,0.009695327068893343,0.997647712818568,84.21039449901758,0,0,0,800,DEMO,MACRO
SITE-A-DOWNTOWN,2026-08-05 09:00:00,77,1,1,1,0.961038961038961,34.74058562962743,3.5721040842884255,0.004727506414970986,0.009376860385475288,0.9742341025431859,101.21671230830297,0,0,0,800,DEMO,MACRO
SITE-A-DOWNTOWN,2026-08-05 10:00:00,73,1,1,0,0.9726027397260274,40.01444293075446,2.349033114604319,0.00504104589419495,0.008109264639814835,0.9934418944633406,80.76328695170004,0,0,0,800,DEMO,MACRO
SITE-A-DOWNTOWN,2026-08-05 11:00:00,52,1,0,0,0.9807692307692307,28.246206476105353,3.367251786973108,0.004308777991454222,0.010078695682446267,0.9749619330267218,88.3471107925136,0,0,0,800,DEMO,MACRO
SITE-A-DOWNTOWN,2026-08-05 12:00:00,52,1,0,0,0.9807692307692307,26.047835140354167,2.6496343013301162,0.0016505250813762726,0.00964797014512623,0.9806952978802802,115.20993492202828,0,0,0,800,DEMO,MACRO
SITE-A-DOWNTOWN,2026-08-05 13:00:00,57,0,1,0,0.9824561403508771,25.678220970470637,2.9933304846700466,0.004775903520648286,0.007558381601172124,0.9821364530027936,125.2984628280739,0,0,0,800,DEMO,MACRO
SITE-A-DOWNTOWN,2026-08-05 14:00:00,58,1,0,0,0.9827586206896551,42.74248263898907,4.754205517845579,0.002552648190862778,0.0123596365308861,0.9775935094861469,88.37140223169764,0,0,0,800,DEMO,MACRO
SITE-A-DOWNTOWN,2026-08-05 15:00:00,77,1,0,0,0.987012987012987,37.049448580016325,4.806772676153096,0.0017295075951630485,0.012123626753264682,0.9842639351460869,87.9025578571261,0,0,0,800,DEMO,MACRO
SITE-A-DOWNTOWN,2026-08-05 16:00:00,76,0,1,1,0.9736842105263158,38.9153789691463,2.3865760272912837,0.005528777093113722,0.006030941605522346,0.9727797770409958,99.89305973266453,0,0,0,800,DEMO,MACRO
SITE-A-DOWNTOWN,2026-08-05 17:00:00,62,0,1,0,0.9838709677419355,25.66048962958209,4.754621723240607,0.004058057893475632,0.00567051638120258,0.9870577517628553,107.52744335109644,0,0,0,800,DEMO,MACRO
SITE-A-DOWNTOWN,2026-08-05 18:00:00,70,0,1,0,0.9857142857142858,39.74407082159344,4.035857291552188,0.0059861377403359894,0.006566690636338747,0.994385662562582,104.66557921427439,0,0,0,800,DEMO,MACRO
SITE-A-DOWNTOWN,2026-08-05 19:00:00,55,1,0,0,0.9818181818181818,42.835583475900165,4.975994563943608,0.0023302092248196696,0.009529382710382702,0.9982833782069045,136.74430279756322,0,0,0,800,DEMO,MACRO
SITE-A-DOWNTOWN,2026-08-05 20:00:00,56,1,0,0,0.9821428571428571,43.804189089686126,3.2176734658363593,0.0028738304948765394,0.012566193952731465,0.9841363548982306,106.89190737081215,0,0,0,800,DEMO,MACRO
SITE-A-DOWNTOWN,2026-08-05 21:00:00,71,1,0,0,0.9859154929577465,33.6560786381518,2.4194529392313844,0.0013051857372637862,0.012539931446854478,0.9869349984874276,120.3134388774919,0,0,0,800,DEMO,MACRO
SITE-A-DOWNTOWN,2026-08-05 22:00:00,54,0,0,0,1.0,29.602123249821297,2.7013187847351188,0.0023895431644077184,0.008039249911516156,0.992820727535452,102.45089517470765,0,0,0,800,DEMO,MACRO
SITE-A-DOWNTOWN,2026-08-05 23:00:00,17,0,0,0,1.0,37.72603139891946,2.5597115041102976,0.0015321007504308867,0.011971332381926337,0.9926933599600449,97.78187617621302,0,0,0,800,DEMO,MACRO
SITE-A-DOWNTOWN,2026-08-06 00:00:00,17,0,0,0,1.0,25.68153135785191,3.2129569417386756,0.003889791814279383,0.00753418527063009,0.9804464470571617,116.57297382865187,0,0,0,800,DEMO,MACRO
SITE-A-DOWNTOWN,2026-08-06 01:00:00,13,0,0,0,1.0,28.08381474932486,4.119745658637283,0.0014001463788843958,0.014697246741407665,0.9760708587452084,95.21288856014564,0,0,0,800,DEMO,MACRO
SITE-A-DOWNTOWN,2026-08-06 02:00:00,16,0,0,0,1.0,44.82997919055162,2.8597847613962117,0.0040264613724440845,0.014906341524436647,0.9985020356728608,82.54098974341379,0,0,0,800,DEMO,MACRO
SITE-A-DOWNTOWN,2026-08-06 03:00:00,16,0,0,0,1.0,37.026093527125155,4.107185184684818,0.002679546574929108,0.008279086101308062,0.9701285204682585,82.11420207356008,0,0,0,800,DEMO,MACRO
SITE-A-DOWNTOWN,2026-08-06 04:00:00,15,0,0,0,1.0,26.517742025426873,2.6074436347084937,0.0026663595811022324,0.0057047125849617065,0.9709257951996368,135.6152269647913,0,0,0,800,DEMO,MACRO
SITE-A-DOWNTOWN,2026-08-06 05:00:00,17,0,0,0,1.0,29.097689212804074,4.125355404047503,0.0010472267063919413,0.007450172476458294,0.9988224891716632,133.8614103754982,0,0,0,800,DEMO,MACRO
SITE-A-DOWNTOWN,2026-08-06 06:00:00,17,0,0,0,1.0,26.864055427379782,2.954152535791435,0.00113966275078847,0.0071919100448449465,0.97076302370749,87.56982073806373,0,0,0,800,DEMO,MACRO
SITE-A-DOWNTOWN,2026-08-06 07:00:00,19,0,0,0,1.0,27.008856885158934,2.4672892272440237,0.005514039915190164,0.008354524235307203,0.9799899077358887,85.19236822400374,0,0,0,800,DEMO,MACRO
SITE-A-DOWNTOWN,2026-08-06 08:00:00,76,0,1,1,0.9736842105263158,38.52754480913228,3.641398401080792,0.0040895642094222594,0.0060038069240392535,0.977809182004901,115.01849095194888,0,0,0,800,DEMO,MACRO
SITE-A-DOWNTOWN,2026-08-06 09:00:00,47,0,0,0,1.0,41.34263884156742,3.9221790758314232,0.0035940928941190103,0.005151321767376221,0.9967214880263616,84.0112457234344,0,0,0,800,DEMO,MACRO
SITE-A-DOWNTOWN,2026-08-06 10:00:00,73,1,1,1,0.9589041095890412,38.86143476876899,4.436431942837662,0.004932753319338102,0.009524041202999923,0.9753116733300093,82.11813299479432,0,0,0,800,DEMO,MACRO
SITE-A-DOWNTOWN,2026-08-06 11:00:00,42,0,0,0,1.0,44.55394926163735,2.7324065143517644,0.005330381638045335,0.009025309169625382,0.9793403127992577,110.30926022710116,0,0,0,800,DEMO,MACRO
SITE-A-DOWNTOWN,2026-08-06 12:00:00,53,1,0,0,0.9811320754716981,33.854289384177704,2.598664905748388,0.004562285967900884,0.010025713796956586,0.9960655788979623,133.7988914532469,0,0,0,800,DEMO,MACRO
SITE-A-DOWNTOWN,2026-08-06 13:00:00,63,0,0,1,0.9841269841269842,30.60767611394159,4.817391151237416,0.0035199877964791414,0.005965155263239784,0.9713765539312584,139.42553144972425,0,0,0,800,DEMO,MACRO
SITE-A-DOWNTOWN,2026-08-06 14:00:00,46,0,0,0,1.0,26.08985946387681,3.5337663451134023,0.0035205225149569823,0.009353878418133742,0.9985384119552712,136.9263218440303,0,0,0,800,DEMO,MACRO
SITE-A-DOWNTOWN,2026-08-06 15:00:00,50,1,1,0,0.96,28.034414042014472,3.222465817341451,0.005170132355866172,0.011237525951333541,0.9918949038369841,114.5635029423124,0,0,0,800,DEMO,MACRO
SITE-A-DOWNTOWN,2026-08-06 16:00:00,61,0,1,0,0.9836065573770492,41.35530857561889,2.0420629461862982,0.004492421289478247,0.006943396157562839,0.9841327443950115,138.50799232472463,0,0,0,800,DEMO,MACRO
SITE-A-DOWNTOWN,2026-08-06 17:00:00,61,0,1,0,0.9836065573770492,26.138976422378114,3.2863394895516116,0.004301335529159608,0.005567066924019209,0.9775796117950363,81.10016827556765,0,0,0,800,DEMO,MACRO
SITE-A-DOWNTOWN,2026-08-06 18:00:00,77,1,0,1,0.974025974025974,32.62955158357721,3.5110700499839864,0.002479184079213958,0.011568070137539022,0.9751925846626435,134.3991214341495,0,0,0,800,DEMO,MACRO
SITE-A-DOWNTOWN,2026-08-06 19:00:00,68,1,1,0,0.9705882352941176,34.859873144735175,3.396170377774462,0.005298083529175815,0.007898377975776727,0.9940931704122078,97.23845655445433,0,0,0,800,DEMO,MACRO
SITE-A-DOWNTOWN,2026-08-06 20:00:00,56,0,1,0,0.9821428571428571,31.68022683651664,3.807805013770275,0.005629341231442282,0.005543247853857538,0.9942176388292827,112.51073414496975,0,0,0,800,DEMO,MACRO
SITE-A-DOWNTOWN,2026-08-06 21:00:00,77,1,0,1,0.974025974025974,32.00550914249514,2.2082360697662295,0.0022918934872533476,0.011231370247952375,0.9729276987821847,120.16444042203521,0,0,0,800,DEMO,MACRO
SITE-A-DOWNTOWN,2026-08-06 22:00:00,73,0,1,0,0.9863013698630136,44.61552207096382,4.667723652303472,0.005033054271299177,0.006779533111974726,0.9991046786110478,92.16339215774998,0,0,0,800,DEMO,MACRO
SITE-A-DOWNTOWN,2026-08-06 23:00:00,12,0,0,0,1.0,42.55747336556079,3.865724947814205,0.003606533661456296,0.007004251863355805,0.9855840511181126,97.43719371901933,0,0,0,800,DEMO,MACRO
SITE-A-DOWNTOWN,2026-08-07 00:00:00,12,0,0,0,1.0,27.563823602833693,4.40351288936507,0.005612016900097567,0.0064186878961733085,0.9703978312196597,95.81796228796894,0,0,0,800,DEMO,MACRO
SITE-A-DOWNTOWN,2026-08-07 01:00:00,14,0,0,0,1.0,28.772530541606805,3.7499806982433137,0.0031114706146181757,0.009292290951392505,0.9761683796697228,119.87532675213603,0,0,0,800,DEMO,MACRO
SITE-A-DOWNTOWN,2026-08-07 02:00:00,20,0,0,0,1.0,32.982937571481365,3.390242121142053,0.0055221223713601735,0.007463557005278553,0.9915599807940872,98.56212341800176,0,0,0,800,DEMO,MACRO
SITE-A-DOWNTOWN,2026-08-07 03:00:00,21,0,0,0,1.0,32.8815898600275,3.515485211109185,0.005386076347797744,0.011727608986220696,0.9728307652343987,88.21015147749918,0,0,0,800,DEMO,MACRO
SITE-A-DOWNTOWN,2026-08-07 04:00:00,12,0,0,0,1.0,25.582105439521186,2.90261576979111,0.0057944718417914185,0.005151060376246659,0.9748419364170035,92.80185732509035,0,0,0,800,DEMO,MACRO
SITE-A-DOWNTOWN,2026-08-07 05:00:00,17,0,0,0,1.0,34.439227243609544,3.7773137811235244,0.002591607740966815,0.006086496607323496,0.9943286823281787,128.2682828958384,0,0,0,800,DEMO,MACRO
SITE-A-DOWNTOWN,2026-08-07 06:00:00,16,0,0,0,1.0,27.754842156850867,3.6257339309730847,0.004147619698520063,0.009282923301965267,0.9959159016276063,103.40272396527145,0,0,0,800,DEMO,MACRO
SITE-A-DOWNTOWN,2026-08-07 07:00:00,18,0,0,0,1.0,27.28286722552456,3.690652398656712,0.004832240219008514,0.012312583219112546,0.977709425048635,139.51197332437218,0,0,0,800,DEMO,MACRO
SITE-A-DOWNTOWN,2026-08-07 08:00:00,61,0,1,0,0.9836065573770492,33.47504842919952,3.2447255771643038,0.004896626778744438,0.006756823457634384,0.9891888223785968,123.13036874269103,0,0,0,800,DEMO,MACRO
SITE-A-DOWNTOWN,2026-08-07 09:00:00,67,1,0,0,0.9850746268656716,42.4639681558399,3.4059079398745213,0.003324463742764,0.007846796298251493,0.9975811489924733,98.97618804377535,0,0,0,800,DEMO,MACRO
SITE-A-DOWNTOWN,2026-08-07 10:00:00,45,0,1,0,0.9777777777777777,33.18705873516265,4.806272395154532,0.005739796834664329,0.005300352329159022,0.9998360081838531,116.29616573103314,0,0,0,800,DEMO,MACRO
SITE-A-DOWNTOWN,2026-08-07 11:00:00,64,0,0,0,1.0,34.940616376285135,2.1484158192561904,0.0037444690793243915,0.006854544891436253,0.981038210160544,98.28200699277383,0,0,0,800,DEMO,MACRO
SITE-A-DOWNTOWN,2026-08-07 12:00:00,77,1,0,1,0.974025974025974,41.447239626086606,4.80960987902561,0.002644290415480113,0.010696899445477092,0.9701769750875012,102.32981185168589,0,0,0,800,DEMO,MACRO
SITE-A-DOWNTOWN,2026-08-07 13:00:00,74,1,1,0,0.972972972972973,27.376771016979898,4.609483326857438,0.004262525984027104,0.00793893728940116,0.9933448283881586,97.35688210658367,0,0,0,800,DEMO,MACRO
SITE-A-DOWNTOWN,2026-08-07 14:00:00,53,1,1,0,0.9622641509433962,26.655183141001874,2.3569791654051575,0.004750060904256878,0.009491783025643671,0.9744239001898629,110.80604273956851,0,0,0,800,DEMO,MACRO
SITE-A-DOWNTOWN,2026-08-07 15:00:00,59,0,1,0,0.9830508474576272,35.98630566931787,4.231141770302126,0.0052841967976551074,0.005590001674363012,0.9877706433317385,139.0199499144913,0,0,0,800,DEMO,MACRO
SITE-A-DOWNTOWN,2026-08-07 16:00:00,73,1,1,0,0.9726027397260274,40.39132913593189,2.291781986207651,0.005367539388234423,0.010820528336945214,0.9966478955830271,127.2270746866003,0,0,0,800,DEMO,MACRO
SITE-A-DOWNTOWN,2026-08-07 17:00:00,65,0,0,0,1.0,26.14591762169024,4.146572323117169,0.0019849045401076496,0.007658103421083308,0.9797434863859652,115.47887908737658,0,0,0,800,DEMO,MACRO
SITE-A-DOWNTOWN,2026-08-07 18:00:00,60,1,0,0,0.9833333333333333,43.62885091549795,2.0381551747553486,0.001967192400110249,0.008620025165026706,0.9945402052011898,112.99452437489504,0,0,0,800,DEMO,MACRO
SITE-A-DOWNTOWN,2026-08-07 19:00:00,64,0,0,0,1.0,40.203717937246765,3.965177713930024,0.0024492790607863685,0.0058711642067418805,0.9838692026685011,132.80998385157073,0,0,0,800,DEMO,MACRO
SITE-A-DOWNTOWN,2026-08-07 20:00:00,54,1,0,0,0.9814814814814815,26.065781286654513,3.3202311435174554,0.0029230604188341626,0.010824249432189662,0.9876138019030241,137.0799216410261,0,0,0,800,DEMO,MACRO
SITE-A-DOWNTOWN,2026-08-07 21:00:00,59,1,1,0,0.9661016949152542,33.16190992222945,3.8405417329300726,0.00543195310524578,0.012061439487540253,0.9841265631636198,128.8739628953141,0,0,0,800,DEMO,MACRO
SITE-A-DOWNTOWN,2026-08-07 22:00:00,64,1,0,0,0.984375,44.27045795615574,2.84749834346227,0.001636959488112238,0.01330399896083801,0.9789189704250217,130.84377554254547,0,0,0,800,DEMO,MACRO
SITE-A-DOWNTOWN,2026-08-07 23:00:00,14,0,0,0,1.0,35.179186247288385,2.261095356779598,0.004931577512161718,0.0056592438214042385,0.9989545342521087,132.61847564191916,0,0,0,800,DEMO,MACRO
SITE-A-DOWNTOWN,2026-08-08 00:00:00,15,0,0,0,1.0,27.557323338252434,4.657023351834024,0.0033992528308597167,0.00624873778193981,0.9849556655051901,94.80915656451675,0,0,0,800,DEMO,MACRO
SITE-A-DOWNTOWN,2026-08-08 01:00:00,21,0,0,0,1.0,37.80482099419102,4.7460943453050115,0.005004649155019186,0.006610088984574177,0.9843200718726256,109.51568002522335,0,0,0,800,DEMO,MACRO
SITE-A-DOWNTOWN,2026-08-08 02:00:00,14,0,0,0,1.0,26.737956842260257,3.53230293768216,0.005571815467642258,0.008988492456658352,0.9778515351947844,113.35600864051428,0,0,0,800,DEMO,MACRO
SITE-A-DOWNTOWN,2026-08-08 03:00:00,20,0,0,0,1.0,43.54158265574802,2.2543963065863712,0.0020335393832938307,0.005838709717464019,0.991356676019366,97.58851167327298,0,0,0,800,DEMO,MACRO
SITE-A-DOWNTOWN,2026-08-08 04:00:00,19,0,0,0,1.0,42.87262853000182,4.809159963080803,0.0022806425316343948,0.005006567583558413,0.9816281625274461,137.7537824943117,0,0,0,800,DEMO,MACRO
SITE-A-DOWNTOWN,2026-08-08 05:00:00,19,0,0,0,1.0,26.19319760028645,4.107716723157558,0.005585317663971616,0.014677199662262302,0.9914796596843689,131.779725732551,0,0,0,800,DEMO,MACRO
SITE-A-DOWNTOWN,2026-08-08 06:00:00,17,0,0,0,1.0,32.166755753362736,2.297131597758055,0.004637320836269648,0.0063691331786558305,0.9815259633400513,139.74415744834874,0,0,0,800,DEMO,MACRO
SITE-A-DOWNTOWN,2026-08-08 07:00:00,14,0,0,0,1.0,35.434800731147924,4.8436398416585575,0.002420200445912843,0.014994309254399343,0.9973593942666723,101.83424054989052,0,0,0,800,DEMO,MACRO
SITE-A-DOWNTOWN,2026-08-08 08:00:00,66,0,0,0,1.0,27.53126731959369,4.746920344463534,0.0019290496170323566,0.005089786593464264,0.9967022975587306,115.88690787577332,0,0,0,800,DEMO,MACRO
SITE-A-DOWNTOWN,2026-08-08 09:00:00,69,1,0,1,0.9710144927536232,39.662823042370434,2.12798481484354,0.001459274990653163,0.009998369050461257,0.9715078285409529,110.25929578348035,0,0,0,800,DEMO,MACRO
SITE-A-DOWNTOWN,2026-08-08 10:00:00,61,0,0,0,1.0,38.148182974477066,3.849942963218595,0.001232028575489106,0.007366548817477701,0.996924840813866,87.3932300716678,0,0,0,800,DEMO,MACRO
SITE-A-DOWNTOWN,2026-08-08 11:00:00,76,1,0,0,0.9868421052631579,26.00096823471186,4.81760783322418,0.0018578172893815468,0.00910021903115835,0.9864034342350816,123.11910205588043,0,0,0,800,DEMO,MACRO
SITE-A-DOWNTOWN,2026-08-08 12:00:00,70,1,0,0,0.9857142857142858,39.727265496911876,3.0421051128304537,0.0013766980532761521,0.012074051066996787,0.9991753095813654,81.02096282069253,0,0,0,800,DEMO,MACRO
SITE-A-DOWNTOWN,2026-08-08 13:00:00,56,1,0,0,0.9821428571428571,28.52283815907149,3.379861000981127,0.003613183375724458,0.011144262299903281,0.9996861047210017,121.24412655582637,0,0,0,800,DEMO,MACRO
SITE-A-DOWNTOWN,2026-08-08 14:00:00,51,0,0,0,1.0,39.30041586347308,3.4001938622547927,0.0030655999467679848,0.008656532165495601,0.9848021828389784,96.87092953690684,0,0,0,800,DEMO,MACRO
SITE-A-DOWNTOWN,2026-08-08 15:00:00,64,1,0,0,0.984375,27.969333114702973,3.3206738632471335,0.002466306561562311,0.013369415194641385,0.9954368246307309,100.63260029239352,0,0,0,800,DEMO,MACRO
SITE-A-DOWNTOWN,2026-08-08 16:00:00,47,0,0,0,1.0,43.04581663651017,3.0774857813102514,0.0037735786468108337,0.009435586187955976,0.989507956838089,137.58625240231197,0,0,0,800,DEMO,MACRO
SITE-A-DOWNTOWN,2026-08-08 17:00:00,67,1,1,0,0.9701492537313433,44.3077065889147,3.9972005478154746,0.004979352558093322,0.011351218107410486,0.9961095098758339,99.57432418617212,0,0,0,800,DEMO,MACRO
SITE-A-DOWNTOWN,2026-08-08 18:00:00,71,0,1,1,0.971830985915493,30.28226063238332,3.5259717058297233,0.004407452311688983,0.007011242919891076,0.9718347824809785,127.45688672078651,0,0,0,800,DEMO,MACRO
SITE-A-DOWNTOWN,2026-08-08 19:00:00,64,0,1,0,0.984375,38.313297202496024,2.9642948477314714,0.004290865027828569,0.005838803845899019,0.9898752888590747,114.57191300762128,0,0,0,800,DEMO,MACRO
SITE-A-DOWNTOWN,2026-08-08 20:00:00,45,0,0,0,1.0,33.93968532897259,2.675474956966355,0.004629385953319603,0.009641303073404363,0.9923613978907077,101.850805539429,0,0,0,800,DEMO,MACRO
SITE-A-DOWNTOWN,2026-08-08 21:00:00,51,1,1,0,0.9607843137254902,35.84915190997673,3.8682840781231977,0.005608885548340601,0.013877547445360471,0.971714474603101,126.31042323624465,0,0,0,800,DEMO,MACRO
SITE-A-DOWNTOWN,2026-08-08 22:00:00,65,1,0,0,0.9846153846153847,38.94396757052958,3.138445905024049,0.0026103917760633977,0.009882837288034813,0.9859159347484318,121.66899462669328,0,0,0,800,DEMO,MACRO
SITE-A-DOWNTOWN,2026-08-08 23:00:00,17,0,0,0,1.0,38.56511006745048,3.1522304767004705,0.004386701888069552,0.008453873256991968,0.9882259974206068,107.57197802457232,0,0,0,800,DEMO,MACRO
SITE-A-DOWNTOWN,2026-08-09 00:00:00,20,0,0,0,1.0,25.35076371686173,3.496359267315147,0.0020998397248797544,0.008858125345121193,0.9722131229443477,119.4140662615346,0,0,0,800,DEMO,MACRO
SITE-A-DOWNTOWN,2026-08-09 01:00:00,15,0,0,0,1.0,32.091943983148504,2.315203360980791,0.004101338971539278,0.006270364484888248,0.9967486396939045,87.34740897956469,0,0,0,800,DEMO,MACRO
SITE-A-DOWNTOWN,2026-08-09 02:00:00,15,0,0,0,1.0,34.893195794413884,2.3536184181736397,0.002593737943570481,0.007752790679145331,0.9913990122523665,139.17640329346278,0,0,0,800,DEMO,MACRO
SITE-A-DOWNTOWN,2026-08-09 03:00:00,18,0,0,0,1.0,40.8143895993545,2.421023058236056,0.0038995687680950094,0.009327132497843824,0.9786455126033414,129.30261843580917,0,0,0,800,DEMO,MACRO
SITE-A-DOWNTOWN,2026-08-09 04:00:00,21,0,0,0,1.0,27.67993867854426,2.8772215691337397,0.005097524407665362,0.014924316115229676,0.9883469472467449,132.30192677466275,0,0,0,800,DEMO,MACRO
SITE-A-DOWNTOWN,2026-08-09 05:00:00,14,0,0,0,1.0,39.81090927398613,3.934196602281127,0.0021061954442554345,0.008704246218911357,0.9887066398753647,135.58407873434612,0,0,0,800,DEMO,MACRO
SITE-A-DOWNTOWN,2026-08-09 06:00:00,18,0,0,0,1.0,32.9041812954639,2.0667106535832778,0.004483634891662912,0.009435702323487742,0.9939319560881986,94.01929887633106,0,0,0,800,DEMO,MACRO
SITE-A-DOWNTOWN,2026-08-09 07:00:00,12,0,0,0,1.0,38.46185249476463,3.392972401267392,0.0019430287456668458,0.009028991011912143,0.9923512872518774,91.35113659930258,0,0,0,800,DEMO,MACRO
SITE-A-DOWNTOWN,2026-08-09 08:00:00,65,1,1,0,0.9692307692307692,34.25564872628271,2.7035640983600553,0.00500275542769866,0.013172460330183228,0.99835841171039,130.3857420777077,0,0,0,800,DEMO,MACRO
SITE-A-DOWNTOWN,2026-08-09 09:00:00,53,1,0,0,0.9811320754716981,28.741038630441874,4.4690194476272005,0.004640471861964252,0.012468665859609374,0.9909230118021004,129.8013918976529,0,0,0,800,DEMO,MACRO
SITE-A-DOWNTOWN,2026-08-09 10:00:00,55,0,0,0,1.0,38.44901376246479,3.551897310156594,0.00268921909256046,0.008268394053845,0.9746640385419698,109.49211971918324,0,0,0,800,DEMO,MACRO
SITE-A-DOWNTOWN,2026-08-09 11:00:00,60,1,1,0,0.9666666666666667,33.430326408680166,4.555003731368891,0.004407560366264915,0.011802482927107436,0.9995213814168025,93.06952081711825,0,0,0,800,DEMO,MACRO
SITE-A-DOWNTOWN,2026-08-09 12:00:00,60,0,1,0,0.9833333333333333,26.850373644850865,3.1783737116574455,0.005751757825765715,0.0058592030121719955,0.9927316833528124,131.92604940001127,0,0,0,800,DEMO,MACRO
SITE-A-DOWNTOWN,2026-08-09 13:00:00,53,1,0,0,0.9811320754716981,40.95221374055943,3.323136932391342,0.0027667718168498654,0.010057308234751185,0.97584229858184,98.44917978763988,0,0,0,800,DEMO,MACRO
SITE-A-DOWNTOWN,2026-08-09 14:00:00,73,1,0,1,0.9726027397260274,44.768174059231036,3.0054892846761723,0.002144343073707174,0.014397671178246436,0.9741574698527751,137.94807519324584,0,0,0,800,DEMO,MACRO
SITE-A-DOWNTOWN,2026-08-09 15:00:00,57,0,0,0,1.0,37.94117143650499,3.283423737926083,0.0019862015080009876,0.006062031438213257,0.9731102605846802,100.94851491277979,0,0,0,800,DEMO,MACRO
SITE-A-DOWNTOWN,2026-08-09 16:00:00,48,1,1,0,0.9583333333333334,43.474203330192,3.608682227473604,0.005953153931575095,0.012208881580796534,0.9743888370212263,113.21403916328953,0,0,0,800,DEMO,MACRO
SITE-A-DOWNTOWN,2026-08-09 17:00:00,59,0,0,0,1.0,25.784051579774122,4.83136150542539,0.002689270054786459,0.006895860051031306,0.973053749444711,119.12844395360196,0,0,0,800,DEMO,MACRO
SITE-A-DOWNTOWN,2026-08-09 18:00:00,58,1,0,0,0.9827586206896551,25.233518716296807,4.145544001170795,0.0022833964413574498,0.012805579904109712,0.9846581731830665,112.13486070554947,0,0,0,800,DEMO,MACRO
SITE-A-DOWNTOWN,2026-08-09 19:00:00,46,0,0,0,1.0,38.519638223773626,4.970135519354336,0.00498936314229799,0.005691018580599595,0.9848440664292032,94.0572574327537,0,0,0,800,DEMO,MACRO
SITE-A-DOWNTOWN,2026-08-09 20:00:00,53,1,1,0,0.9622641509433962,28.90351078704756,2.7443429820420646,0.0057986398619078025,0.012448646974572914,0.9955890770769801,121.92934101525577,0,0,0,800,DEMO,MACRO
SITE-A-DOWNTOWN,2026-08-09 21:00:00,52,0,0,0,1.0,32.822109874830225,3.3220444818833768,0.0024670370671749714,0.00921442537603655,0.9931356042158032,84.54220559730251,0,0,0,800,DEMO,MACRO
SITE-A-DOWNTOWN,2026-08-09 22:00:00,53,1,0,0,0.9811320754716981,34.58052047224851,4.028674156778704,0.004229642081460865,0.012249855681578613,0.973157863103687,90.84517348257957,0,0,0,800,DEMO,MACRO
SITE-A-DOWNTOWN,2026-08-09 23:00:00,19,0,0,0,1.0,30.633754105213043,4.266772976764821,0.005966588981845352,0.011831146413625511,0.9709913936108366,97.85566292001707,0,0,0,800,DEMO,MACRO
SITE-A-DOWNTOWN,2026-08-10 00:00:00,14,0,0,0,1.0,43.48680153551133,3.784736631687918,0.002744112717463181,0.008551183284411219,0.9890031789544387,131.8514377161802,0,0,0,800,DEMO,MACRO
SITE-A-DOWNTOWN,2026-08-10 01:00:00,12,0,0,0,1.0,28.813961781043858,2.0083715158166275,0.0016873542373173236,0.013511878681869913,0.9887375401112661,139.43823773377903,0,0,0,800,DEMO,MACRO
SITE-A-DOWNTOWN,2026-08-10 02:00:00,18,0,0,0,1.0,32.32032683473425,4.387127660075947,0.004306031823789606,0.005666707268721104,0.9820431999829597,118.25795670346656,0,0,0,800,DEMO,MACRO
SITE-A-DOWNTOWN,2026-08-10 03:00:00,12,0,0,0,1.0,34.033824515113544,2.564502753852827,0.005829636436030929,0.009665008742717432,0.9915203041875238,112.08964046064756,0,0,0,800,DEMO,MACRO
SITE-A-DOWNTOWN,2026-08-10 04:00:00,15,0,0,0,1.0,29.733860064155092,2.1890760741568203,0.001953888155849425,0.007001867677781902,0.9824458135512806,99.30185234424273,0,0,0,800,DEMO,MACRO
SITE-A-DOWNTOWN,2026-08-10 05:00:00,14,0,0,0,1.0,41.33774337655488,2.0640798197356385,0.001516977302258223,0.013078030123441962,0.9860189528568566,106.3333663317969,0,0,0,800,DEMO,MACRO
SITE-A-DOWNTOWN,2026-08-10 06:00:00,20,0,0,0,1.0,35.84640377025916,2.6646903479998567,0.00529180356084093,0.013240396954231747,0.9796555264898155,81.46998435519592,0,0,0,800,DEMO,MACRO
SITE-A-DOWNTOWN,2026-08-10 07:00:00,19,0,0,0,1.0,30.973435909455535,3.970626833140199,0.0052907776255657945,0.012983619074783577,0.9958750308651353,109.34806721945023,0,0,0,800,DEMO,MACRO
SITE-A-DOWNTOWN,2026-08-10 08:00:00,47,0,0,0,1.0,34.22312119525425,2.791453170079743,0.0034048326253129004,0.008353940731814263,0.9930144046105248,129.90253097477586,0,0,0,800,DEMO,MACRO
SITE-A-DOWNTOWN,2026-08-10 09:00:00,68,1,0,0,0.9852941176470589,28.28853602307825,3.15098393100396,0.003316431860344661,0.014563215017696092,0.9982507629876138,138.0224345518667,0,0,0,800,DEMO,MACRO
SITE-A-DOWNTOWN,2026-08-10 10:00:00,45,0,0,0,1.0,38.54454312960621,2.8111734566377136,0.002863273066884351,0.005026833065940896,0.9949886569666728,96.56510439333378,0,0,0,800,DEMO,MACRO
SITE-A-DOWNTOWN,2026-08-10 11:00:00,73,0,1,1,0.9726027397260274,31.311822870719915,2.969509959767399,0.004619928179065164,0.0050570667395646645,0.9769004051127245,133.7881563755928,0,0,0,800,DEMO,MACRO
SITE-A-DOWNTOWN,2026-08-10 12:00:00,48,1,0,0,0.9791666666666666,37.58062613692992,3.6768496816852405,0.002113087654255579,0.013750974792292554,0.992821644496144,110.77595948639251,0,0,0,800,DEMO,MACRO
SITE-A-DOWNTOWN,2026-08-10 13:00:00,52,0,0,0,1.0,29.316784122989805,3.1378805723399896,0.0026556231228484955,0.00561056051774966,0.9821912909655721,106.92303652382634,0,0,0,800,DEMO,MACRO
SITE-A-DOWNTOWN,2026-08-10 14:00:00,71,1,0,0,0.9859154929577465,32.68605790315093,2.997133110369106,0.0028841782232429934,0.011190309729788935,0.9849199208529159,91.85536624478738,0,0,0,800,DEMO,MACRO
SITE-A-DOWNTOWN,2026-08-10 15:00:00,66,1,1,0,0.9696969696969697,35.26373002579956,3.3750942818486425,0.00456671363606623,0.012521379539700405,0.995471785004078,128.67479852652826,0,0,0,800,DEMO,MACRO
SITE-A-DOWNTOWN,2026-08-10 16:00:00,56,0,1,0,0.9821428571428571,39.4225868757509,2.4713806092362094,0.004496265995382206,0.007544578160991381,0.9777350725599011,87.20790567232504,0,0,0,800,DEMO,MACRO
SITE-A-DOWNTOWN,2026-08-10 17:00:00,72,1,1,1,0.9583333333333334,25.397553610305025,3.9709386066743435,0.004740513368389707,0.012755495472506363,0.9738658596482196,118.4651972458779,0,0,0,800,DEMO,MACRO
SITE-A-DOWNTOWN,2026-08-10 18:00:00,54,1,0,0,0.9814814814814815,25.719392795949073,2.5801061776873087,0.0023388790213415304,0.009619845784153109,0.975164955572821,112.33231359247021,0,0,0,800,DEMO,MACRO
SITE-A-DOWNTOWN,2026-08-10 19:00:00,68,1,1,0,0.9705882352941176,38.10220920620555,3.593973666894466,0.00443148976327904,0.007463410493911433,0.9912120649396798,124.07818675081404,0,0,0,800,DEMO,MACRO
SITE-A-DOWNTOWN,2026-08-10 20:00:00,61,0,0,0,1.0,26.369001583449247,4.83845100442206,0.0038843192530759038,0.007723190772278985,0.9830240959420259,111.05609321023064,0,0,0,800,DEMO,MACRO
SITE-A-DOWNTOWN,2026-08-10 21:00:00,58,1,0,0,0.9827586206896551,29.95916942774325,2.7948928665312582,0.002817939648799106,0.012809248202067858,0.9831233215008034,82.31787859334155,0,0,0,800,DEMO,MACRO
SITE-A-DOWNTOWN,2026-08-10 22:00:00,44,0,1,0,0.9772727272727273,29.027252044980976,2.0372371969794854,0.0058851501813354775,0.007937204790359859,0.9861248956291974,101.49198611735966,0,0,0,800,DEMO,MACRO
SITE-A-DOWNTOWN,2026-08-10 23:00:00,18,0,0,0,1.0,43.01767899601664,4.8069722642625585,0.0019321635843348802,0.009179969567696067,0.9812092224091185,90.0330195445451,0,0,0,800,DEMO,MACRO
SITE-A-DOWNTOWN,2026-08-11 00:00:00,18,0,0,0,1.0,40.63992122304775,4.279094052787448,0.004376259778978846,0.005174904091099714,0.9768879223943209,110.87606795691403,0,0,0,800,DEMO,MACRO
SITE-A-DOWNTOWN,2026-08-11 01:00:00,21,0,0,0,1.0,32.728472539692376,3.3478004290010412,0.005203595715293998,0.005235469758177068,0.9780576679871202,97.39610949748379,0,0,0,800,DEMO,MACRO
SITE-A-DOWNTOWN,2026-08-11 02:00:00,13,0,0,0,1.0,29.55072219912518,2.1413394884561083,0.0030823210317955153,0.011495288638482225,0.9746025205719709,130.38168917388202,0,0,0,800,DEMO,MACRO
SITE-A-DOWNTOWN,2026-08-11 03:00:00,14,0,0,0,1.0,39.08558535285569,2.485424019964329,0.005408625827029918,0.007013204422718937,0.991940766621851,130.3216421753363,0,0,0,800,DEMO,MACRO
SITE-A-DOWNTOWN,2026-08-11 04:00:00,16,0,0,0,1.0,26.856521103587117,3.7584237805603364,0.003495105113259812,0.009793196620020274,0.9934400320419793,107.78657883943006,0,0,0,800,DEMO,MACRO
SITE-A-DOWNTOWN,2026-08-11 05:00:00,14,0,0,0,1.0,34.74528509825646,3.3637643855474892,0.0030286398404871153,0.006609042404915397,0.9788593158204653,95.89349397326913,0,0,0,800,DEMO,MACRO
SITE-A-DOWNTOWN,2026-08-11 06:00:00,15,0,0,0,1.0,40.65649475463281,2.342113576446901,0.0020271017131559452,0.010264137104629523,0.9793762438584627,94.40976747702155,0,0,0,800,DEMO,MACRO
SITE-A-DOWNTOWN,2026-08-11 07:00:00,15,0,0,0,1.0,35.040425308292185,4.023005322874884,0.005861110499702441,0.013526388121426616,0.9828997720160381,107.09822237532572,0,0,0,800,DEMO,MACRO
SITE-A-DOWNTOWN,2026-08-11 08:00:00,52,0,0,0,1.0,29.778673981749574,4.855296297210053,0.0013432986807939925,0.007049472945993762,0.9898594339263809,115.37374528519142,0,0,0,800,DEMO,MACRO
SITE-A-DOWNTOWN,2026-08-11 09:00:00,56,0,0,0,1.0,43.739092397835634,3.2283648167690524,0.003981267919388161,0.005910263444098058,0.9967266653448829,86.18021516706739,0,0,0,800,DEMO,MACRO
SITE-A-DOWNTOWN,2026-08-11 10:00:00,58,1,1,0,0.9655172413793104,42.71148448662262,4.834982029769209,0.005519878243088732,0.013275931426028814,0.9769990234120197,81.91124230427081,0,0,0,800,DEMO,MACRO
SITE-A-DOWNTOWN,2026-08-11 11:00:00,60,0,0,0,1.0,26.263591713700812,4.8816026716477,0.0010409372163363475,0.008254805962208862,0.9760987690500801,80.82145568742797,0,0,0,800,DEMO,MACRO
SITE-A-DOWNTOWN,2026-08-11 12:00:00,54,0,0,0,1.0,26.520996100116754,4.699817467850064,0.004438139612944129,0.008700007314709067,0.9952469222270383,127.81145817692106,0,0,0,800,DEMO,MACRO
SITE-A-DOWNTOWN,2026-08-11 13:00:00,55,0,0,0,1.0,41.94456335721071,4.788193398570116,0.0040994586822717905,0.00851782994604812,0.9970175814470765,136.57198720238904,0,0,0,800,DEMO,MACRO
SITE-A-DOWNTOWN,2026-08-11 14:00:00,75,1,1,0,0.9733333333333334,26.72583844915522,4.603430342302666,0.00432396686781993,0.007319978242487089,0.9870078164015251,98.49162014715887,0,0,0,800,DEMO,MACRO
SITE-A-DOWNTOWN,2026-08-11 15:00:00,58,0,0,0,1.0,31.842294321878903,2.588774036616936,0.0012160458693417921,0.008425170877526304,0.9996834201575144,93.10038483962146,0,0,0,800,DEMO,MACRO
SITE-A-DOWNTOWN,2026-08-11 16:00:00,72,1,0,1,0.9722222222222222,44.44213240639227,2.020142528604896,0.002475315794675023,0.013211840862222556,0.9728719506642636,135.69776759799072,0,0,0,800,DEMO,MACRO
SITE-A-DOWNTOWN,2026-08-11 17:00:00,51,1,0,0,0.9803921568627451,27.86103316664798,3.7770378064117702,0.003777491255473365,0.01193693519616627,0.9792052104162703,103.0492766419305,0,0,0,800,DEMO,MACRO
SITE-A-DOWNTOWN,2026-08-11 18:00:00,60,1,1,0,0.9666666666666667,30.837989896439645,2.527186227074587,0.005522015032186433,0.013874241471276742,0.9808004978450328,121.5930777575933,0,0,0,800,DEMO,MACRO
SITE-A-DOWNTOWN,2026-08-11 19:00:00,53,0,1,0,0.9811320754716981,30.615654532040704,3.048812638952863,0.005825778448242939,0.008414614606061178,0.9873599931313688,136.70614932870154,0,0,0,800,DEMO,MACRO
SITE-A-DOWNTOWN,2026-08-11 20:00:00,68,1,1,0,0.9705882352941176,41.178800650955594,2.3422423685288405,0.004666652590107753,0.013066877082113487,0.9951233142377425,138.50318081218072,0,0,0,800,DEMO,MACRO
SITE-A-DOWNTOWN,2026-08-11 21:00:00,68,0,0,1,0.9852941176470589,44.5442214473031,2.8350600041856957,0.0036078043853055167,0.007140741872443842,0.9725058618841944,106.33618126865612,0,0,0,800,DEMO,MACRO
SITE-A-DOWNTOWN,2026-08-11 22:00:00,74,1,1,0,0.972972972972973,40.568937287363326,2.050965379100698,0.005711095376127201,0.007472334586532233,0.9787660064866142,129.9447191535959,0,0,0,800,DEMO,MACRO
SITE-A-DOWNTOWN,2026-08-11 23:00:00,19,0,0,0,1.0,39.72873732781311,2.998449825998121,0.0033142124236684536,0.013346050812332883,0.9807192562896976,128.31836037631524,0,0,0,800,DEMO,MACRO
SITE-A-DOWNTOWN,2026-08-12 00:00:00,16,0,0,0,1.0,34.37342902278097,4.689665143004062,0.002922598769939397,0.012499153200226636,0.9891924647063454,99.87503996694134,0,0,0,800,DEMO,MACRO
SITE-A-DOWNTOWN,2026-08-12 01:00:00,20,0,0,0,1.0,37.12079754109336,3.6104777722662162,0.0015535953792813809,0.014914505911073843,0.998998137749184,82.24846877161622,0,0,0,800,DEMO,MACRO
SITE-A-DOWNTOWN,2026-08-12 02:00:00,16,0,0,0,1.0,35.62977691946264,2.3771135130356975,0.005102845289578285,0.00932965088416763,0.9913957199678739,129.63339908992293,0,0,0,800,DEMO,MACRO
SITE-A-DOWNTOWN,2026-08-12 03:00:00,20,0,0,0,1.0,25.99330586083209,4.467412438428313,0.004470191623583277,0.014101414451111564,0.9781041127287908,127.11027981873772,0,0,0,800,DEMO,MACRO
SITE-A-DOWNTOWN,2026-08-12 04:00:00,12,0,0,0,1.0,32.10102203449064,3.2305640287145327,0.0026699373428882437,0.005057275478001363,0.9769467218282193,99.89218064805263,0,0,0,800,DEMO,MACRO
SITE-A-DOWNTOWN,2026-08-12 05:00:00,16,0,0,0,1.0,40.31112492298739,3.280857850757588,0.003841071429250479,0.007846066163884816,0.9808104491887076,125.20304294575294,0,0,0,800,DEMO,MACRO
SITE-A-DOWNTOWN,2026-08-12 06:00:00,18,0,0,0,1.0,36.93044043012696,3.2680415451242726,0.0037851743658535134,0.013973582835099682,0.9780220512906023,111.14371784356115,0,0,0,800,DEMO,MACRO
SITE-A-DOWNTOWN,2026-08-12 07:00:00,17,0,0,0,1.0,26.73578977900597,4.88602275932363,0.0034937887002951485,0.007453372202999956,0.9928129234793951,128.93485424702328,0,0,0,800,DEMO,MACRO
SITE-A-DOWNTOWN,2026-08-12 08:00:00,64,1,0,0,0.984375,43.32325546229647,2.2667320802151334,0.0036379924440250937,0.01242890084874806,0.9975045440037533,118.48680691843487,0,0,0,800,DEMO,MACRO
SITE-A-DOWNTOWN,2026-08-12 09:00:00,75,1,1,0,0.9733333333333334,32.764560259739156,3.714830094552029,0.0037739844857825606,0.014050249884195409,0.994813036192144,124.23172942691153,0,0,0,800,DEMO,MACRO
SITE-A-DOWNTOWN,2026-08-12 10:00:00,72,1,0,0,0.9861111111111112,26.323250461709073,4.308852821460683,0.003318083260099764,0.01251804797556997,0.9788853251427054,108.04029671649326,0,0,0,800,DEMO,MACRO
SITE-A-DOWNTOWN,2026-08-12 11:00:00,51,1,0,0,0.9803921568627451,25.703604171447086,2.8733796384106403,0.003442308974289258,0.01351502163307065,0.9781009958386208,129.3844642622151,0,0,0,800,DEMO,MACRO
SITE-A-DOWNTOWN,2026-08-12 12:00:00,69,1,1,0,0.9710144927536232,31.06301893070993,3.661454273627877,0.004269526015670938,0.013800699938076574,0.9963840120982688,95.00970500973226,0,0,0,800,DEMO,MACRO
SITE-A-DOWNTOWN,2026-08-12 13:00:00,47,1,0,0,0.9787234042553191,37.69986042609463,3.158430598725011,0.0048802093273947675,0.013975193722297632,0.9843758372021791,134.96632069781526,0,0,0,800,DEMO,MACRO
SITE-A-DOWNTOWN,2026-08-12 14:00:00,69,1,0,0,0.9855072463768116,28.323813754522963,4.292603250352276,0.0025277584303192643,0.010853658501865811,0.9849121332035189,88.74712637183364,0,0,0,800,DEMO,MACRO
SITE-A-DOWNTOWN,2026-08-12 15:00:00,60,1,0,0,0.9833333333333333,39.828650817597094,2.4356102659676377,0.0022988582082617533,0.01300584687412347,0.9973669267588221,132.20540736584462,0,0,0,800,DEMO,MACRO
SITE-A-DOWNTOWN,2026-08-12 16:00:00,56,1,0,0,0.9821428571428571,32.34790884156392,3.335755731883069,0.0018819424731871927,0.009959888447461315,0.97692662606678,89.71697850005854,0,0,0,800,DEMO,MACRO
SITE-A-DOWNTOWN,2026-08-12 17:00:00,65,1,1,0,0.9692307692307692,26.278707667952872,3.411062416472661,0.004480683173811212,0.011514065118515587,0.9992577620999137,133.1476740081626,0,0,0,800,DEMO,MACRO
SITE-A-DOWNTOWN,2026-08-12 18:00:00,64,1,1,0,0.96875,42.952453047883395,3.333340069598843,0.004994370619090219,0.00784479565724084,0.9858010851345544,138.7920781556401,0,0,0,800,DEMO,MACRO
SITE-A-DOWNTOWN,2026-08-12 19:00:00,48,1,0,0,0.9791666666666666,35.135825969117334,4.3619227759252315,0.002561786476942954,0.013310440210954871,0.9705563723537549,94.29538040668182,0,0,0,800,DEMO,MACRO
SITE-A-DOWNTOWN,2026-08-12 20:00:00,70,1,0,0,0.9857142857142858,30.147008780197297,4.836594473524473,0.001119475187571564,0.007987450821365443,0.987231722858712,122.18536785163606,0,0,0,800,DEMO,MACRO
SITE-A-DOWNTOWN,2026-08-12 21:00:00,60,0,1,1,0.9666666666666667,32.66572631541721,2.6605215276840894,0.005261762883284418,0.006220921705115737,0.9719506567047266,93.89478586467987,0,0,0,800,DEMO,MACRO
SITE-A-DOWNTOWN,2026-08-12 22:00:00,54,1,0,0,0.9814814814814815,43.84317410371062,4.186556144471639,0.003819861711976409,0.010212190750747627,0.9908025219089086,117.58800056029898,0,0,0,800,DEMO,MACRO
SITE-A-DOWNTOWN,2026-08-12 23:00:00,20,0,0,0,1.0,26.854601442674312,2.602766057661664,0.004913541911586696,0.011344532730201126,0.9939153278466418,82.66945833238996,0,0,0,800,DEMO,MACRO
SITE-A-DOWNTOWN,2026-08-13 00:00:00,18,0,0,0,1.0,32.64503294356374,4.778502314836758,0.003972594168066189,0.010473128211280946,0.994542316576378,117.52588017604234,0,0,0,800,DEMO,MACRO
SITE-A-DOWNTOWN,2026-08-13 01:00:00,14,0,0,0,1.0,28.152028960614132,3.813371065703158,0.0027824972104427397,0.005755877377844743,0.9739957305839085,108.78795195804443,0,0,0,800,DEMO,MACRO
SITE-A-DOWNTOWN,2026-08-13 02:00:00,13,0,0,0,1.0,40.3064574166435,2.3671954489273785,0.0010690946115867385,0.0149697964845204,0.9793891595937376,110.58739023230524,0,0,0,800,DEMO,MACRO
SITE-A-DOWNTOWN,2026-08-13 03:00:00,17,0,0,0,1.0,29.175975194106154,3.2069104360060265,0.004948995354168135,0.005390024009669668,0.9951191176333573,139.41604325976286,0,0,0,800,DEMO,MACRO
SITE-A-DOWNTOWN,2026-08-13 04:00:00,19,0,0,0,1.0,32.20022551451349,2.701807392939908,0.0019147550236930013,0.008233357272063835,0.9955497152093807,80.19533998233136,0,0,0,800,DEMO,MACRO
SITE-A-DOWNTOWN,2026-08-13 05:00:00,19,0,0,0,1.0,38.34862654691108,2.057048113490541,0.0013477391683584924,0.012350622152030758,0.9901951306531844,98.80956064665146,0,0,0,800,DEMO,MACRO
SITE-A-DOWNTOWN,2026-08-13 06:00:00,19,0,0,0,1.0,29.20314162642384,3.2807265101148495,0.00157502178192046,0.01145694397078667,0.9726107049558155,90.76891823946313,0,0,0,800,DEMO,MACRO
SITE-A-DOWNTOWN,2026-08-13 07:00:00,12,0,0,0,1.0,35.00477414217676,3.9856028680978013,0.004669765928550818,0.011065508965448338,0.9759327957803542,121.90968729804575,0,0,0,800,DEMO,MACRO
SITE-A-DOWNTOWN,2026-08-13 08:00:00,55,0,0,0,1.0,30.396246254923057,3.344411235645297,0.0015722050865582867,0.006059906502499025,0.9895681001302055,124.51744948813226,0,0,0,800,DEMO,MACRO
SITE-A-DOWNTOWN,2026-08-13 09:00:00,75,1,1,0,0.9733333333333334,32.79708838017674,2.622803003232418,0.0036081390172638546,0.010803685014258789,0.9980081953797925,82.43480286606575,0,0,0,800,DEMO,MACRO
SITE-A-DOWNTOWN,2026-08-13 10:00:00,64,1,1,0,0.96875,44.81295341258473,3.038852039959285,0.004629039736820715,0.013248446474008184,0.9895337959156457,97.33427549408765,0,0,0,800,DEMO,MACRO
SITE-A-DOWNTOWN,2026-08-13 11:00:00,44,0,0,0,1.0,42.53817580110882,2.3211424491762767,0.0033998664384933598,0.005226454062329831,0.9953488054815944,126.70940457402804,0,0,0,800,DEMO,MACRO
SITE-A-DOWNTOWN,2026-08-13 12:00:00,60,1,0,0,0.9833333333333333,39.916226004282976,4.0746711539589615,0.001631256341165616,0.010251684152588843,0.9906807941057577,100.12912862313281,0,0,0,800,DEMO,MACRO
SITE-A-DOWNTOWN,2026-08-13 13:00:00,69,0,0,1,0.9855072463768116,44.518645069291146,3.9070455380067606,0.0035099665974856445,0.005659974415052845,0.9736351431746633,131.04620366167612,0,0,0,800,DEMO,MACRO
SITE-A-DOWNTOWN,2026-08-13 14:00:00,60,1,0,0,0.9833333333333333,41.70189691849234,3.734256640008887,0.0038800471038048646,0.01030577447794089,0.9920524497907817,99.81263213643122,0,0,0,800,DEMO,MACRO
SITE-A-DOWNTOWN,2026-08-13 15:00:00,73,0,0,1,0.9863013698630136,34.39535623882975,3.9849118123701075,0.00208105380963985,0.005250742777416087,0.9726568116610438,90.75453478407856,0,0,0,800,DEMO,MACRO
SITE-A-DOWNTOWN,2026-08-13 16:00:00,60,0,0,0,1.0,39.33674020014071,4.24991302135899,0.003221144428194028,0.00602771164114395,0.9839581959667154,131.77921197128873,0,0,0,800,DEMO,MACRO
SITE-A-DOWNTOWN,2026-08-13 17:00:00,51,1,0,0,0.9803921568627451,37.63673843010581,3.122580249889132,0.0017504335140701875,0.011266285974516522,0.9845493274339373,100.73757245439575,0,0,0,800,DEMO,MACRO
SITE-A-DOWNTOWN,2026-08-13 18:00:00,59,0,0,0,1.0,38.919826829631525,2.9537345108503814,0.0038798325491495368,0.007597414832558477,0.9926023486478546,102.49699716396117,0,0,0,800,DEMO,MACRO
SITE-A-DOWNTOWN,2026-08-13 19:00:00,78,1,1,0,0.9743589743589743,43.55158608353625,4.155145584591589,0.004681658572172127,0.008393418538309761,0.995210123078567,103.14550932753771,0,0,0,800,DEMO,MACRO
SITE-A-DOWNTOWN,2026-08-13 20:00:00,78,1,1,0,0.9743589743589743,42.91799126579809,3.9773739944504545,0.005157319631802735,0.01044043444267162,0.991992590668244,87.48645813438262,0,0,0,800,DEMO,MACRO
SITE-A-DOWNTOWN,2026-08-13 21:00:00,77,1,0,0,0.987012987012987,41.00422461171878,2.4273271424091982,0.002213071943526959,0.010749720714472548,0.9928825418465512,88.93122358620298,0,0,0,800,DEMO,MACRO
SITE-A-DOWNTOWN,2026-08-13 22:00:00,45,0,0,0,1.0,31.918826761329747,4.984923584353517,0.004762928874845269,0.009855218383676909,0.9808810150099817,85.78930893853153,0,0,0,800,DEMO,MACRO
SITE-A-DOWNTOWN,2026-08-13 23:00:00,20,0,0,0,1.0,37.58906548935579,4.320562716835007,0.005537710470145441,0.008649893175627043,0.9981289064420995,97.81250765315373,0,0,0,800,DEMO,MACRO
SITE-A-DOWNTOWN,2026-08-14 00:00:00,16,0,0,0,1.0,43.37670801912492,2.4649964764126064,0.005303970117572233,0.012036910711566555,0.9910731319363854,130.42474286461857,0,0,0,800,DEMO,MACRO
SITE-A-DOWNTOWN,2026-08-14 01:00:00,14,0,0,0,1.0,35.13536006273172,3.1010895957670996,0.005326250921328441,0.014010982144471978,0.9748163437939396,126.33015015176215,0,0,0,800,DEMO,MACRO
SITE-A-DOWNTOWN,2026-08-14 02:00:00,14,0,0,0,1.0,28.677145900477406,2.591625284690128,0.0038665281132579795,0.007797701842323641,0.9772683642739076,85.90975807756975,0,0,0,800,DEMO,MACRO
SITE-A-DOWNTOWN,2026-08-14 03:00:00,20,0,0,0,1.0,40.481874980519486,2.0647959429887783,0.0034133013071197963,0.011028062185860962,0.9714885760876018,97.63833537266872,0,0,0,800,DEMO,MACRO
SITE-A-DOWNTOWN,2026-08-14 04:00:00,16,0,0,0,1.0,44.88673820631364,4.550921980622624,0.0018484905922704327,0.012641567898049325,0.983525971733629,90.23866041066078,0,0,0,800,DEMO,MACRO
SITE-A-DOWNTOWN,2026-08-14 05:00:00,16,0,0,0,1.0,43.45760980624942,4.631757974475866,0.0029576748748167637,0.00563352195637997,0.9970165980401955,139.17712660340163,0,0,0,800,DEMO,MACRO
SITE-A-DOWNTOWN,2026-08-14 06:00:00,14,0,0,0,1.0,29.505598935322844,3.631378412642545,0.004481367759463409,0.00982207243234889,0.9805764480091181,94.86705851526813,0,0,0,800,DEMO,MACRO
SITE-A-DOWNTOWN,2026-08-14 07:00:00,15,0,0,0,1.0,25.99641377657653,2.7652225333040183,0.005765650785988091,0.0050809755905576615,0.9918240517197106,127.33478236044711,0,0,0,800,DEMO,MACRO
SITE-A-DOWNTOWN,2026-08-14 08:00:00,77,1,1,0,0.974025974025974,36.90481572043149,2.6626475190756294,0.004340226125622822,0.012078257571931234,0.9920370510113088,109.5036068266924,0,0,0,800,DEMO,MACRO
SITE-A-DOWNTOWN,2026-08-14 09:00:00,74,1,1,0,0.972972972972973,42.32631032650606,3.717373989466058,0.004411813339563811,0.007747863345869939,0.9983088384614969,118.70853357833437,0,0,0,800,DEMO,MACRO
SITE-A-DOWNTOWN,2026-08-14 10:00:00,70,1,0,1,0.9714285714285714,30.772488878159372,4.947143641816971,0.0015272197728476824,0.010303490853541089,0.9733141724914363,91.38726859659322,0,0,0,800,DEMO,MACRO
SITE-A-DOWNTOWN,2026-08-14 11:00:00,73,1,0,1,0.9726027397260274,26.321900619375935,3.148130940042144,0.0019582779448645096,0.013502714034645032,0.9724712649213432,100.19461350255257,0,0,0,800,DEMO,MACRO
SITE-A-DOWNTOWN,2026-08-14 12:00:00,69,0,1,0,0.9855072463768116,38.738278220060444,4.109984466992584,0.005955941628357962,0.005234206554441083,0.9899445467419317,124.69745326826958,0,0,0,800,DEMO,MACRO
SITE-A-DOWNTOWN,2026-08-14 13:00:00,42,1,0,0,0.9761904761904762,39.28042924685333,2.2166374656553165,0.001419692281919582,0.012728019930735614,0.9883531134610226,95.7604466138852,0,0,0,800,DEMO,MACRO
SITE-A-DOWNTOWN,2026-08-14 14:00:00,60,1,1,0,0.9666666666666667,35.669159754809286,2.2712713168757785,0.004741908834586809,0.0084072191457423,0.9942243577235172,85.73334472932014,0,0,0,800,DEMO,MACRO
SITE-A-DOWNTOWN,2026-08-14 15:00:00,54,0,0,0,1.0,26.99529960857835,4.34108037393429,0.0037999155124834984,0.007346875720218593,0.9988855908228257,120.91969773765845,0,0,0,800,DEMO,MACRO
SITE-A-DOWNTOWN,2026-08-14 16:00:00,68,1,1,0,0.9705882352941176,42.10664809285233,3.1399468957244174,0.005712324994582906,0.00797115761110786,0.999530835586797,83.74898282847815,0,0,0,800,DEMO,MACRO
SITE-A-DOWNTOWN,2026-08-14 17:00:00,69,0,1,0,0.9855072463768116,30.8280186654071,3.2717064388576516,0.004180927237906167,0.005458300845557075,0.9767061876430616,86.24101087403555,0,0,0,800,DEMO,MACRO
SITE-A-DOWNTOWN,2026-08-14 18:00:00,65,0,0,0,1.0,29.424833033561757,3.494997154990356,0.002642567056443185,0.0073611677409658755,0.9980553339675383,110.44967218188803,0,0,0,800,DEMO,MACRO
SITE-A-DOWNTOWN,2026-08-14 19:00:00,43,0,0,0,1.0,39.087659798415615,4.463453786611285,0.0023160963507942948,0.005785947335681353,0.9840173725374909,90.20036792921766,0,0,0,800,DEMO,MACRO
SITE-A-DOWNTOWN,2026-08-14 20:00:00,48,0,0,0,1.0,43.393685997658395,3.8797575045881842,0.0030718236814472315,0.00636445088860327,0.9928374580947771,111.98031477246167,0,0,0,800,DEMO,MACRO
SITE-A-DOWNTOWN,2026-08-14 21:00:00,65,1,1,0,0.9692307692307692,44.645436478353616,4.852444129853361,0.005635705551514359,0.013266492339233445,0.9859475206311784,98.02703434316453,0,0,0,800,DEMO,MACRO
SITE-A-DOWNTOWN,2026-08-14 22:00:00,67,0,0,0,1.0,28.026969264418174,3.8504380065794916,0.0013303370433995557,0.005135852894129274,0.9914654861388926,100.5626446236876,0,0,0,800,DEMO,MACRO
SITE-A-DOWNTOWN,2026-08-14 23:00:00,20,0,0,0,1.0,40.598936966672404,4.505911006799323,0.004079146640331684,0.013467372711791489,0.9897660935001198,135.63682631452758,0,0,0,800,DEMO,MACRO
SITE-B-SUBURB,2026-08-01 00:00:00,14,0,0,0,1.0,30.66893219744528,4.850783861808559,0.0010113433812676328,0.0076778081412423906,0.9802482662986312,102.25304372749099,0,0,0,500,DEMO,MACRO
SITE-B-SUBURB,2026-08-01 01:00:00,15,0,0,0,1.0,25.427369797512938,2.6298640270865956,0.002308202656538724,0.011724896214361426,0.9813193921181812,123.34288757071522,0,0,0,500,DEMO,MACRO
SITE-B-SUBURB,2026-08-01 02:00:00,13,0,0,0,1.0,31.814305438794815,2.476929473084294,0.0021417099502904074,0.014014960769224236,0.983654439579863,98.81134823399485,0,0,0,500,DEMO,MACRO
SITE-B-SUBURB,2026-08-01 03:00:00,12,0,0,0,1.0,42.532240526711035,4.112580544388287,0.004472389222956778,0.013046084422828362,0.9772391534035855,123.86165966241634,0,0,0,500,DEMO,MACRO
SITE-B-SUBURB,2026-08-01 04:00:00,20,0,0,0,1.0,38.29803562190797,2.9666645025864775,0.0043091964245363205,0.007266197427536694,0.9806051084061964,120.21416079842723,0,0,0,500,DEMO,MACRO
SITE-B-SUBURB,2026-08-01 05:00:00,15,0,0,0,1.0,31.814099443742172,2.507397599514077,0.001623007953966694,0.011713516204081856,0.9968298537332334,81.01796339094277,0,0,0,500,DEMO,MACRO
SITE-B-SUBURB,2026-08-01 06:00:00,19,0,0,0,1.0,28.37883537374729,4.863884908305266,0.001661445430332697,0.005686055768264122,0.9930408802440909,139.93804738399382,0,0,0,500,DEMO,MACRO
SITE-B-SUBURB,2026-08-01 07:00:00,16,0,0,0,1.0,27.292121395461447,3.223605873729101,0.0036001307982351676,0.013987362942555193,0.9926001347859132,83.6013843049553,0,0,0,500,DEMO,MACRO
SITE-B-SUBURB,2026-08-01 08:00:00,63,1,1,0,0.9682539682539683,40.572871731390116,3.6294815598487506,0.004333830615616033,0.01467407347397108,0.9993593692121475,130.213472235378,0,0,0,500,DEMO,MACRO
SITE-B-SUBURB,2026-08-01 09:00:00,75,1,0,0,0.9866666666666667,31.15160886291233,2.4790668772587443,0.001837419612126863,0.011404976202165556,0.9931873339136703,131.52167337281807,0,0,0,500,DEMO,MACRO
SITE-B-SUBURB,2026-08-01 10:00:00,58,1,0,0,0.9827586206896551,30.75722622282575,3.003421052020523,0.0019811430888583594,0.010439230862227434,0.9983990403032488,125.45560310134886,0,0,0,500,DEMO,MACRO
SITE-B-SUBURB,2026-08-01 11:00:00,63,1,1,0,0.9682539682539683,28.180820807303117,4.528389996578709,0.005481113588478278,0.012680685228904035,0.9787643061563344,103.41481478711424,0,0,0,500,DEMO,MACRO
SITE-B-SUBURB,2026-08-01 12:00:00,71,0,0,1,0.9859154929577465,43.357573843980354,2.7284027055054434,0.003098570600891717,0.00560171070219267,0.9700932918272916,94.60193897584736,0,0,0,500,DEMO,MACRO
SITE-B-SUBURB,2026-08-01 13:00:00,45,0,0,0,1.0,38.50713915312653,3.4302610250721477,0.0030479774093872263,0.0076491341139508,0.9929821711128599,109.2635188350496,0,0,0,500,DEMO,MACRO
SITE-B-SUBURB,2026-08-01 14:00:00,77,1,0,1,0.974025974025974,37.54361082470255,4.979446026874562,0.0013640550815280524,0.01497087565873816,0.9729850551330397,98.46256749593275,0,0,0,500,DEMO,MACRO
SITE-B-SUBURB,2026-08-01 15:00:00,65,1,1,0,0.9692307692307692,44.442241808810216,2.553909432507025,0.0046015904387444375,0.011126491670921715,0.9819409926935105,127.02039129193568,0,0,0,500,DEMO,MACRO
SITE-B-SUBURB,2026-08-01 16:00:00,47,1,0,0,0.9787234042553191,29.502231759746657,3.4705246141436996,0.004547548694632763,0.011215329377947385,0.9862891180941008,124.25259792109884,0,0,0,500,DEMO,MACRO
SITE-B-SUBURB,2026-08-01 17:00:00,46,0,0,0,1.0,25.858477430469375,2.0985219354951665,0.004102734769310964,0.00934455028329845,0.9950743244866346,138.29041044288067,0,0,0,500,DEMO,MACRO
SITE-B-SUBURB,2026-08-01 18:00:00,66,1,0,0,0.9848484848484849,32.57748747648459,3.258511902078707,0.003732322740521145,0.014094937918766648,0.9879993395745721,98.28958044187118,0,0,0,500,DEMO,MACRO
SITE-B-SUBURB,2026-08-01 19:00:00,62,1,0,0,0.9838709677419355,31.581502498476766,3.6656456284862475,0.0014932446045206624,0.010639868123137677,0.9843570101542245,118.72706823318958,0,0,0,500,DEMO,MACRO
SITE-B-SUBURB,2026-08-01 20:00:00,56,1,0,0,0.9821428571428571,36.45510926963583,4.211788005598938,0.0016672458912961033,0.012515940832632683,0.9887133868033694,121.31652181821683,0,0,0,500,DEMO,MACRO
SITE-B-SUBURB,2026-08-01 21:00:00,73,1,1,0,0.9726027397260274,26.70331552025434,4.76617078214524,0.005134669647874383,0.014760838732149409,0.9838103458077239,133.08585884923298,0,0,0,500,DEMO,MACRO
SITE-B-SUBURB,2026-08-01 22:00:00,61,0,1,0,0.9836065573770492,35.99817001419085,4.701543431469043,0.0050732927777492436,0.006026774497399793,0.9740137609510533,104.4432491843198,0,0,0,500,DEMO,MACRO
SITE-B-SUBURB,2026-08-01 23:00:00,20,0,0,0,1.0,38.05284758141251,3.693038666501159,0.005380279609844119,0.013007152178444,0.9730747623792148,100.3536178915416,0,0,0,500,DEMO,MACRO
SITE-B-SUBURB,2026-08-02 00:00:00,12,0,0,0,1.0,40.102640796293535,2.0471718280376616,0.004133776279136492,0.006263234303610691,0.9851012926420489,139.64918508085793,0,0,0,500,DEMO,MACRO
SITE-B-SUBURB,2026-08-02 01:00:00,19,0,0,0,1.0,41.47130536184522,3.451091188137246,0.005893960196111074,0.013595572161710971,0.9719467000954617,118.5987179057239,0,0,0,500,DEMO,MACRO
SITE-B-SUBURB,2026-08-02 02:00:00,20,0,0,0,1.0,30.584825623687415,4.114271711565676,0.002271493630764617,0.007052759595537712,0.9799664623155173,97.58375131525338,0,0,0,500,DEMO,MACRO
SITE-B-SUBURB,2026-08-02 03:00:00,19,0,0,0,1.0,29.700083238918182,3.2736467774405744,0.003429123415840887,0.011911757563535073,0.9990991881239137,116.8358581968605,0,0,0,500,DEMO,MACRO
SITE-B-SUBURB,2026-08-02 04:00:00,19,0,0,0,1.0,27.62853015161625,3.98417668052061,0.001862122237356316,0.013712904925548754,0.9878666310820666,88.17183164861778,0,0,0,500,DEMO,MACRO
SITE-B-SUBURB,2026-08-02 05:00:00,12,0,0,0,1.0,35.49992786065064,3.4568018731801775,0.0014058644547338785,0.014069347969917656,0.9854165128305912,131.8744495962445,0,0,0,500,DEMO,MACRO
SITE-B-SUBURB,2026-08-02 06:00:00,13,0,0,0,1.0,38.59362709316965,3.1264174133155476,0.003682943479877002,0.011243086462761911,0.9947734968582387,135.39588644469112,0,0,0,500,DEMO,MACRO
SITE-B-SUBURB,2026-08-02 07:00:00,17,0,0,0,1.0,42.19167001570208,2.350432011537958,0.0010540476942700818,0.008012308262564835,0.9785403786522535,126.26693107454824,0,0,0,500,DEMO,MACRO
SITE-B-SUBURB,2026-08-02 08:00:00,53,1,1,0,0.9622641509433962,32.763579306642356,4.371968851299039,0.005679010201029181,0.011412960599977876,0.989591604953798,131.69981059717583,0,0,0,500,DEMO,MACRO
SITE-B-SUBURB,2026-08-02 09:00:00,60,1,0,0,0.9833333333333333,44.91756735343486,2.528617617096731,0.0012264672645998244,0.013231423804775114,0.975231273130809,100.12939834624842,0,0,0,500,DEMO,MACRO
SITE-B-SUBURB,2026-08-02 10:00:00,48,0,0,0,1.0,27.223180987016683,3.2713338890326202,0.0027693458561022996,0.005857217891179139,0.9880895399700435,107.06260304711785,0,0,0,500,DEMO,MACRO
SITE-B-SUBURB,2026-08-02 11:00:00,52,1,0,0,0.9807692307692307,40.76054743232528,3.2301682601421837,0.0011287310970633671,0.013793890373444643,0.9822754710855018,85.51308979047813,0,0,0,500,DEMO,MACRO
SITE-B-SUBURB,2026-08-02 12:00:00,48,0,0,0,1.0,30.10074607505639,2.131780712047865,0.0026545511565396764,0.006686743675487713,0.9764079977345443,120.45474629804285,0,0,0,500,DEMO,MACRO
SITE-B-SUBURB,2026-08-02 13:00:00,72,0,0,0,1.0,25.429503752854085,2.535633050896104,0.002477294403519085,0.006650314904682927,0.9879178623979219,132.7754715925675,0,0,0,500,DEMO,MACRO
SITE-B-SUBURB,2026-08-02 14:00:00,69,1,1,0,0.9710144927536232,34.410026803078075,4.3566863687252,0.004952439489722233,0.011346974404625811,0.9940803138758836,102.71819045361474,0,0,0,500,DEMO,MACRO
SITE-B-SUBURB,2026-08-02 15:00:00,57,0,1,0,0.9824561403508771,35.454053443913196,4.215956708478055,0.004695713280845299,0.005659790853920896,0.9950098149107085,82.16560461252497,0,0,0,500,DEMO,MACRO
SITE-B-SUBURB,2026-08-02 16:00:00,54,1,0,0,0.9814814814814815,36.820459228270394,4.470306480068081,0.0012877365064485427,0.011715525868691786,0.9803495711682425,82.45880097710027,0,0,0,500,DEMO,MACRO
SITE-B-SUBURB,2026-08-02 17:00:00,44,0,0,0,1.0,37.811778104593245,2.248569448797788,0.005241379880824596,0.005429711298123391,0.9771729120322487,99.77705589570832,0,0,0,500,DEMO,MACRO
SITE-B-SUBURB,2026-08-02 18:00:00,52,0,1,0,0.9807692307692307,43.509910335484705,4.898962846511976,0.005524690193412802,0.006988464739715185,0.9949950117287087,100.26541038103824,0,0,0,500,DEMO,MACRO
SITE-B-SUBURB,2026-08-02 19:00:00,57,1,0,0,0.9824561403508771,38.79991170859603,2.256070125881153,0.0010271016057450024,0.014309050795691978,0.9806179393225438,127.69713595047236,0,0,0,500,DEMO,MACRO
SITE-B-SUBURB,2026-08-02 20:00:00,51,0,0,0,1.0,26.854514446070088,3.4235444300807023,0.0018547181292446892,0.005808473880415073,0.9705687216488821,104.04874836727379,0,0,0,500,DEMO,MACRO
SITE-B-SUBURB,2026-08-02 21:00:00,67,1,1,0,0.9701492537313433,31.720126136286073,4.885079986317014,0.005145896649125314,0.012059066432626563,0.977321505478373,124.99318875516127,0,0,0,500,DEMO,MACRO
SITE-B-SUBURB,2026-08-02 22:00:00,59,1,0,0,0.9830508474576272,35.55932369609656,2.7166596108035677,0.002039143457837073,0.009194786002997614,0.9782955649655869,133.08698743899228,0,0,0,500,DEMO,MACRO
SITE-B-SUBURB,2026-08-02 23:00:00,12,0,0,0,1.0,38.55393645511134,4.691307683987394,0.004105384007933583,0.006607809924933503,0.9795811170228035,135.35684140940455,0,0,0,500,DEMO,MACRO
SITE-B-SUBURB,2026-08-03 00:00:00,15,0,0,0,1.0,29.43352912680396,3.8541132125694046,0.0052711171958945095,0.013204263655893705,0.9919257632361198,122.13326862215848,0,0,0,500,DEMO,MACRO
SITE-B-SUBURB,2026-08-03 01:00:00,21,0,0,0,1.0,26.22778412305722,3.907259968193013,0.0013629356619429469,0.012983777473189215,0.9739340845266582,81.47292681863121,0,0,0,500,DEMO,MACRO
SITE-B-SUBURB,2026-08-03 02:00:00,19,0,0,0,1.0,28.34719951006465,3.745767608610865,0.0013077432240210783,0.014807993091131573,0.9704981942831944,121.27401152705144,0,0,0,500,DEMO,MACRO
SITE-B-SUBURB,2026-08-03 03:00:00,20,0,0,0,1.0,30.925581478867198,2.023730137116694,0.001185250685827969,0.005609382382415115,0.9926331001352252,111.70854292157192,0,0,0,500,DEMO,MACRO
SITE-B-SUBURB,2026-08-03 04:00:00,15,0,0,0,1.0,37.64989918162571,3.7822071133073516,0.0020091168171537973,0.007236356366989435,0.99935687717414,137.13931989352275,0,0,0,500,DEMO,MACRO
SITE-B-SUBURB,2026-08-03 05:00:00,21,0,0,0,1.0,40.90011782791706,4.160393763353812,0.002388463282700922,0.006999393429224425,0.9924636471172235,137.75960801900683,0,0,0,500,DEMO,MACRO
SITE-B-SUBURB,2026-08-03 06:00:00,19,0,0,0,1.0,32.14393933089833,2.1966307518906794,0.002595857592244821,0.005699283927778884,0.9996308544958349,98.42899355036486,0,0,0,500,DEMO,MACRO
SITE-B-SUBURB,2026-08-03 07:00:00,12,0,0,0,1.0,29.92874565556782,4.8797399398995704,0.0034456661038986328,0.013338260350046479,0.9879789496140092,125.96299164856619,0,0,0,500,DEMO,MACRO
SITE-B-SUBURB,2026-08-03 08:00:00,44,1,0,0,0.9772727272727273,26.75263173357149,3.071790542017144,0.005387948820581394,0.01409316451436152,0.9913177683855591,115.92392372620479,0,0,0,500,DEMO,MACRO
SITE-B-SUBURB,2026-08-03 09:00:00,67,1,1,0,0.9701492537313433,43.56119826200852,3.9797537948378894,0.0040794786867813125,0.013420218868147028,0.9770924817610751,117.19560393452917,0,0,0,500,DEMO,MACRO
SITE-B-SUBURB,2026-08-03 10:00:00,75,1,1,0,0.9733333333333334,40.12383510953323,2.2842367130227372,0.0046415260751153506,0.014027429533630526,0.9888513768117161,90.19375438572331,0,0,0,500,DEMO,MACRO
SITE-B-SUBURB,2026-08-03 11:00:00,65,1,1,0,0.9692307692307692,27.04225739739598,2.691114821756932,0.005274387924586279,0.010887683986924565,0.9800692566801326,128.2083181290603,0,0,0,500,DEMO,MACRO
SITE-B-SUBURB,2026-08-03 12:00:00,68,1,1,1,0.9558823529411765,27.36271067832955,2.6962961233113862,0.005052849127224063,0.013111159659532898,0.9722289728121826,111.29225224964941,0,0,0,500,DEMO,MACRO
SITE-B-SUBURB,2026-08-03 13:00:00,72,1,0,0,0.9861111111111112,31.50877195961971,2.1883675434300844,0.0030857030753772604,0.014348376811053474,0.9919081609505661,92.8026244624519,0,0,0,500,DEMO,MACRO
SITE-B-SUBURB,2026-08-03 14:00:00,52,0,0,0,1.0,38.35170448187582,2.8704849524883738,0.0023430206955201323,0.006770370205625901,0.9821413661826911,101.60497610677893,0,0,0,500,DEMO,MACRO
SITE-B-SUBURB,2026-08-03 15:00:00,72,1,0,0,0.9861111111111112,42.47522903283626,4.282703184886515,0.003463884990065663,0.01462720226067004,0.990210057386629,137.1148937318308,0,0,0,500,DEMO,MACRO
SITE-B-SUBURB,2026-08-03 16:00:00,55,1,1,0,0.9636363636363636,37.68726511218152,4.081141185356156,0.004874566539058317,0.012572315455028477,0.9962078108809499,100.39735850352407,0,0,0,500,DEMO,MACRO
SITE-B-SUBURB,2026-08-03 17:00:00,77,1,1,0,0.974025974025974,29.938764566395605,4.765675779695553,0.0055189138497730396,0.009420378811027917,0.9820356923299263,87.95162587744423,0,0,0,500,DEMO,MACRO
SITE-B-SUBURB,2026-08-03 18:00:00,72,1,1,0,0.9722222222222222,38.43791592817901,4.890713032430103,0.004160956628875045,0.010139353430839966,0.9924644725253592,133.21856224145324,0,0,0,500,DEMO,MACRO
SITE-B-SUBURB,2026-08-03 19:00:00,72,1,1,0,0.9722222222222222,31.919883351223877,3.5204019362207775,0.005723948608874828,0.010062916073506612,0.9940617124952978,111.49106549756554,0,0,0,500,DEMO,MACRO
SITE-B-SUBURB,2026-08-03 20:00:00,78,1,0,0,0.9871794871794872,26.365422626153222,2.0037114222398356,0.0014534717888691337,0.009359494584904947,0.9810241131160228,137.5389692068871,0,0,0,500,DEMO,MACRO
SITE-B-SUBURB,2026-08-03 21:00:00,42,1,0,0,0.9761904761904762,27.69129073390126,4.503022355387351,0.0035458423485291127,0.013412700189751318,0.9810745136152119,126.36106306559115,0,0,0,500,DEMO,MACRO
SITE-B-SUBURB,2026-08-03 22:00:00,61,0,0,0,1.0,34.35568218706181,2.9982673431775777,0.002259970946365634,0.008004894360667751,0.982573850852659,109.7567371650131,0,0,0,500,DEMO,MACRO
SITE-B-SUBURB,2026-08-03 23:00:00,15,0,0,0,1.0,39.69112514227538,4.480413114255986,0.005807401000141521,0.011691376806068444,0.9777014328248221,114.73108212025024,0,0,0,500,DEMO,MACRO
SITE-B-SUBURB,2026-08-04 00:00:00,15,0,0,0,1.0,29.70237590479546,2.9972526282625,0.0021458058210811976,0.010388113743243315,0.9719842691072437,112.59363777254441,0,0,0,500,DEMO,MACRO
SITE-B-SUBURB,2026-08-04 01:00:00,18,0,0,0,1.0,25.13127055411121,2.8273662605749945,0.005854694110624204,0.010795540193461609,0.9719440142455191,114.66066663761981,0,0,0,500,DEMO,MACRO
SITE-B-SUBURB,2026-08-04 02:00:00,13,0,0,0,1.0,27.694940512874545,3.2081142344829834,0.002069335420370433,0.01042564508495446,0.9946710803210823,94.3804999610636,0,0,0,500,DEMO,MACRO
SITE-B-SUBURB,2026-08-04 03:00:00,18,0,0,0,1.0,27.782373605078853,3.8431239912432056,0.001346775826252766,0.010263980672519716,0.9943000964799734,125.98749474339057,0,0,0,500,DEMO,MACRO
SITE-B-SUBURB,2026-08-04 04:00:00,20,0,0,0,1.0,25.218999365862683,3.295280287660482,0.0022169178175542167,0.010151860365693358,0.9745560196799705,88.11404499486606,0,0,0,500,DEMO,MACRO
SITE-B-SUBURB,2026-08-04 05:00:00,20,0,0,0,1.0,42.6121852493437,2.293093677408763,0.005138690636173554,0.00565995118677155,0.980168031338962,139.63660538334244,0,0,0,500,DEMO,MACRO
SITE-B-SUBURB,2026-08-04 06:00:00,13,0,0,0,1.0,34.34967246730463,4.105927621490299,0.00291339126950777,0.01348704763982353,0.9794843177080785,92.37772494611086,0,0,0,500,DEMO,MACRO
SITE-B-SUBURB,2026-08-04 07:00:00,18,0,0,0,1.0,37.614519286959,3.673399423862475,0.005513774608956214,0.0064682523990790474,0.9941361143250512,136.6297080020077,0,0,0,500,DEMO,MACRO
SITE-B-SUBURB,2026-08-04 08:00:00,58,0,0,0,1.0,27.300197537250888,2.4604008292379045,0.001439342317342971,0.008338345511695482,0.9927698961794621,88.69377387860328,0,0,0,500,DEMO,MACRO
SITE-B-SUBURB,2026-08-04 09:00:00,67,1,0,0,0.9850746268656716,25.887967571938447,4.034745695836829,0.0014932107592897828,0.012930701577340269,0.9883800701478116,91.43348483839934,0,0,0,500,DEMO,MACRO
SITE-B-SUBURB,2026-08-04 10:00:00,73,1,1,0,0.9726027397260274,31.983635565097536,3.5711222800250697,0.0037828159487106085,0.007716236299994278,0.9825121477569175,127.17901605262719,0,0,0,500,DEMO,MACRO
SITE-B-SUBURB,2026-08-04 11:00:00,74,0,1,0,0.9864864864864865,41.97291930413128,3.704604051716771,0.005362221229096569,0.006404004081778607,0.9995141265593717,82.70348725479901,0,0,0,500,DEMO,MACRO
SITE-B-SUBURB,2026-08-04 12:00:00,42,1,0,0,0.9761904761904762,40.83355996303058,3.17036084013555,0.004951974606240474,0.014576008097803416,0.9749227181999031,118.96311215195087,0,0,0,500,DEMO,MACRO
SITE-B-SUBURB,2026-08-04 13:00:00,53,0,0,0,1.0,38.28702945011983,2.1844628988262085,0.004338855634056698,0.005269106641447106,0.982101036021762,132.00681248865976,0,0,0,500,DEMO,MACRO
SITE-B-SUBURB,2026-08-04 14:00:00,76,1,0,1,0.9736842105263158,44.384013522008956,3.4139971724308085,0.0019098734395848463,0.01436231910127109,0.9746628589043097,115.64134093035867,0,0,0,500,DEMO,MACRO
SITE-B-SUBURB,2026-08-04 15:00:00,53,1,0,0,0.9811320754716981,43.81303698862078,3.666906003648685,0.0020607574092080944,0.010005668111364257,0.9787601150081845,98.85995517635352,0,0,0,500,DEMO,MACRO
SITE-B-SUBURB,2026-08-04 16:00:00,65,0,1,0,0.9846153846153847,29.035832406204783,2.1163211983107164,0.0047536196719551674,0.005128825322021257,0.9871956313000398,102.03061856043311,0,0,0,500,DEMO,MACRO
SITE-B-SUBURB,2026-08-04 17:00:00,74,1,1,0,0.972972972972973,36.611618362274385,3.4371153515089943,0.004886936992843538,0.01072010591302891,0.9969537715452408,115.11297612680715,0,0,0,500,DEMO,MACRO
SITE-B-SUBURB,2026-08-04 18:00:00,65,1,0,1,0.9692307692307692,42.281761555713146,4.120228455767261,0.0026463963299831767,0.009866113096923396,0.9723701392548997,123.51283052365203,0,0,0,500,DEMO,MACRO
SITE-B-SUBURB,2026-08-04 19:00:00,43,0,0,0,1.0,41.367309723365395,2.2532196040968526,0.0016425713396724254,0.011461316153663578,0.9919650056899677,84.42359303372655,0,0,0,500,DEMO,MACRO
SITE-B-SUBURB,2026-08-04 20:00:00,47,0,0,0,1.0,31.495067356580925,3.0183803163482765,0.001260358973596111,0.00597566376865996,0.9761183090290558,80.84774044155667,0,0,0,500,DEMO,MACRO
SITE-B-SUBURB,2026-08-04 21:00:00,49,1,0,0,0.9795918367346939,25.512362355019867,3.109758586000277,0.0047432525681187655,0.011614207508747462,0.9881335083388952,108.06868812424167,0,0,0,500,DEMO,MACRO
SITE-B-SUBURB,2026-08-04 22:00:00,69,1,1,0,0.9710144927536232,25.965085754316437,2.5565741050109425,0.005735800399320215,0.013139485319162588,0.9870982499146834,116.79768293158415,0,0,0,500,DEMO,MACRO
SITE-B-SUBURB,2026-08-04 23:00:00,13,0,0,0,1.0,41.43845204269755,2.72451697726065,0.005011444202671853,0.011483018455733442,0.9783400793779373,97.2595877784399,0,0,0,500,DEMO,MACRO
SITE-B-SUBURB,2026-08-05 00:00:00,13,0,0,0,1.0,35.94743053322581,4.905893105687273,0.0049487584407031495,0.006664662875385581,0.9735942861407718,96.9033442379432,0,0,0,500,DEMO,MACRO
SITE-B-SUBURB,2026-08-05 01:00:00,17,0,0,0,1.0,27.84826516878174,4.1954524111312566,0.0025731624845724,0.01065524756267313,0.9794572234533547,139.07522835390944,0,0,0,500,DEMO,MACRO
SITE-B-SUBURB,2026-08-05 02:00:00,14,0,0,0,1.0,27.792086371678533,4.331988109576884,0.002448605073072248,0.009550700423668604,0.9786186434324259,109.37916820142496,0,0,0,500,DEMO,MACRO
SITE-B-SUBURB,2026-08-05 03:00:00,12,0,0,0,1.0,31.41301274936904,2.472817121750538,0.005800484663900522,0.00707384943048263,0.9784817455331953,104.61698083469554,0,0,0,500,DEMO,MACRO
SITE-B-SUBURB,2026-08-05 04:00:00,18,0,0,0,1.0,29.58155205327546,3.2220417695700565,0.0039192914367512845,0.010363404218447534,0.9810594242489894,120.59435118442212,0,0,0,500,DEMO,MACRO
SITE-B-SUBURB,2026-08-05 05:00:00,16,0,0,0,1.0,30.30455340842623,2.718861596031595,0.0041269394887601205,0.009113944880243738,0.9949074836438925,80.58448150817813,0,0,0,500,DEMO,MACRO
SITE-B-SUBURB,2026-08-05 06:00:00,20,0,0,0,1.0,31.972688848417427,2.637132447824662,0.005339700141709547,0.007169758769009643,0.9936575911079236,131.24447547504107,0,0,0,500,DEMO,MACRO
SITE-B-SUBURB,2026-08-05 07:00:00,13,0,0,0,1.0,27.327084115670544,2.468167708194816,0.001420091011224439,0.008204697155578632,0.9972021225248117,118.62109379177406,0,0,0,500,DEMO,MACRO
SITE-B-SUBURB,2026-08-05 08:00:00,53,0,0,0,1.0,27.11154272301055,4.2487314451202405,0.0041163555745587,0.005024175471047206,0.9876210910350847,91.39959444488979,0,0,0,500,DEMO,MACRO
SITE-B-SUBURB,2026-08-05 09:00:00,65,1,0,0,0.9846153846153847,27.017962935097223,4.9741543963729065,0.0032842573923320753,0.011169027672534053,0.9761251054800958,102.50187836012475,0,0,0,500,DEMO,MACRO
SITE-B-SUBURB,2026-08-05 10:00:00,72,1,0,0,0.9861111111111112,39.93453613149622,4.720769978590207,0.002238164689243923,0.007398289082075215,0.9820937630031612,98.50061664169093,0,0,0,500,DEMO,MACRO
SITE-B-SUBURB,2026-08-05 11:00:00,68,1,0,0,0.9852941176470589,32.42632958632281,3.1205416802028614,0.0035127683391467865,0.010639225696719719,0.9805982672159074,80.52467704876183,0,0,0,500,DEMO,MACRO
SITE-B-SUBURB,2026-08-05 12:00:00,56,0,0,0,1.0,27.294343403383444,4.562839349370629,0.0022345099623654477,0.007556292739605822,0.9860595390797847,134.44396353113137,0,0,0,500,DEMO,MACRO
SITE-B-SUBURB,2026-08-05 13:00:00,51,0,0,0,1.0,34.60953384989209,3.244237532773544,0.0015605501184993978,0.00788265182553168,0.9975025944267328,136.364736821368,0,0,0,500,DEMO,MACRO
SITE-B-SUBURB,2026-08-05 14:00:00,58,0,1,0,0.9827586206896551,43.40211077027507,2.047420681647438,0.004593206368367686,0.005256505560561497,0.9827814725360403,104.76475823834372,0,0,0,500,DEMO,MACRO
SITE-B-SUBURB,2026-08-05 15:00:00,44,0,0,0,1.0,43.8234665616136,3.056763819717057,0.0010903676437896278,0.006103384388419295,0.9924779993159798,87.71025873039599,0,0,0,500,DEMO,MACRO
SITE-B-SUBURB,2026-08-05 16:00:00,62,0,0,0,1.0,28.907214728157015,4.933287595245735,0.003223135746745898,0.00648099618799838,0.989754432386507,102.65945307036912,0,0,0,500,DEMO,MACRO
SITE-B-SUBURB,2026-08-05 17:00:00,73,1,1,0,0.9726027397260274,44.91982072808034,4.0973542188186265,0.0036744609295205296,0.01498317782838477,0.9851693254692339,107.1713779836661,0,0,0,500,DEMO,MACRO
SITE-B-SUBURB,2026-08-05 18:00:00,70,1,0,1,0.9714285714285714,44.161406567222386,4.158435916618905,0.002826112438448364,0.009026496678087057,0.9702664550621062,94.3859491108474,0,0,0,500,DEMO,MACRO
SITE-B-SUBURB,2026-08-05 19:00:00,66,1,1,0,0.9696969696969697,34.77829667938431,4.569506392345725,0.004350518658724711,0.01066112573042386,0.9941750341385512,109.87017196933768,0,0,0,500,DEMO,MACRO
SITE-B-SUBURB,2026-08-05 20:00:00,72,0,1,0,0.9861111111111112,34.79519769319837,3.057611425798115,0.004825060525945274,0.005711435856852307,0.9993153608349592,137.6485204473942,0,0,0,500,DEMO,MACRO
SITE-B-SUBURB,2026-08-05 21:00:00,74,1,0,1,0.972972972972973,34.349947745996644,3.3499499461375764,0.0030121923902716933,0.009592684065125257,0.9766518252651171,127.94637881943837,0,0,0,500,DEMO,MACRO
SITE-B-SUBURB,2026-08-05 22:00:00,77,1,0,0,0.987012987012987,35.01436294847543,4.558939053609874,0.002458210952873344,0.013595448577065499,0.9991978523111418,120.22569376285831,0,0,0,500,DEMO,MACRO
SITE-B-SUBURB,2026-08-05 23:00:00,13,0,0,0,1.0,39.5213845149296,4.0803304303914985,0.0033653327185124934,0.005598425026963826,0.9737582773472818,129.66741632895713,0,0,0,500,DEMO,MACRO
SITE-B-SUBURB,2026-08-06 00:00:00,18,0,0,0,1.0,38.72734732909802,2.4803117586656946,0.0047759276241570855,0.014557063596446616,0.9885470679549416,82.33334622124336,0,0,0,500,DEMO,MACRO
SITE-B-SUBURB,2026-08-06 01:00:00,20,0,0,0,1.0,34.51696591027178,4.5973467918958235,0.0017447456753062664,0.0078066554791816015,0.9975763682137213,130.23378500328093,0,0,0,500,DEMO,MACRO
SITE-B-SUBURB,2026-08-06 02:00:00,11,0,0,0,1.0,35.41272847943775,4.023106877539796,0.00566431120365141,0.011599387113875809,0.9726222724307717,89.29004084668716,0,0,0,500,DEMO,MACRO
SITE-B-SUBURB,2026-08-06 03:00:00,13,0,0,0,1.0,27.227256078499003,2.0816475853213348,0.0029239955195636976,0.011166473461042915,0.9958343789909152,104.52065209213464,0,0,0,500,DEMO,MACRO
SITE-B-SUBURB,2026-08-06 04:00:00,16,0,0,0,1.0,43.17855361898198,4.750794540605463,0.00588718706254896,0.0052353679216673886,0.9877247348644512,117.83192148307168,0,0,0,500,DEMO,MACRO
SITE-B-SUBURB,2026-08-06 05:00:00,13,0,0,0,1.0,28.757281363181463,4.762153151862286,0.003683223068934752,0.005371390131953528,0.9803868167417394,123.63966316791368,0,0,0,500,DEMO,MACRO
SITE-B-SUBURB,2026-08-06 06:00:00,14,0,0,0,1.0,40.529357373513996,2.629991944723285,0.003163469633344029,0.007924072803713735,0.973830425572711,133.03116001699124,0,0,0,500,DEMO,MACRO
SITE-B-SUBURB,2026-08-06 07:00:00,20,0,0,0,1.0,40.02925456733911,4.6737266402571915,0.0024140544713096243,0.00505564438323136,0.9857561241402423,94.12772759252469,0,0,0,500,DEMO,MACRO
SITE-B-SUBURB,2026-08-06 08:00:00,64,0,0,0,1.0,28.295642125648804,4.164080358986791,0.001128381912889481,0.0077106213305651854,0.9759039020417736,131.1267701670909,0,0,0,500,DEMO,MACRO
SITE-B-SUBURB,2026-08-06 09:00:00,60,1,0,0,0.9833333333333333,38.19307776500436,2.246938134211395,0.002543117834184287,0.013924619877649466,0.9883963954172545,125.45807111387722,0,0,0,500,DEMO,MACRO
SITE-B-SUBURB,2026-08-06 10:00:00,70,0,0,0,1.0,29.105879010287108,4.74188410097354,0.002319409144124743,0.006700057739954782,0.9894670779491899,85.17675129104319,0,0,0,500,DEMO,MACRO
SITE-B-SUBURB,2026-08-06 11:00:00,55,1,0,0,0.9818181818181818,39.241376734116116,3.1496302823414335,0.003575515039165395,0.009869451335227764,0.9722403711929096,84.77724079555388,0,0,0,500,DEMO,MACRO
SITE-B-SUBURB,2026-08-06 12:00:00,69,1,0,0,0.9855072463768116,25.130634940541334,2.5566352476188903,0.0028278795991380995,0.01127201400564019,0.9854693895306327,90.41893136418385,0,0,0,500,DEMO,MACRO
SITE-B-SUBURB,2026-08-06 13:00:00,48,0,0,0,1.0,40.88820846953632,3.988359482628256,0.0044396711340178455,0.007534522892271547,0.9951493762014754,115.1056232756122,0,0,0,500,DEMO,MACRO
SITE-B-SUBURB,2026-08-06 14:00:00,63,1,0,0,0.9841269841269842,38.6869984561917,3.8821959471233423,0.0038433735473747325,0.009709819092684353,0.9930056920885046,123.80030818736822,0,0,0,500,DEMO,MACRO
SITE-B-SUBURB,2026-08-06 15:00:00,63,1,1,0,0.9682539682539683,26.34136277292896,2.6958752527492704,0.005894423774628402,0.009024816265323624,0.9889880259300875,87.89586589807112,0,0,0,500,DEMO,MACRO
SITE-B-SUBURB,2026-08-06 16:00:00,54,1,1,0,0.962962962962963,37.17512103747485,4.286276895983963,0.005844604923338084,0.009560170518632198,0.9793804402016903,89.58534482999507,0,0,0,500,DEMO,MACRO
SITE-B-SUBURB,2026-08-06 17:00:00,50,1,0,0,0.98,33.86863378167984,4.892683716871521,0.0035562074907702986,0.011750394682348269,0.9920067527454532,80.81979134149194,0,0,0,500,DEMO,MACRO
SITE-B-SUBURB,2026-08-06 18:00:00,46,1,0,0,0.9782608695652174,35.80604975171993,2.171957289458877,0.001753305239598428,0.012525684390583505,0.9902225437917718,88.31353927524015,0,0,0,500,DEMO,MACRO
SITE-B-SUBURB,2026-08-06 19:00:00,46,1,0,0,0.9782608695652174,41.86553776202649,3.417229077387474,0.0025805564204394184,0.012192161456050735,0.9900698010428202,139.65671798026779,0,0,0,500,DEMO,MACRO
SITE-B-SUBURB,2026-08-06 20:00:00,46,0,0,0,1.0,40.370355279498824,3.380427196017629,0.0022404942344970155,0.00998380425886289,0.9706139259423308,87.47411957426253,0,0,0,500,DEMO,MACRO
SITE-B-SUBURB,2026-08-06 21:00:00,55,0,0,0,1.0,38.845364021079206,4.125080168335019,0.002218796771746774,0.008072057044467798,0.9931786366603593,103.2585696990671,0,0,0,500,DEMO,MACRO
SITE-B-SUBURB,2026-08-06 22:00:00,70,1,1,1,0.9571428571428572,43.910886015728714,3.6329559931379984,0.0036909670177188328,0.011105605409712456,0.9712366533518171,103.94138316441062,0,0,0,500,DEMO,MACRO
SITE-B-SUBURB,2026-08-06 23:00:00,12,0,0,0,1.0,38.02462744538035,4.670194094454174,0.002552400273237823,0.009755737356621032,0.977041875138859,91.126667079183,0,0,0,500,DEMO,MACRO
SITE-B-SUBURB,2026-08-07 00:00:00,16,0,0,0,1.0,28.977322246965397,2.491637931905024,0.003195106468044939,0.00911018553571732,0.992922743301849,126.69216264701797,0,0,0,500,DEMO,MACRO
SITE-B-SUBURB,2026-08-07 01:00:00,19,0,0,0,1.0,38.13306986666872,3.4051755747494195,0.002551605659590515,0.010035451282442253,0.9889297627733982,137.29360222814125,0,0,0,500,DEMO,MACRO
SITE-B-SUBURB,2026-08-07 02:00:00,12,0,0,0,1.0,26.331657443376024,3.920153261794032,0.0014545319727941493,0.011221254298044088,0.995478988356049,121.95098202986397,0,0,0,500,DEMO,MACRO
SITE-B-SUBURB,2026-08-07 03:00:00,17,0,0,0,1.0,33.47468221360937,2.5853809419338423,0.004303394227033482,0.012105690849450644,0.9921066204882598,101.38202874525498,0,0,0,500,DEMO,MACRO
SITE-B-SUBURB,2026-08-07 04:00:00,13,0,0,0,1.0,29.162519352501757,4.789590996490732,0.005691475597643099,0.005303573402160173,0.9869122142251309,123.08081542547038,0,0,0,500,DEMO,MACRO
SITE-B-SUBURB,2026-08-07 05:00:00,12,0,0,0,1.0,25.661678661017888,2.006314379851073,0.004534276842347091,0.005122501710973,0.9815913714901612,127.90675623818062,0,0,0,500,DEMO,MACRO
SITE-B-SUBURB,2026-08-07 06:00:00,18,0,0,0,1.0,39.134653203330295,3.2934681302734803,0.0029478560849792016,0.009839813390107274,0.9805586715672635,131.7063297920135,0,0,0,500,DEMO,MACRO
SITE-B-SUBURB,2026-08-07 07:00:00,15,0,0,0,1.0,32.75360167653108,2.3608757802283282,0.0035213847311008064,0.014990173609940344,0.9967480613914237,84.07562670494137,0,0,0,500,DEMO,MACRO
SITE-B-SUBURB,2026-08-07 08:00:00,68,0,0,0,1.0,34.392296843962,3.21651018216034,0.0015597047632859443,0.006862840846164484,0.9860470640439251,123.26021710216503,0,0,0,500,DEMO,MACRO
SITE-B-SUBURB,2026-08-07 09:00:00,56,0,0,0,1.0,38.4401889962354,4.021254484450817,0.0010428784517829285,0.007181070021724717,0.9800984868033834,95.37448063243976,0,0,0,500,DEMO,MACRO
SITE-B-SUBURB,2026-08-07 10:00:00,52,1,0,0,0.9807692307692307,32.98767997994274,3.019264124325937,0.0010519944695225206,0.013650919210564424,0.9987053074263303,116.94125930875481,0,0,0,500,DEMO,MACRO
SITE-B-SUBURB,2026-08-07 11:00:00,66,1,1,0,0.9696969696969697,34.00652359637723,4.736526593829713,0.0039983586586399885,0.01196820390536071,0.9910006929914476,138.8504092768941,0,0,0,500,DEMO,MACRO
SITE-B-SUBURB,2026-08-07 12:00:00,45,0,1,0,0.9777777777777777,27.16348722162523,3.516481769811763,0.005611013658296897,0.006295021862774985,0.9715328060120625,83.02291051403095,0,0,0,500,DEMO,MACRO
SITE-B-SUBURB,2026-08-07 13:00:00,70,1,1,0,0.9714285714285714,28.273167475729615,4.312875812233295,0.003997443522848216,0.012317147163947051,0.9866965442413889,101.23468282609136,0,0,0,500,DEMO,MACRO
SITE-B-SUBURB,2026-08-07 14:00:00,64,1,0,0,0.984375,28.395485397676104,3.0795746471360586,0.0030766791698233066,0.011802981156196726,0.9928298296276492,114.00517219344047,0,0,0,500,DEMO,MACRO
SITE-B-SUBURB,2026-08-07 15:00:00,60,1,1,0,0.9666666666666667,30.620307964949063,3.779580695441936,0.005216843896845942,0.009392908865386025,0.9925495163721748,110.48358248606249,0,0,0,500,DEMO,MACRO
SITE-B-SUBURB,2026-08-07 16:00:00,67,0,0,0,1.0,37.160700377680605,2.4199150486468746,0.0020764358750685703,0.006754650424712562,0.9860529522258783,120.14957571293937,0,0,0,500,DEMO,MACRO
SITE-B-SUBURB,2026-08-07 17:00:00,50,1,0,0,0.98,29.16848761272807,3.001183404870079,0.0017290991812894292,0.011539097414366074,0.9826159922780725,96.37156904650716,0,0,0,500,DEMO,MACRO
SITE-B-SUBURB,2026-08-07 18:00:00,75,1,1,1,0.96,43.98159489504333,3.445333668035003,0.005955594833237961,0.008212323373134524,0.976468450585897,122.95403906522948,0,0,0,500,DEMO,MACRO
SITE-B-SUBURB,2026-08-07 19:00:00,76,1,1,0,0.9736842105263158,28.276453457671362,4.585872174501619,0.00393709878621793,0.014042519941200777,0.9983866365104609,105.60958280799349,0,0,0,500,DEMO,MACRO
SITE-B-SUBURB,2026-08-07 20:00:00,46,0,0,0,1.0,28.608269456277313,3.331569607493945,0.0032162819655009514,0.007451341736663248,0.9845182305356303,125.15962431107246,0,0,0,500,DEMO,MACRO
SITE-B-SUBURB,2026-08-07 21:00:00,63,1,0,0,0.9841269841269842,34.619761724133056,3.576548431622208,0.0019825845140063777,0.01142077838219403,0.9775826302915194,114.2515511922868,0,0,0,500,DEMO,MACRO
SITE-B-SUBURB,2026-08-07 22:00:00,70,1,1,0,0.9714285714285714,39.97608394114948,4.804561387801532,0.005630467879719959,0.010020966148362374,0.9778835714062556,94.53376882705369,0,0,0,500,DEMO,MACRO
SITE-B-SUBURB,2026-08-07 23:00:00,17,0,0,0,1.0,40.204663914016734,4.38215808789092,0.005167404301186822,0.010650003526090366,0.9969247940529713,119.42958988245881,0,0,0,500,DEMO,MACRO
SITE-B-SUBURB,2026-08-08 00:00:00,14,0,0,0,1.0,41.74067575741679,3.956242953523034,0.004839307995760658,0.01429851553203279,0.9818627100550772,125.06486339370782,0,0,0,500,DEMO,MACRO
SITE-B-SUBURB,2026-08-08 01:00:00,20,0,0,0,1.0,34.72937801582283,4.620653811016241,0.005867867426464907,0.014475709709267322,0.9927289914756555,130.90246311713963,0,0,0,500,DEMO,MACRO
SITE-B-SUBURB,2026-08-08 02:00:00,17,0,0,0,1.0,37.198361230199204,2.7305520813982365,0.0010885981127397844,0.012611486450394718,0.9928089586169763,123.86194540219876,0,0,0,500,DEMO,MACRO
SITE-B-SUBURB,2026-08-08 03:00:00,17,0,0,0,1.0,38.157888785961255,4.155283606467257,0.0036582774993899557,0.01158562060276891,0.9767292240676373,112.04976259281067,0,0,0,500,DEMO,MACRO
SITE-B-SUBURB,2026-08-08 04:00:00,13,0,0,0,1.0,36.373789644626314,2.7715383886996183,0.001633753489334238,0.0115449232138451,0.9733771782678473,127.6544616830565,0,0,0,500,DEMO,MACRO
SITE-B-SUBURB,2026-08-08 05:00:00,19,0,0,0,1.0,40.43926037213747,3.067039636133379,0.00550660946345288,0.0072562893586257705,0.9747284775047123,120.50607994151696,0,0,0,500,DEMO,MACRO
SITE-B-SUBURB,2026-08-08 06:00:00,14,0,0,0,1.0,31.989652917672974,3.415985851028037,0.004309035955150059,0.007951952872017665,0.9816701230511466,113.9650115205745,0,0,0,500,DEMO,MACRO
SITE-B-SUBURB,2026-08-08 07:00:00,19,0,0,0,1.0,27.91958863042954,4.725813105461823,0.0016131765947634594,0.014869096319456914,0.9953355428632822,106.81460577010164,0,0,0,500,DEMO,MACRO
SITE-B-SUBURB,2026-08-08 08:00:00,73,1,0,0,0.9863013698630136,26.285745294861517,3.6876884794899767,0.0027678193923253744,0.008007602460226413,0.9968442772714498,82.29424924508113,0,0,0,500,DEMO,MACRO
SITE-B-SUBURB,2026-08-08 09:00:00,46,0,0,0,1.0,26.57422745735736,4.032316588899871,0.0024281878542892392,0.010269117160545491,0.9977588493657342,127.84447938828394,0,0,0,500,DEMO,MACRO
SITE-B-SUBURB,2026-08-08 10:00:00,76,0,1,0,0.9868421052631579,31.104010506189468,3.4640748483365207,0.004584098491849598,0.005055990608317347,0.9959178752850877,130.51029108204563,0,0,0,500,DEMO,MACRO
SITE-B-SUBURB,2026-08-08 11:00:00,50,1,1,0,0.96,29.049294908821327,2.639693082613791,0.005164265692873393,0.010147201884192093,0.9773570734180557,81.0192294691088,0,0,0,500,DEMO,MACRO
SITE-B-SUBURB,2026-08-08 12:00:00,56,1,0,0,0.9821428571428571,38.50065901697306,4.198464472068132,0.0027713076295302506,0.014176341608625333,0.9852905401501508,111.05387796508583,0,0,0,500,DEMO,MACRO
SITE-B-SUBURB,2026-08-08 13:00:00,75,1,1,1,0.96,33.06658677814296,3.0769573965065744,0.005123258830716998,0.009401812612000439,0.9769408485915098,106.11698742336004,0,0,0,500,DEMO,MACRO
SITE-B-SUBURB,2026-08-08 14:00:00,75,1,0,1,0.9733333333333334,37.77911301078164,2.3150865464130197,0.003095712451978861,0.009666374196599605,0.9704172369735314,137.68589466494075,0,0,0,500,DEMO,MACRO
SITE-B-SUBURB,2026-08-08 15:00:00,67,0,0,0,1.0,27.03065977049095,3.656742317303837,0.0025625816817485083,0.007118196622803236,0.978227002209819,83.21247646416893,0,0,0,500,DEMO,MACRO
SITE-B-SUBURB,2026-08-08 16:00:00,65,1,1,0,0.9692307692307692,32.33317927284996,4.099313879546626,0.005076610164865861,0.010726681738045554,0.9803083754084381,88.40055325980791,0,0,0,500,DEMO,MACRO
SITE-B-SUBURB,2026-08-08 17:00:00,45,0,0,0,1.0,38.4942631684297,4.343644987235117,0.0016884606697425107,0.005461561978999215,0.9963736015321472,116.38453809630998,0,0,0,500,DEMO,MACRO
SITE-B-SUBURB,2026-08-08 18:00:00,75,1,1,0,0.9733333333333334,39.18031326685216,2.1688499133881836,0.00416053226597966,0.01054873169090499,0.991458082770208,85.64221101590054,0,0,0,500,DEMO,MACRO
SITE-B-SUBURB,2026-08-08 19:00:00,68,1,1,0,0.9705882352941176,43.807579138517326,4.954027300118727,0.004829921518364787,0.008116377174500835,0.9993559181201597,116.8544896170012,0,0,0,500,DEMO,MACRO
SITE-B-SUBURB,2026-08-08 20:00:00,47,1,0,0,0.9787234042553191,38.22677248557208,2.619943428247253,0.005265658064925403,0.011468344165940685,0.9766266086818853,102.67887370532051,0,0,0,500,DEMO,MACRO
SITE-B-SUBURB,2026-08-08 21:00:00,46,0,0,0,1.0,33.65683285385796,4.96863541978591,0.002918734481484651,0.008954385183274627,0.9940914451220718,84.96746612754596,0,0,0,500,DEMO,MACRO
SITE-B-SUBURB,2026-08-08 22:00:00,49,1,0,0,0.9795918367346939,39.915423081445645,2.3910054683671467,0.004056768388533697,0.013167637512493321,0.9868917865049741,84.81116777540988,0,0,0,500,DEMO,MACRO
SITE-B-SUBURB,2026-08-08 23:00:00,17,0,0,0,1.0,35.80757403017023,4.8623419070520155,0.004269244658491376,0.011968936781935523,0.9878630449295169,99.55797514626514,0,0,0,500,DEMO,MACRO
SITE-B-SUBURB,2026-08-09 00:00:00,13,0,0,0,1.0,25.191289472537687,3.2424975734704926,0.005059296736724698,0.00704455536233153,0.9894518017665731,123.22627050401984,0,0,0,500,DEMO,MACRO
SITE-B-SUBURB,2026-08-09 01:00:00,19,0,0,0,1.0,42.15620835936703,2.7315553093260414,0.005813397916573622,0.008445484832368885,0.9883477720893491,136.9168796962812,0,0,0,500,DEMO,MACRO
SITE-B-SUBURB,2026-08-09 02:00:00,20,0,0,0,1.0,34.71476609768802,2.5833686111993757,0.004074124898424127,0.010878438196770894,0.9719186700482013,102.9499503693959,0,0,0,500,DEMO,MACRO
SITE-B-SUBURB,2026-08-09 03:00:00,11,0,0,0,1.0,35.51506877269024,2.5431513618784987,0.004219519452850595,0.009538737886591288,0.9974141526734751,109.40298847394064,0,0,0,500,DEMO,MACRO
SITE-B-SUBURB,2026-08-09 04:00:00,13,0,0,0,1.0,28.228683460153473,2.526223049485143,0.0057561028425911365,0.008593311207907257,0.9804650588558004,138.5657196662611,0,0,0,500,DEMO,MACRO
SITE-B-SUBURB,2026-08-09 05:00:00,18,0,0,0,1.0,37.44009652351781,4.843181551788917,0.005549825891334055,0.0066036340177012005,0.98413195608486,95.12375523717816,0,0,0,500,DEMO,MACRO
SITE-B-SUBURB,2026-08-09 06:00:00,15,0,0,0,1.0,29.921180543614057,2.530795537963997,0.0023595826719016643,0.006307126177755164,0.9914927444889969,96.77033603700811,0,0,0,500,DEMO,MACRO
SITE-B-SUBURB,2026-08-09 07:00:00,18,0,0,0,1.0,30.506731113826206,3.1406066037680693,0.0025263029486878976,0.00853483649343213,0.9912676881358852,90.43031124698005,0,0,0,500,DEMO,MACRO
SITE-B-SUBURB,2026-08-09 08:00:00,73,1,0,1,0.9726027397260274,31.946602401471964,2.2807151551704723,0.0015987364175139122,0.014004929327484029,0.9712587208901033,96.57637412994337,0,0,0,500,DEMO,MACRO
SITE-B-SUBURB,2026-08-09 09:00:00,46,1,0,0,0.9782608695652174,26.589371883789042,2.6329614492802915,0.0023440141201622605,0.013357883790073199,0.9734726509113059,136.7334817417685,0,0,0,500,DEMO,MACRO
SITE-B-SUBURB,2026-08-09 10:00:00,78,1,1,0,0.9743589743589743,36.310405154345624,4.319779401179954,0.0037929935138071046,0.010074707034172719,0.9831271027391982,95.16048154266313,0,0,0,500,DEMO,MACRO
SITE-B-SUBURB,2026-08-09 11:00:00,74,1,1,1,0.9594594594594594,33.07678246882033,3.918669573244041,0.003912309657234015,0.014618590630316574,0.9773216336721968,89.29882180712796,0,0,0,500,DEMO,MACRO
SITE-B-SUBURB,2026-08-09 12:00:00,42,1,0,0,0.9761904761904762,35.17936524870102,3.923522591913508,0.00412574908204435,0.01282354291752871,0.9951327964782799,122.08614148713023,0,0,0,500,DEMO,MACRO
SITE-B-SUBURB,2026-08-09 13:00:00,43,0,0,0,1.0,41.74417594449895,2.127251428051319,0.005288410699858674,0.00501094528221995,0.9932328047622632,118.32356843925874,0,0,0,500,DEMO,MACRO
SITE-B-SUBURB,2026-08-09 14:00:00,76,1,0,0,0.9868421052631579,40.07454687352745,3.738621195183935,0.0016052062518688952,0.013767874704760628,0.9877349630584127,107.7589298872439,0,0,0,500,DEMO,MACRO
SITE-B-SUBURB,2026-08-09 15:00:00,71,0,1,0,0.9859154929577465,29.062674599232267,2.528976043668785,0.005461978988424265,0.006604411810671562,0.9945293960691585,92.59277975399645,0,0,0,500,DEMO,MACRO
SITE-B-SUBURB,2026-08-09 16:00:00,47,0,0,0,1.0,33.16170523873267,3.8521052226262738,0.004036043377291324,0.0089473758534899,0.9855537796991558,118.96465517278293,0,0,0,500,DEMO,MACRO
SITE-B-SUBURB,2026-08-09 17:00:00,61,0,0,0,1.0,43.31790381124732,4.470044460252666,0.002040668281288188,0.0072524563189091664,0.9818364853525308,126.29850106533515,0,0,0,500,DEMO,MACRO
SITE-B-SUBURB,2026-08-09 18:00:00,63,1,0,0,0.9841269841269842,31.297991849378278,4.305495606984914,0.0019778489816706427,0.012085109428287269,0.9926087388520263,86.11875958965545,0,0,0,500,DEMO,MACRO
SITE-B-SUBURB,2026-08-09 19:00:00,74,1,0,0,0.9864864864864865,36.878979204122324,4.913636430401877,0.002494217208019212,0.009599675268992226,0.9980783649661741,87.8329715249625,0,0,0,500,DEMO,MACRO
SITE-B-SUBURB,2026-08-09 20:00:00,67,1,1,0,0.9701492537313433,32.31087125389783,3.03063654356836,0.005975103397336706,0.008904153185725298,0.9774179750003222,92.44098569358329,0,0,0,500,DEMO,MACRO
SITE-B-SUBURB,2026-08-09 21:00:00,64,1,0,0,0.984375,37.717033629165755,2.717024879259421,0.0034754078483629856,0.007865551528352645,0.995118389701971,101.46681615771548,0,0,0,500,DEMO,MACRO
SITE-B-SUBURB,2026-08-09 22:00:00,67,1,1,0,0.9701492537313433,43.271638936573865,2.716342514944018,0.005761108397601655,0.009853492152794845,0.9892083736146949,96.32124476869734,0,0,0,500,DEMO,MACRO
SITE-B-SUBURB,2026-08-09 23:00:00,17,0,0,0,1.0,39.47555793046051,3.7766941606908695,0.005312692290437126,0.009716284188110571,0.9704506584968617,134.80458996981116,0,0,0,500,DEMO,MACRO
SITE-B-SUBURB,2026-08-10 00:00:00,19,0,0,0,1.0,37.299929898685896,3.7957090302366163,0.0012061479565949086,0.007875460505285878,0.9726952340154115,118.98832879711006,0,0,0,500,DEMO,MACRO
SITE-B-SUBURB,2026-08-10 01:00:00,14,0,0,0,1.0,38.2112819034684,4.440756297005823,0.0026631662981144552,0.005314759633455751,0.982289397182975,90.12681583756783,0,0,0,500,DEMO,MACRO
SITE-B-SUBURB,2026-08-10 02:00:00,13,0,0,0,1.0,29.776832308621223,2.5419726088236816,0.004438659084652689,0.010976601459219458,0.9946826552381246,139.0534116545038,0,0,0,500,DEMO,MACRO
SITE-B-SUBURB,2026-08-10 03:00:00,12,0,0,0,1.0,43.76146204988288,4.303011847397444,0.003814195313006931,0.014726229009606955,0.985372467264966,81.69806967512001,0,0,0,500,DEMO,MACRO
SITE-B-SUBURB,2026-08-10 04:00:00,17,0,0,0,1.0,31.256274908259904,4.088897982103896,0.003831502950560554,0.011832123645077458,0.9705622756741396,94.87693890285412,0,0,0,500,DEMO,MACRO
SITE-B-SUBURB,2026-08-10 05:00:00,14,0,0,0,1.0,38.08667402796961,3.295831061138266,0.0020910203383165864,0.0080980233129252,0.9928280241338077,123.05643224349323,0,0,0,500,DEMO,MACRO
SITE-B-SUBURB,2026-08-10 06:00:00,18,0,0,0,1.0,44.01149576518388,2.1319075286088722,0.0021720457167358686,0.00938230221417374,0.994130699645704,113.91421883785688,0,0,0,500,DEMO,MACRO
SITE-B-SUBURB,2026-08-10 07:00:00,12,0,0,0,1.0,44.02578940330788,3.1011347250201364,0.0019072106699987992,0.009094475393805816,0.9869021439907824,88.06658031544099,0,0,0,500,DEMO,MACRO
SITE-B-SUBURB,2026-08-10 08:00:00,77,1,1,0,0.974025974025974,39.520065402872575,4.966275806258008,0.005657003964712119,0.008761941641051612,0.9836243966312354,129.7340146176616,0,0,0,500,DEMO,MACRO
SITE-B-SUBURB,2026-08-10 09:00:00,57,0,1,0,0.9824561403508771,32.123670581992805,4.8556783557430405,0.004493340653501925,0.0064725706499008965,0.983512205161751,80.18358746356236,0,0,0,500,DEMO,MACRO
SITE-B-SUBURB,2026-08-10 10:00:00,64,1,0,0,0.984375,35.46110490689939,4.394000201373184,0.0026533144191589783,0.011495237300835645,0.9898961332760491,111.44257168349141,0,0,0,500,DEMO,MACRO
SITE-B-SUBURB,2026-08-10 11:00:00,69,1,0,1,0.9710144927536232,34.19840921032031,3.8315735172490797,0.0033035112967773196,0.014119317015341786,0.9733894139083396,131.83455685019092,0,0,0,500,DEMO,MACRO
SITE-B-SUBURB,2026-08-10 12:00:00,60,1,0,0,0.9833333333333333,25.224810575424897,4.1568847038160675,0.0028138851764601264,0.010070923920557567,0.9855299513549375,124.11173594025783,0,0,0,500,DEMO,MACRO
SITE-B-SUBURB,2026-08-10 13:00:00,75,1,0,0,0.9866666666666667,37.715055275610496,2.6577615455103767,0.0013538085806635777,0.011682407387145863,0.9996560819574953,84.65346142232504,0,0,0,500,DEMO,MACRO
SITE-B-SUBURB,2026-08-10 14:00:00,52,1,0,0,0.9807692307692307,32.688316204685236,3.959789148059262,0.0023302598620095604,0.0119129966244616,0.9830768876886651,127.6969181377107,0,0,0,500,DEMO,MACRO
SITE-B-SUBURB,2026-08-10 15:00:00,48,1,0,0,0.9791666666666666,31.657818258855883,3.876148262381334,0.0015268834079035928,0.014752127372265219,0.988220200618742,138.3407611104202,0,0,0,500,DEMO,MACRO
SITE-B-SUBURB,2026-08-10 16:00:00,59,1,0,0,0.9830508474576272,39.18118945630683,2.6046626455271014,0.0014152425051175103,0.009429743719512797,0.9841396383792951,113.48599974238826,0,0,0,500,DEMO,MACRO
SITE-B-SUBURB,2026-08-10 17:00:00,68,1,0,0,0.9852941176470589,28.912943558047644,4.046408107132659,0.0023304065419927243,0.007902743229542486,0.9934393164268869,120.90733747452288,0,0,0,500,DEMO,MACRO
SITE-B-SUBURB,2026-08-10 18:00:00,52,1,0,0,0.9807692307692307,43.436508180979345,4.557706035390262,0.0020975327948675,0.014761027534057357,0.9856000162299479,113.51148469242744,0,0,0,500,DEMO,MACRO
SITE-B-SUBURB,2026-08-10 19:00:00,68,1,0,0,0.9852941176470589,32.74969196821134,3.671918135304002,0.0011680032092542616,0.012201975523542227,0.98046507747659,121.51776471504058,0,0,0,500,DEMO,MACRO
SITE-B-SUBURB,2026-08-10 20:00:00,60,1,0,0,0.9833333333333333,37.370018076896784,2.2240725814892484,0.0038154894458597164,0.008544265065969827,0.9914391994672432,122.66815102888293,0,0,0,500,DEMO,MACRO
SITE-B-SUBURB,2026-08-10 21:00:00,57,1,1,0,0.9649122807017544,39.6271826652041,2.4304122312650325,0.00508051461148474,0.014692352084151615,0.997019966930809,128.71535751326724,0,0,0,500,DEMO,MACRO
SITE-B-SUBURB,2026-08-10 22:00:00,72,1,0,0,0.9861111111111112,43.65133007611384,3.6865757879976884,0.0020761272966652936,0.010424787696543158,0.9955254733895781,120.68388386398507,0,0,0,500,DEMO,MACRO
SITE-B-SUBURB,2026-08-10 23:00:00,15,0,0,0,1.0,25.701777647015476,4.909642581980332,0.005613206516944148,0.010028218327635011,0.9976983965380078,90.91243689795003,0,0,0,500,DEMO,MACRO
SITE-B-SUBURB,2026-08-11 00:00:00,17,0,0,0,1.0,28.381299771167292,4.009649211843897,0.005587556095693262,0.014314523408569056,0.9723992635619875,126.10731092386801,0,0,0,500,DEMO,MACRO
SITE-B-SUBURB,2026-08-11 01:00:00,19,0,0,0,1.0,29.418264980929067,4.684533270116837,0.003643551337217416,0.00542036102635871,0.9812763855012319,120.94214909798592,0,0,0,500,DEMO,MACRO
SITE-B-SUBURB,2026-08-11 02:00:00,17,0,0,0,1.0,28.979986032220523,3.775798084925161,0.0014331468322512167,0.014117321920511662,0.970291535909175,138.25375940394838,0,0,0,500,DEMO,MACRO
SITE-B-SUBURB,2026-08-11 03:00:00,12,0,0,0,1.0,40.039382295564806,4.007523432672391,0.0035285393400486514,0.009381682982914205,0.9762383243074038,97.19293289382719,0,0,0,500,DEMO,MACRO
SITE-B-SUBURB,2026-08-11 04:00:00,19,0,0,0,1.0,30.36410204589218,3.962449624238532,0.003758007828491173,0.01067497535519351,0.9858666908601195,136.74068707323082,0,0,0,500,DEMO,MACRO
SITE-B-SUBURB,2026-08-11 05:00:00,18,0,0,0,1.0,30.279777498867524,3.670435583608301,0.0058443863133273806,0.007675938546783978,0.9910384329609329,118.8626318900285,0,0,0,500,DEMO,MACRO
SITE-B-SUBURB,2026-08-11 06:00:00,17,0,0,0,1.0,36.127395603338535,4.222036021516331,0.0028769213651646036,0.014369037031512166,0.9870156746301734,100.28682408835951,0,0,0,500,DEMO,MACRO
SITE-B-SUBURB,2026-08-11 07:00:00,14,0,0,0,1.0,38.70776357479534,4.757947679769078,0.004179986718672403,0.010224977086425016,0.9805917185300764,105.53324841369161,0,0,0,500,DEMO,MACRO
SITE-B-SUBURB,2026-08-11 08:00:00,53,0,0,0,1.0,37.40406883240201,4.583763781552872,0.003963907106032015,0.007029972939537917,0.9710917172444343,132.6845301576297,0,0,0,500,DEMO,MACRO
SITE-B-SUBURB,2026-08-11 09:00:00,76,1,1,0,0.9736842105263158,38.776462645076215,4.836386482066861,0.00569963487855582,0.010548185563040626,0.9973948390279281,104.16222045583953,0,0,0,500,DEMO,MACRO
SITE-B-SUBURB,2026-08-11 10:00:00,69,0,1,0,0.9855072463768116,38.57602917188293,2.2411566214046212,0.005060760815591173,0.006606560916031294,0.9999121542573426,82.96459272414906,0,0,0,500,DEMO,MACRO
SITE-B-SUBURB,2026-08-11 11:00:00,76,1,0,0,0.9868421052631579,28.050173055041906,3.620272235256047,0.0028608014198688594,0.013752728866404187,0.9782171010470616,123.2048277958474,0,0,0,500,DEMO,MACRO
SITE-B-SUBURB,2026-08-11 12:00:00,74,1,0,0,0.9864864864864865,26.28323734211269,4.1422182947533415,0.0014194121587266682,0.012788146010736117,0.9957091027612716,88.3542975303499,0,0,0,500,DEMO,MACRO
SITE-B-SUBURB,2026-08-11 13:00:00,75,1,1,1,0.96,33.76385283980723,2.925279492193284,0.005827679244012963,0.008842225930768919,0.9762925054129483,99.78326610425346,0,0,0,500,DEMO,MACRO
SITE-B-SUBURB,2026-08-11 14:00:00,71,1,0,0,0.9859154929577465,44.68206637051642,3.3652842438378276,0.003468836639765468,0.010980973310103018,0.9951883037592829,80.54481425754483,0,0,0,500,DEMO,MACRO
SITE-B-SUBURB,2026-08-11 15:00:00,73,1,0,0,0.9863013698630136,44.4506443560372,3.2161042980475543,0.0031889641543188106,0.014577452480228511,0.9822066334989109,102.60545776357839,0,0,0,500,DEMO,MACRO
SITE-B-SUBURB,2026-08-11 16:00:00,60,1,0,0,0.9833333333333333,34.46407793175422,3.940929064349571,0.002431899866342809,0.01180079865507944,0.9810367841440418,127.0118155775491,0,0,0,500,DEMO,MACRO
SITE-B-SUBURB,2026-08-11 17:00:00,63,1,1,0,0.9682539682539683,43.38711309141813,3.6423349388645425,0.0052874792394788485,0.009404419157141396,0.9900788251779435,96.02312344795408,0,0,0,500,DEMO,MACRO
SITE-B-SUBURB,2026-08-11 18:00:00,72,1,1,1,0.9583333333333334,38.26036194834439,2.5728411809871767,0.003719005787692485,0.014216915295255182,0.9760528928621252,109.29518511152946,0,0,0,500,DEMO,MACRO
SITE-B-SUBURB,2026-08-11 19:00:00,70,1,1,0,0.9714285714285714,33.521421401174706,2.089727318588597,0.003627331093165565,0.009622408596684801,0.9978307257758887,119.83589294074575,0,0,0,500,DEMO,MACRO
SITE-B-SUBURB,2026-08-11 20:00:00,65,0,1,0,0.9846153846153847,32.36047386333103,4.688861993802552,0.00514216589919441,0.005910249182376094,0.9898228029183389,134.2711265297811,0,0,0,500,DEMO,MACRO
SITE-B-SUBURB,2026-08-11 21:00:00,58,1,0,0,0.9827586206896551,44.423208549946395,2.782888081515979,0.003938921123146038,0.01033414163960138,0.9788590470697942,126.8787454286468,0,0,0,500,DEMO,MACRO
SITE-B-SUBURB,2026-08-11 22:00:00,65,0,1,1,0.9692307692307692,37.991067998716424,4.346548091068438,0.0046362734774354104,0.006003833237909612,0.971657813848448,129.21788325697878,0,0,0,500,DEMO,MACRO
SITE-B-SUBURB,2026-08-11 23:00:00,20,0,0,0,1.0,27.962618867360376,2.3900414878205116,0.0034876855871609326,0.006779301939469599,0.9979179850116301,93.43636318379903,0,0,0,500,DEMO,MACRO
SITE-B-SUBURB,2026-08-12 00:00:00,12,0,0,0,1.0,39.315786818329144,3.66756755242389,0.004355706536119634,0.011920347976917385,0.9785585673924486,109.28652693397251,0,0,0,500,DEMO,MACRO
SITE-B-SUBURB,2026-08-12 01:00:00,18,0,0,0,1.0,25.959169690269142,4.830654498959135,0.005252572195610225,0.012536328917384786,0.9731195217091958,117.42725509139692,0,0,0,500,DEMO,MACRO
SITE-B-SUBURB,2026-08-12 02:00:00,15,0,0,0,1.0,33.61018938890929,3.1337677924194898,0.0046314213042117705,0.005103072902812421,0.9841171132936247,95.38962182641119,0,0,0,500,DEMO,MACRO
SITE-B-SUBURB,2026-08-12 03:00:00,16,0,0,0,1.0,36.051824728362256,3.261420625522457,0.005384006280055056,0.01381954153095609,0.9927861515757641,127.6695443236733,0,0,0,500,DEMO,MACRO
SITE-B-SUBURB,2026-08-12 04:00:00,13,0,0,0,1.0,30.421277054589783,4.447012195937355,0.0015826845647691039,0.01094202591519135,0.9890001146758984,86.54914800449433,0,0,0,500,DEMO,MACRO
SITE-B-SUBURB,2026-08-12 05:00:00,16,0,0,0,1.0,38.44423791904903,4.572903809518243,0.002953958894486479,0.010312572177080332,0.9912468965829946,114.9066965813729,0,0,0,500,DEMO,MACRO
SITE-B-SUBURB,2026-08-12 06:00:00,13,0,0,0,1.0,37.762572104291586,4.129977684526762,0.00500510394702713,0.010610732725796683,0.9898275853970985,91.71786285148251,0,0,0,500,DEMO,MACRO
SITE-B-SUBURB,2026-08-12 07:00:00,14,0,0,0,1.0,41.19521165277049,2.6708788234436995,0.003184832774610599,0.013849294031421162,0.9744018974015375,120.72249527745521,0,0,0,500,DEMO,MACRO
SITE-B-SUBURB,2026-08-12 08:00:00,48,1,0,0,0.9791666666666666,37.519049698701025,4.449592302706016,0.005102241750012539,0.012776117864117325,0.9855370316369447,112.61556429483618,0,0,0,500,DEMO,MACRO
SITE-B-SUBURB,2026-08-12 09:00:00,58,1,0,0,0.9827586206896551,27.333477531757715,4.243722803065484,0.0012611699367431925,0.014327346274937286,0.9755738413354522,123.20450103682123,0,0,0,500,DEMO,MACRO
SITE-B-SUBURB,2026-08-12 10:00:00,63,1,0,0,0.9841269841269842,37.254931510721406,4.26980809342465,0.00248055251133299,0.013252660301136861,0.9926596935678564,114.81887040947566,0,0,0,500,DEMO,MACRO
SITE-B-SUBURB,2026-08-12 11:00:00,75,1,0,0,0.9866666666666667,32.68135831576063,4.90740936083243,0.0029378515115093926,0.007410304265695551,0.9867484349909712,135.26049757500448,0,0,0,500,DEMO,MACRO
SITE-B-SUBURB,2026-08-12 12:00:00,67,1,1,0,0.9701492537313433,36.56234858352807,3.176408284639109,0.0047356480738876775,0.01059035420370167,0.9946834736295669,129.99434552871577,0,0,0,500,DEMO,MACRO
SITE-B-SUBURB,2026-08-12 13:00:00,70,1,1,0,0.9714285714285714,44.45649960896182,3.9460226818340494,0.005873791217200646,0.011519483824415172,0.9765507219480678,117.65834417990618,0,0,0,500,DEMO,MACRO
SITE-B-SUBURB,2026-08-12 14:00:00,74,1,0,1,0.972972972972973,33.463141838901166,2.503340540922865,0.0027585957566585856,0.012815362736403903,0.9762302644882626,80.68379513947744,0,0,0,500,DEMO,MACRO
SITE-B-SUBURB,2026-08-12 15:00:00,69,1,1,0,0.9710144927536232,44.435239175533994,4.606719483888217,0.005006044998965441,0.012296447992343772,0.9865430079333796,119.11009215800613,0,0,0,500,DEMO,MACRO
SITE-B-SUBURB,2026-08-12 16:00:00,57,1,1,0,0.9649122807017544,31.57199203167847,2.6157767986656766,0.004469746392998497,0.011034697977922062,0.9997109368884447,104.87473622507515,0,0,0,500,DEMO,MACRO
SITE-B-SUBURB,2026-08-12 17:00:00,48,1,0,0,0.9791666666666666,27.441559047056103,2.0447565934994523,0.001696387089923582,0.010920156602928041,0.9989146360677447,86.79573083218908,0,0,0,500,DEMO,MACRO
SITE-B-SUBURB,2026-08-12 18:00:00,69,1,0,1,0.9710144927536232,38.63777115978,2.906336684544583,0.001228249056405287,0.013876641134985265,0.974470511454507,106.1818062038683,0,0,0,500,DEMO,MACRO
SITE-B-SUBURB,2026-08-12 19:00:00,61,0,0,1,0.9836065573770492,40.60023411327066,4.867393820090305,0.003962650439907142,0.0064801643951215284,0.97241338819314,118.58437903018473,0,0,0,500,DEMO,MACRO
SITE-B-SUBURB,2026-08-12 20:00:00,69,1,0,0,0.9855072463768116,29.983894624100067,2.494970943653593,0.00275131616627323,0.007879256866702579,0.9806369688543688,101.08325355801136,0,0,0,500,DEMO,MACRO
SITE-B-SUBURB,2026-08-12 21:00:00,72,1,1,0,0.9722222222222222,34.231953390001756,4.543572070680682,0.003510209981630946,0.007904577708192216,0.9977280378646168,119.08620240767088,0,0,0,500,DEMO,MACRO
SITE-B-SUBURB,2026-08-12 22:00:00,43,0,0,0,1.0,29.659212345087546,4.91981619831994,0.004175263767966442,0.008747610853046265,0.9775325986390034,85.93014404957285,0,0,0,500,DEMO,MACRO
SITE-B-SUBURB,2026-08-12 23:00:00,11,0,0,0,1.0,28.920030083382073,2.9295521501782478,0.003653276201198847,0.008979779573488993,0.9713624595876919,88.6642031470415,0,0,0,500,DEMO,MACRO
SITE-B-SUBURB,2026-08-13 00:00:00,17,0,0,0,1.0,25.808506345247277,2.892368193714163,0.004192618057837624,0.00653324148029122,0.9965074210216837,139.23923461400548,0,0,0,500,DEMO,MACRO
SITE-B-SUBURB,2026-08-13 01:00:00,20,0,0,0,1.0,25.966508928588972,2.5447251162197375,0.0035549552110644565,0.014348980473451092,0.9994571584784343,124.2085852985874,0,0,0,500,DEMO,MACRO
SITE-B-SUBURB,2026-08-13 02:00:00,21,0,0,0,1.0,26.942574941781057,3.521683555459453,0.003391312445525689,0.007166251771961061,0.986922336393761,113.77697296103199,0,0,0,500,DEMO,MACRO
SITE-B-SUBURB,2026-08-13 03:00:00,20,0,0,0,1.0,26.340232372187838,2.8975136065424163,0.0018554364969793633,0.007231003631958017,0.9795506869360261,102.13426924459934,0,0,0,500,DEMO,MACRO
SITE-B-SUBURB,2026-08-13 04:00:00,14,0,0,0,1.0,31.568001020108486,3.451646453462759,0.0018294039769223367,0.007205926864444257,0.9765029078514292,114.1340259358431,0,0,0,500,DEMO,MACRO
SITE-B-SUBURB,2026-08-13 05:00:00,21,0,0,0,1.0,30.556794429570232,3.5708270091685597,0.0010821268936732917,0.013634325141000398,0.9715435311398759,104.68238582718939,0,0,0,500,DEMO,MACRO
SITE-B-SUBURB,2026-08-13 06:00:00,18,0,0,0,1.0,28.35973205118509,2.1350689484592773,0.0034293429959053397,0.011305917888099998,0.9814702183411099,93.20622702818342,0,0,0,500,DEMO,MACRO
SITE-B-SUBURB,2026-08-13 07:00:00,17,0,0,0,1.0,36.794925702352494,3.041147506022753,0.004078311501106777,0.013400310569613848,0.985441732997157,103.26844863775517,0,0,0,500,DEMO,MACRO
SITE-B-SUBURB,2026-08-13 08:00:00,70,0,1,0,0.9857142857142858,35.09984573292982,2.2962719666418954,0.005515956661153491,0.00624251416155074,0.9922778556504751,105.9968288602382,0,0,0,500,DEMO,MACRO
SITE-B-SUBURB,2026-08-13 09:00:00,60,0,0,0,1.0,35.46031759545126,4.461904450892984,0.003349457320090642,0.007471576381975275,0.9931099514088394,129.65320679607603,0,0,0,500,DEMO,MACRO
SITE-B-SUBURB,2026-08-13 10:00:00,76,1,1,0,0.9736842105263158,43.58150285376858,4.122626351114888,0.005663148622888182,0.006954414743004165,0.9983050690499744,126.05919892611792,0,0,0,500,DEMO,MACRO
SITE-B-SUBURB,2026-08-13 11:00:00,76,1,1,0,0.9736842105263158,31.999435347695112,3.6679773113556444,0.005471604168302857,0.011724399729917413,0.978670387371376,97.34819691764324,0,0,0,500,DEMO,MACRO
SITE-B-SUBURB,2026-08-13 12:00:00,66,1,0,0,0.9848484848484849,38.42726248556204,2.1587035775381276,0.0022936176440427614,0.010569346350299286,0.9756862391169434,107.95051074580051,0,0,0,500,DEMO,MACRO
SITE-B-SUBURB,2026-08-13 13:00:00,66,0,1,1,0.9696969696969697,26.68372198223792,2.76132956775522,0.005403610962546561,0.005408870456846827,0.9733455607144677,129.19973410915384,0,0,0,500,DEMO,MACRO
SITE-B-SUBURB,2026-08-13 14:00:00,54,0,0,0,1.0,34.428446981717684,4.577213812096922,0.0020426421398010183,0.005055283999424961,0.994369313417313,118.25802662844987,0,0,0,500,DEMO,MACRO
SITE-B-SUBURB,2026-08-13 15:00:00,44,0,0,0,1.0,36.58676362512065,2.244271768938022,0.00256401025751814,0.010684857356631248,0.9953363607414286,98.99564241170982,0,0,0,500,DEMO,MACRO
SITE-B-SUBURB,2026-08-13 16:00:00,67,1,1,0,0.9701492537313433,26.762817056245144,2.9190706838511637,0.00413116638483196,0.012052517374647138,0.990843294679794,132.4952458886502,0,0,0,500,DEMO,MACRO
SITE-B-SUBURB,2026-08-13 17:00:00,65,1,1,0,0.9692307692307692,38.41294762659908,3.782147137017167,0.004332786332755048,0.012304613798986272,0.9992819207631813,90.77576560876645,0,0,0,500,DEMO,MACRO
SITE-B-SUBURB,2026-08-13 18:00:00,60,1,1,0,0.9666666666666667,27.486161887673422,2.6182050128184495,0.005633490318869393,0.009047677088174062,0.9870143107354488,92.69976290771702,0,0,0,500,DEMO,MACRO
SITE-B-SUBURB,2026-08-13 19:00:00,54,1,1,0,0.962962962962963,25.4877106260538,3.7425039943097858,0.005771119402272247,0.011872595653907927,0.9899641296641758,113.2927257561027,0,0,0,500,DEMO,MACRO
SITE-B-SUBURB,2026-08-13 20:00:00,66,1,0,0,0.9848484848484849,40.476090752809846,3.1655763126521066,0.002682901897430104,0.010474586959104295,0.999244491341592,124.04658254014079,0,0,0,500,DEMO,MACRO
SITE-B-SUBURB,2026-08-13 21:00:00,43,0,0,0,1.0,27.56121573607834,4.4244758536839015,0.0031141381658134036,0.011284660942810706,0.9868260783352985,127.12749969916433,0,0,0,500,DEMO,MACRO
SITE-B-SUBURB,2026-08-13 22:00:00,61,1,0,0,0.9836065573770492,26.952147162252626,2.8436400427984037,0.0020123744391357962,0.011815011364085325,0.9735025838743867,85.54272731892915,0,0,0,500,DEMO,MACRO
SITE-B-SUBURB,2026-08-13 23:00:00,14,0,0,0,1.0,26.327308411088687,4.382479167626206,0.0026482883778409586,0.008023794437408412,0.9879167120126221,138.56958388654505,0,0,0,500,DEMO,MACRO
SITE-B-SUBURB,2026-08-14 00:00:00,14,0,0,0,1.0,29.518653301640263,3.104948904291458,0.004895951246765496,0.014334267965255273,0.9746254888756499,81.7933176142968,0,0,0,500,DEMO,MACRO
SITE-B-SUBURB,2026-08-14 01:00:00,20,0,0,0,1.0,31.41522862647981,4.242377216981561,0.004403036698847222,0.012472585795398951,0.9817830082624398,105.71228941712019,0,0,0,500,DEMO,MACRO
SITE-B-SUBURB,2026-08-14 02:00:00,17,0,0,0,1.0,25.96699205634472,2.063995198098347,0.0010843548698154827,0.01316931604594565,0.9855337374933777,121.69326368125357,0,0,0,500,DEMO,MACRO
SITE-B-SUBURB,2026-08-14 03:00:00,20,0,0,0,1.0,41.2594935327508,3.5896455394598075,0.002642932017425951,0.006120468522092914,0.9823322337930142,91.70681146459125,0,0,0,500,DEMO,MACRO
SITE-B-SUBURB,2026-08-14 04:00:00,14,0,0,0,1.0,40.26279629665948,2.8537322857567458,0.0035570675706090905,0.009694639039239845,0.9881344639322565,136.81535907807222,0,0,0,500,DEMO,MACRO
SITE-B-SUBURB,2026-08-14 05:00:00,16,0,0,0,1.0,37.284682163281374,3.5131408223235563,0.0057727475607642215,0.0071812030440319375,0.9894355617017474,85.44880717382048,0,0,0,500,DEMO,MACRO
SITE-B-SUBURB,2026-08-14 06:00:00,20,0,0,0,1.0,44.19403715616832,4.158211155754384,0.001157002950026295,0.014838983516716434,0.9861931714852256,114.78434791373611,0,0,0,500,DEMO,MACRO
SITE-B-SUBURB,2026-08-14 07:00:00,15,0,0,0,1.0,36.69504856690027,2.6621582181779093,0.003146490734766585,0.012492188368768855,0.981893525265594,90.11071175589366,0,0,0,500,DEMO,MACRO
SITE-B-SUBURB,2026-08-14 08:00:00,69,1,0,0,0.9855072463768116,27.062168199634808,2.299833157895802,0.0016073041652794138,0.010093820278843098,0.9796427126873586,90.78902748708728,0,0,0,500,DEMO,MACRO
SITE-B-SUBURB,2026-08-14 09:00:00,58,1,0,0,0.9827586206896551,37.232953137862026,4.45948762674902,0.0018038734251710684,0.011203112950143774,0.9778957059902529,109.71072277625264,0,0,0,500,DEMO,MACRO
SITE-B-SUBURB,2026-08-14 10:00:00,48,1,1,0,0.9583333333333334,36.666173155691574,3.7111181217383864,0.005592064413883212,0.011245299307752036,0.9805475638426231,127.66458596996154,0,0,0,500,DEMO,MACRO
SITE-B-SUBURB,2026-08-14 11:00:00,52,1,0,0,0.9807692307692307,40.50639921720585,3.7306983030921113,0.0023005464975939696,0.012524110052837984,0.9734244860285756,82.1389498793358,0,0,0,500,DEMO,MACRO
SITE-B-SUBURB,2026-08-14 12:00:00,68,1,0,0,0.9852941176470589,35.09547111822061,3.892335936731357,0.0025714330069107902,0.01078783121120698,0.9994167962061778,139.91065070111566,0,0,0,500,DEMO,MACRO
SITE-B-SUBURB,2026-08-14 13:00:00,54,1,1,0,0.962962962962963,31.043071320833675,3.4301625320740254,0.0050396539476029525,0.013871712306239934,0.9985408970424619,103.25952060733329,0,0,0,500,DEMO,MACRO
SITE-B-SUBURB,2026-08-14 14:00:00,57,1,1,0,0.9649122807017544,31.71932067524952,4.3552329529250144,0.005786260525396037,0.010632143469142812,0.9832948443106024,119.97632324060251,0,0,0,500,DEMO,MACRO
SITE-B-SUBURB,2026-08-14 15:00:00,77,1,0,1,0.974025974025974,36.40114702486925,2.5640099795295437,0.0014959051668094955,0.009055530544008875,0.978050346664856,89.12028319329816,0,0,0,500,DEMO,MACRO
SITE-B-SUBURB,2026-08-14 16:00:00,77,0,1,0,0.987012987012987,38.92734130120264,3.164667539358007,0.005958342774927373,0.0060699949351695134,0.9804608199415029,133.03675774699187,0,0,0,500,DEMO,MACRO
SITE-B-SUBURB,2026-08-14 17:00:00,42,0,0,0,1.0,40.85600108362139,2.558575816688091,0.0038322154179250803,0.005712744719999187,0.9719035403924634,131.79126091127569,0,0,0,500,DEMO,MACRO
SITE-B-SUBURB,2026-08-14 18:00:00,76,1,1,1,0.9605263157894737,26.940193802877705,2.317385625958791,0.004557945944084783,0.011284355353108759,0.9764765497165608,104.61066259412536,0,0,0,500,DEMO,MACRO
SITE-B-SUBURB,2026-08-14 19:00:00,43,0,0,0,1.0,29.21056727397006,2.2033697619601544,0.004233754776449288,0.0060795647065769,0.9866923150620673,95.29842749969542,0,0,0,500,DEMO,MACRO
SITE-B-SUBURB,2026-08-14 20:00:00,51,0,0,0,1.0,38.16965953836592,4.255272817705478,0.002570848346392665,0.0065826588480860145,0.9992965123026196,94.6849642855713,0,0,0,500,DEMO,MACRO
SITE-B-SUBURB,2026-08-14 21:00:00,61,1,0,1,0.9672131147540983,32.3173598767184,2.7198986325959797,0.0022295153370922183,0.014244553411727132,0.972460024840233,130.0711744632607,0,0,0,500,DEMO,MACRO
SITE-B-SUBURB,2026-08-14 22:00:00,75,1,1,1,0.96,25.70553360722321,2.453080551253599,0.004278944352316733,0.010600835691712333,0.9772602609408654,97.47919526900425,0,0,0,500,DEMO,MACRO
SITE-B-SUBURB,2026-08-14 23:00:00,15,0,0,0,1.0,39.743106977596064,3.9858143223355262,0.005620410294030668,0.007316607989145343,0.9798903830869511,130.2934180936574,0,0,0,500,DEMO,MACRO
SITE-C-INDUSTRIAL,2026-08-01 00:00:00,8,0,0,0,1.0,30.685442584386596,3.3553099045495474,0.005906563835992424,0.013673409593992394,0.9827729142184316,111.78358181502654,0,0,0,400,DEMO,MACRO
SITE-C-INDUSTRIAL,2026-08-01 01:00:00,10,0,0,0,1.0,28.011184918315262,4.9032348216207815,0.0021457380294393727,0.007191485503872718,0.9733121972245317,136.5078127340176,0,0,0,400,DEMO,MACRO
SITE-C-INDUSTRIAL,2026-08-01 02:00:00,10,0,0,0,1.0,37.740634340458016,3.5859182213005836,0.003905209337111567,0.008703952678518583,0.996696409437798,113.44111151700207,0,0,0,400,DEMO,MACRO
SITE-C-INDUSTRIAL,2026-08-01 03:00:00,7,0,0,0,1.0,38.890616715850705,4.036855996792333,0.004355562243142012,0.012759063711989392,0.994401509032,120.98882264118608,0,0,0,400,DEMO,MACRO
SITE-C-INDUSTRIAL,2026-08-01 04:00:00,10,0,0,0,1.0,30.264272628323383,2.587815602904354,0.005279982408467018,0.00985790481362811,0.970009819559576,115.94406138554962,0,0,0,400,DEMO,MACRO
SITE-C-INDUSTRIAL,2026-08-01 05:00:00,9,0,0,0,1.0,43.37313094945229,4.815666412984303,0.005343332665068886,0.006767193707136923,0.9854698780636432,122.50419289129425,0,0,0,400,DEMO,MACRO
SITE-C-INDUSTRIAL,2026-08-01 06:00:00,7,0,0,0,1.0,32.17179021357821,2.1116088002501483,0.005466046752599943,0.01278084249810307,0.9959803810118995,103.13154217869814,0,0,0,400,DEMO,MACRO
SITE-C-INDUSTRIAL,2026-08-01 07:00:00,10,0,0,0,1.0,41.8841510057769,3.96370936578012,0.004336159553428677,0.0053430249015776156,0.9732159521801047,126.1628329765838,0,0,0,400,DEMO,MACRO
SITE-C-INDUSTRIAL,2026-08-01 08:00:00,25,0,0,0,1.0,32.069894933377284,4.616537700209783,0.001895940857174466,0.010798622803281428,0.980477265803573,112.03306377349874,0,0,0,400,DEMO,MACRO
SITE-C-INDUSTRIAL,2026-08-01 09:00:00,39,0,0,0,1.0,32.659959399890894,3.3851802154946924,0.0038969828120831575,0.0070499618394474235,0.988164666469543,92.70929924533931,0,0,0,400,DEMO,MACRO
SITE-C-INDUSTRIAL,2026-08-01 10:00:00,23,0,0,0,1.0,29.827009946709246,2.328883169384989,0.0023556949413525118,0.010680764852244168,0.9833863400303295,119.56391039534353,0,0,0,400,DEMO,MACRO
SITE-C-INDUSTRIAL,2026-08-01 11:00:00,23,0,0,0,1.0,33.25097713024807,3.6681684081687886,0.0058733214336586835,0.013864585567543657,0.987149414515479,98.02307587565684,0,0,0,400,DEMO,MACRO
SITE-C-INDUSTRIAL,2026-08-01 12:00:00,26,0,0,0,1.0,37.648288786228804,3.6898667677848938,0.0033713124523120177,0.012202251675947129,0.9839601101204032,126.75131930980184,0,0,0,400,DEMO,MACRO
SITE-C-INDUSTRIAL,2026-08-01 13:00:00,22,0,0,0,1.0,31.548534333366486,4.737011237888822,0.003895206331210393,0.014549529651175029,0.9718440664885546,135.4875878987232,0,0,0,400,DEMO,MACRO
SITE-C-INDUSTRIAL,2026-08-01 14:00:00,30,0,0,0,1.0,39.955678998467334,3.7373478310136354,0.0016071298247337254,0.008029102421399245,0.9843936923020331,113.48611406565828,0,0,0,400,DEMO,MACRO
SITE-C-INDUSTRIAL,2026-08-01 15:00:00,24,0,0,0,1.0,25.54429367935842,4.983740059900852,0.002760729912234673,0.012226328745849866,0.9978651647658248,138.45800564519723,0,0,0,400,DEMO,MACRO
SITE-C-INDUSTRIAL,2026-08-01 16:00:00,37,0,0,0,1.0,42.84453298213148,3.538258433654697,0.004275793783707368,0.007459802826428377,0.9743228780378603,114.75269924577672,0,0,0,400,DEMO,MACRO
SITE-C-INDUSTRIAL,2026-08-01 17:00:00,25,0,0,0,1.0,33.372772144506314,4.859333116810507,0.004528704678873126,0.005187602460833102,0.9980170368550711,86.74421390843303,0,0,0,400,DEMO,MACRO
SITE-C-INDUSTRIAL,2026-08-01 18:00:00,29,0,0,0,1.0,36.256630913094554,4.818674068951156,0.0016741056144014951,0.007976156452241033,0.9713677338659356,85.27352930873076,0,0,0,400,DEMO,MACRO
SITE-C-INDUSTRIAL,2026-08-01 19:00:00,27,0,0,0,1.0,36.51576499407816,3.533168043360231,0.001237193139421616,0.00928855945220596,0.9833187752548714,136.10904203355742,0,0,0,400,DEMO,MACRO
SITE-C-INDUSTRIAL,2026-08-01 20:00:00,27,0,0,0,1.0,37.670732090276815,3.463646046649787,0.0048914774071492605,0.011041476534440934,0.9997640677480523,118.22303246504376,0,0,0,400,DEMO,MACRO
SITE-C-INDUSTRIAL,2026-08-01 21:00:00,24,0,0,0,1.0,33.406801654661066,4.568185507740402,0.002840634514045952,0.01426728817382033,0.9832165335864119,136.59086747115379,0,0,0,400,DEMO,MACRO
SITE-C-INDUSTRIAL,2026-08-01 22:00:00,36,0,0,0,1.0,40.680539017000044,3.333840449840025,0.0021340876823298773,0.01090374328305451,0.9717868847425831,91.99220966265754,0,0,0,400,DEMO,MACRO
SITE-C-INDUSTRIAL,2026-08-01 23:00:00,6,0,0,0,1.0,35.47576926440561,3.0146944461708496,0.0017216240973943072,0.006603995573985697,0.9768972027731466,107.63880350027901,0,0,0,400,DEMO,MACRO
SITE-C-INDUSTRIAL,2026-08-02 00:00:00,6,0,0,0,1.0,29.103381368110636,3.284353199395713,0.005413139777394555,0.013656086911416485,0.9980511886337542,93.50460568070774,0,0,0,400,DEMO,MACRO
SITE-C-INDUSTRIAL,2026-08-02 01:00:00,10,0,0,0,1.0,41.98340475112665,4.096032984234922,0.002232590929975745,0.009332554069983741,0.9977384330949898,129.0149481557585,0,0,0,400,DEMO,MACRO
SITE-C-INDUSTRIAL,2026-08-02 02:00:00,7,0,0,0,1.0,34.87802426775492,2.577786889840924,0.0036950991472489516,0.006133930973532247,0.9735114614014597,85.45840751053032,0,0,0,400,DEMO,MACRO
SITE-C-INDUSTRIAL,2026-08-02 03:00:00,10,0,0,0,1.0,28.27805805644048,2.773198898610175,0.004475575791326044,0.01172281214131065,0.9707728256349413,131.53847068516092,0,0,0,400,DEMO,MACRO
SITE-C-INDUSTRIAL,2026-08-02 04:00:00,6,0,0,0,1.0,43.88500488746243,2.6538277953278775,0.004650897593346573,0.0105698128938869,0.9911971674902773,134.20191948852406,0,0,0,400,DEMO,MACRO
SITE-C-INDUSTRIAL,2026-08-02 05:00:00,9,0,0,0,1.0,41.8252936563699,4.57640301080965,0.00422508005123137,0.009015829596697642,0.9862356823049112,88.425152133806,0,0,0,400,DEMO,MACRO
SITE-C-INDUSTRIAL,2026-08-02 06:00:00,6,0,0,0,1.0,36.02424062440868,3.7253916554147533,0.004546221462600539,0.006011542608505966,0.9714217483823419,87.14160402261194,0,0,0,400,DEMO,MACRO
SITE-C-INDUSTRIAL,2026-08-02 07:00:00,10,0,0,0,1.0,41.03224219534544,2.397157929234034,0.002884698635181933,0.011567847971188967,0.9777365449212578,134.70228399662705,0,0,0,400,DEMO,MACRO
SITE-C-INDUSTRIAL,2026-08-02 08:00:00,22,0,0,0,1.0,32.814801577060265,3.7598674206741953,0.004928505649314751,0.014816987984776701,0.990783311270834,106.98408021888244,0,0,0,400,DEMO,MACRO
SITE-C-INDUSTRIAL,2026-08-02 09:00:00,28,0,0,0,1.0,37.83611172858477,3.9776836043853105,0.004466916694508036,0.008480689526182389,0.995848085746119,115.55392016474084,0,0,0,400,DEMO,MACRO
SITE-C-INDUSTRIAL,2026-08-02 10:00:00,27,0,0,0,1.0,29.864235292489113,2.091707997682838,0.004559561607290414,0.008159012980721397,0.995618869957881,99.31500553104655,0,0,0,400,DEMO,MACRO
SITE-C-INDUSTRIAL,2026-08-02 11:00:00,22,0,0,0,1.0,40.67438730481075,3.1402663073208563,0.0059293056418313235,0.010655646497095031,0.998122265272012,87.30424993002437,0,0,0,400,DEMO,MACRO
SITE-C-INDUSTRIAL,2026-08-02 12:00:00,36,0,0,0,1.0,25.26775566795091,4.628149791131964,0.003384228392022899,0.01233556364125273,0.985757564621533,138.0454988748611,0,0,0,400,DEMO,MACRO
SITE-C-INDUSTRIAL,2026-08-02 13:00:00,36,0,0,0,1.0,34.588799041921575,2.5425680078372985,0.002921105934242171,0.008905854993859475,0.9807969040595622,122.87534333092881,0,0,0,400,DEMO,MACRO
SITE-C-INDUSTRIAL,2026-08-02 14:00:00,37,0,0,0,1.0,41.59883419715112,2.590499653555126,0.0018425517574330627,0.011705048570937716,0.991994926857197,127.02409910139076,0,0,0,400,DEMO,MACRO
SITE-C-INDUSTRIAL,2026-08-02 15:00:00,30,0,0,0,1.0,31.72174666417849,2.203683170353649,0.0028499260964140152,0.008240388910247962,0.9733060172161472,120.76747136559118,0,0,0,400,DEMO,MACRO
SITE-C-INDUSTRIAL,2026-08-02 16:00:00,32,0,0,0,1.0,37.474082191089266,4.607817569717854,0.0038791831510312747,0.013873611318817175,0.9944211611977438,111.66609949308312,0,0,0,400,DEMO,MACRO
SITE-C-INDUSTRIAL,2026-08-02 17:00:00,31,0,0,0,1.0,34.406367773289276,3.1628847215736995,0.004656652925325662,0.011010579070123868,0.9810929220929095,119.17093067728962,0,0,0,400,DEMO,MACRO
SITE-C-INDUSTRIAL,2026-08-02 18:00:00,26,0,0,0,1.0,27.22556189684679,4.2348497588754475,0.003483259864925377,0.014283272462795288,0.9969730437223892,86.82364382446755,0,0,0,400,DEMO,MACRO
SITE-C-INDUSTRIAL,2026-08-02 19:00:00,33,0,0,0,1.0,38.93124986189691,2.600967122834285,0.005120985003742262,0.011735301932815335,0.9985165980196156,101.07917557490433,0,0,0,400,DEMO,MACRO
SITE-C-INDUSTRIAL,2026-08-02 20:00:00,24,0,0,0,1.0,37.04269978069081,4.045114947436131,0.005740946321455317,0.00852408531221578,0.9769421313778942,128.28052994294842,0,0,0,400,DEMO,MACRO
SITE-C-INDUSTRIAL,2026-08-02 21:00:00,29,0,0,0,1.0,36.026513176300895,4.778143670347846,0.0052341776001321545,0.01191395070941502,0.9704221191465592,138.79686480436982,0,0,0,400,DEMO,MACRO
SITE-C-INDUSTRIAL,2026-08-02 22:00:00,26,0,0,0,1.0,30.82038927354305,2.2015319763635053,0.0017212008754603626,0.005455825719123594,0.9867981053839985,102.84630148013765,0,0,0,400,DEMO,MACRO
SITE-C-INDUSTRIAL,2026-08-02 23:00:00,8,0,0,0,1.0,41.36544488811392,2.240054969501632,0.003109918242341389,0.013031582651548485,0.9948971778458399,122.54658472880816,0,0,0,400,DEMO,MACRO
SITE-C-INDUSTRIAL,2026-08-03 00:00:00,8,0,0,0,1.0,28.179963975743068,3.1859449960826853,0.004645293790139995,0.012807976944382514,0.9883101447218751,133.92278921556266,0,0,0,400,DEMO,MACRO
SITE-C-INDUSTRIAL,2026-08-03 01:00:00,8,0,0,0,1.0,41.95209234563093,4.7140505686878145,0.001840225703226089,0.0064576419095466395,0.9996369719729328,97.76153441477001,0,0,0,400,DEMO,MACRO
SITE-C-INDUSTRIAL,2026-08-03 02:00:00,8,0,0,0,1.0,33.473253133072916,4.544897658255861,0.0010624657840194133,0.009907243823400944,0.9838505854787519,85.9076173580064,0,0,0,400,DEMO,MACRO
SITE-C-INDUSTRIAL,2026-08-03 03:00:00,7,0,0,0,1.0,42.48548091861139,2.1544369577350575,0.0022515234163975853,0.011077972313287814,0.9862982999542488,125.59112997223056,0,0,0,400,DEMO,MACRO
SITE-C-INDUSTRIAL,2026-08-03 04:00:00,8,0,0,0,1.0,27.462737129533842,3.1102218493764395,0.005151864137980968,0.009356701623945276,0.981899527664814,126.9108360736712,0,0,0,400,DEMO,MACRO
SITE-C-INDUSTRIAL,2026-08-03 05:00:00,9,0,0,0,1.0,27.735811718382372,3.141422124402341,0.005545878376552087,0.005292734484959808,0.9928667885352582,98.50196027560641,0,0,0,400,DEMO,MACRO
SITE-C-INDUSTRIAL,2026-08-03 06:00:00,6,0,0,0,1.0,28.289414186290422,3.9684236913586033,0.005299936934166156,0.005661071545685213,0.9987177768651977,86.3825997840281,0,0,0,400,DEMO,MACRO
SITE-C-INDUSTRIAL,2026-08-03 07:00:00,10,0,0,0,1.0,41.452592510212014,3.538083789652404,0.001175244376907292,0.011552903076023208,0.9852546919125242,139.6927163580021,0,0,0,400,DEMO,MACRO
SITE-C-INDUSTRIAL,2026-08-03 08:00:00,26,0,0,0,1.0,42.575063089621835,3.569371370465309,0.00509326370629888,0.012364869748806722,0.978175735917766,124.86152913984793,0,0,0,400,DEMO,MACRO
SITE-C-INDUSTRIAL,2026-08-03 09:00:00,24,0,0,0,1.0,33.40406890836091,2.2396210388871953,0.0016838306766573338,0.01001284572268183,0.9951355055963463,127.65123728749234,0,0,0,400,DEMO,MACRO
SITE-C-INDUSTRIAL,2026-08-03 10:00:00,23,0,0,0,1.0,35.8508910307754,2.91991203368692,0.0020242383311694415,0.008659671566905853,0.9903987711894886,135.51640126386235,0,0,0,400,DEMO,MACRO
SITE-C-INDUSTRIAL,2026-08-03 11:00:00,38,0,0,0,1.0,30.86163159954929,4.244486129385463,0.0034890418038112077,0.008878613763489062,0.9940483051289574,81.0859225046576,0,0,0,400,DEMO,MACRO
SITE-C-INDUSTRIAL,2026-08-03 12:00:00,22,0,0,0,1.0,30.442280147198765,4.54053717622239,0.005174129393442583,0.013378081535749813,0.9885728080152146,118.93394125709415,0,0,0,400,DEMO,MACRO
SITE-C-INDUSTRIAL,2026-08-03 13:00:00,36,0,0,0,1.0,33.54196866627458,3.8761281028155534,0.0023651099555896298,0.011812097818322823,0.9865733155758877,120.04683575178456,0,0,0,400,DEMO,MACRO
SITE-C-INDUSTRIAL,2026-08-03 14:00:00,33,0,0,0,1.0,31.686362160477263,3.8738814252537233,0.0012450975639721753,0.012974663868832531,0.9944548259057469,121.28873422081838,0,0,0,400,DEMO,MACRO
SITE-C-INDUSTRIAL,2026-08-03 15:00:00,34,0,0,0,1.0,36.21161229293966,2.975869972872532,0.004984971036269589,0.006316425977387953,0.9874497414091461,86.4701889725715,0,0,0,400,DEMO,MACRO
SITE-C-INDUSTRIAL,2026-08-03 16:00:00,34,0,0,0,1.0,35.03863105379067,3.9003406874284012,0.0018518799645942177,0.009161843022738807,0.989808327315334,106.46340432802882,0,0,0,400,DEMO,MACRO
SITE-C-INDUSTRIAL,2026-08-03 17:00:00,35,0,0,0,1.0,26.696312949843698,3.074842215550773,0.0015398264690883359,0.012388367301690496,0.981840131857743,124.88453681391437,0,0,0,400,DEMO,MACRO
SITE-C-INDUSTRIAL,2026-08-03 18:00:00,29,0,0,0,1.0,25.755375742091346,3.8635250898508255,0.005021667052521633,0.014155264730914129,0.9726588084700318,85.52895373296863,0,0,0,400,DEMO,MACRO
SITE-C-INDUSTRIAL,2026-08-03 19:00:00,29,0,0,0,1.0,40.00751268546331,2.3348498503346726,0.0059844424406145045,0.012122134548724621,0.9704322059137176,124.63318621174822,0,0,0,400,DEMO,MACRO
SITE-C-INDUSTRIAL,2026-08-03 20:00:00,22,0,0,0,1.0,28.51025806926844,3.988671529609573,0.004575547600797196,0.011212206214551,0.9775944877228748,90.91743525876205,0,0,0,400,DEMO,MACRO
SITE-C-INDUSTRIAL,2026-08-03 21:00:00,22,0,0,0,1.0,28.351561198943138,3.080780749999794,0.0026877074622426596,0.005698515751004837,0.9953365217678635,91.21430334931918,0,0,0,400,DEMO,MACRO
SITE-C-INDUSTRIAL,2026-08-03 22:00:00,28,0,0,0,1.0,29.175373209702734,3.325795885571368,0.004121622440822034,0.0058139448470185505,0.9745342637382381,81.58753283975807,0,0,0,400,DEMO,MACRO
SITE-C-INDUSTRIAL,2026-08-03 23:00:00,8,0,0,0,1.0,44.98635217931427,4.343736894310025,0.005263880621123913,0.014139333509294229,0.9766311231702156,118.8357308152919,0,0,0,400,DEMO,MACRO
SITE-C-INDUSTRIAL,2026-08-04 00:00:00,9,0,0,0,1.0,32.26340367888995,4.275145104994714,0.003810087313482961,0.01122403833861876,0.9781158472085268,136.3992280082293,0,0,0,400,DEMO,MACRO
SITE-C-INDUSTRIAL,2026-08-04 01:00:00,9,0,0,0,1.0,37.59286215916911,4.278713456381212,0.005567839725780895,0.006757285953693002,0.9779205047342143,138.34386717759185,0,0,0,400,DEMO,MACRO
SITE-C-INDUSTRIAL,2026-08-04 02:00:00,8,0,0,0,1.0,42.769242599773115,2.994358528540656,0.005933168651429355,0.009313912802775444,0.994138859666655,134.67995696321097,0,0,0,400,DEMO,MACRO
SITE-C-INDUSTRIAL,2026-08-04 03:00:00,6,0,0,0,1.0,33.33448275468642,3.493656434911211,0.001644777110273468,0.005716091057032108,0.998357159678902,119.1329974603757,0,0,0,400,DEMO,MACRO
SITE-C-INDUSTRIAL,2026-08-04 04:00:00,10,0,0,0,1.0,36.79640135104902,2.7462595902538087,0.005199620130834535,0.008590197896370754,0.9705238536653953,119.9296615187751,0,0,0,400,DEMO,MACRO
SITE-C-INDUSTRIAL,2026-08-04 05:00:00,6,0,0,0,1.0,39.740932911385315,4.884179236060117,0.0015106480519280743,0.007916352328183248,0.9932728993960456,107.73776301760468,0,0,0,400,DEMO,MACRO
SITE-C-INDUSTRIAL,2026-08-04 06:00:00,9,0,0,0,1.0,31.855246045489864,2.8561317239413917,0.004517536290341984,0.012727104342991163,0.9920669643643434,120.07588601041459,0,0,0,400,DEMO,MACRO
SITE-C-INDUSTRIAL,2026-08-04 07:00:00,9,0,0,0,1.0,43.461353989275516,2.7915620191536874,0.0023920618464926715,0.014818342884448318,0.9964159256811603,119.87351878812328,0,0,0,400,DEMO,MACRO
SITE-C-INDUSTRIAL,2026-08-04 08:00:00,36,0,0,0,1.0,37.86089342565289,2.9249943541276027,0.003826566856773365,0.007441599545407202,0.9729544344925557,100.33660164490198,0,0,0,400,DEMO,MACRO
SITE-C-INDUSTRIAL,2026-08-04 09:00:00,38,0,0,0,1.0,27.779206241209618,2.136723651214919,0.0021775650835220896,0.01284404016204473,0.9964799122600069,96.4224838057728,0,0,0,400,DEMO,MACRO
SITE-C-INDUSTRIAL,2026-08-04 10:00:00,29,0,0,0,1.0,34.55554104051812,4.060233513203535,0.004339053764972071,0.009445681168788009,0.9952374584740641,133.8375434721544,0,0,0,400,DEMO,MACRO
SITE-C-INDUSTRIAL,2026-08-04 11:00:00,29,0,0,0,1.0,31.015916373918714,4.810422327270743,0.004498653166427861,0.008636139345206274,0.9749160240971161,103.67628619439564,0,0,0,400,DEMO,MACRO
SITE-C-INDUSTRIAL,2026-08-04 12:00:00,22,0,0,0,1.0,41.27579833526818,4.105492260510403,0.003551531224340888,0.014079937866680596,0.9875486796771962,131.82133119329126,0,0,0,400,DEMO,MACRO
SITE-C-INDUSTRIAL,2026-08-04 13:00:00,27,0,0,0,1.0,26.595343775834195,4.578692518721651,0.004676109077151307,0.0075914215158402465,0.9736142500500692,84.29951710750379,0,0,0,400,DEMO,MACRO
SITE-C-INDUSTRIAL,2026-08-04 14:00:00,34,0,0,0,1.0,42.71285283677916,2.575463487863153,0.0022451415411338113,0.013315127972065834,0.9755493141773457,94.35195183031628,0,0,0,400,DEMO,MACRO
SITE-C-INDUSTRIAL,2026-08-04 15:00:00,34,0,0,0,1.0,42.12833004386998,4.82653349747746,0.0012241768545534996,0.008296382616107847,0.9883215112637929,99.91148667075255,0,0,0,400,DEMO,MACRO
SITE-C-INDUSTRIAL,2026-08-04 16:00:00,31,0,0,0,1.0,29.50719328246702,3.81368036167366,0.0018105042160401815,0.0065049097695789575,0.9939308618745772,117.65579901326086,0,0,0,400,DEMO,MACRO
SITE-C-INDUSTRIAL,2026-08-04 17:00:00,35,0,0,0,1.0,32.51885720846567,4.020094941922093,0.0057623955341099455,0.008749295718410774,0.9714226479876352,95.46216138165448,0,0,0,400,DEMO,MACRO
SITE-C-INDUSTRIAL,2026-08-04 18:00:00,28,0,0,0,1.0,30.95076836187907,4.263301708128183,0.0020189217402235204,0.010964488430986838,0.9809690947450936,111.97131772889074,0,0,0,400,DEMO,MACRO
SITE-C-INDUSTRIAL,2026-08-04 19:00:00,23,0,0,0,1.0,36.86855403684577,4.217530377922238,0.004504035653751603,0.009303409499789757,0.9711095485091451,129.62884075253828,0,0,0,400,DEMO,MACRO
SITE-C-INDUSTRIAL,2026-08-04 20:00:00,22,0,0,0,1.0,32.58566102671489,4.366323432341629,0.005897701060393688,0.012265328707594884,0.9734210712701352,137.8861503539671,0,0,0,400,DEMO,MACRO
SITE-C-INDUSTRIAL,2026-08-04 21:00:00,23,0,0,0,1.0,25.733837417889433,4.20699044337596,0.005593396157379178,0.011403282442791294,0.9962657338408287,118.86568489782172,0,0,0,400,DEMO,MACRO
SITE-C-INDUSTRIAL,2026-08-04 22:00:00,37,0,0,0,1.0,37.385600079348954,4.298515988802498,0.003469964166731701,0.012106212751001037,0.9840401107231375,86.16443021290063,0,0,0,400,DEMO,MACRO
SITE-C-INDUSTRIAL,2026-08-04 23:00:00,6,0,0,0,1.0,29.13263055141478,2.6141538705643783,0.0016472562111133136,0.00846349077359436,0.9820624865361578,91.90949375865267,0,0,0,400,DEMO,MACRO
SITE-C-INDUSTRIAL,2026-08-05 00:00:00,10,0,0,0,1.0,34.024736575611534,2.036548170428668,0.0034591266114755532,0.0060700460865515185,0.974008250653739,87.194139377384,0,0,0,400,DEMO,MACRO
SITE-C-INDUSTRIAL,2026-08-05 01:00:00,9,0,0,0,1.0,41.311542503601544,4.95407286604976,0.005028503333129375,0.01005983061164095,0.9818066363663299,115.0864487555684,0,0,0,400,DEMO,MACRO
SITE-C-INDUSTRIAL,2026-08-05 02:00:00,9,0,0,0,1.0,44.770994803888414,3.005563055255602,0.005517340612715068,0.014508879980546126,0.9986362880664659,117.54576813229441,0,0,0,400,DEMO,MACRO
SITE-C-INDUSTRIAL,2026-08-05 03:00:00,9,0,0,0,1.0,44.927250039860965,3.2419309183518483,0.004879749298353859,0.0058006258782613,0.9771528799937111,110.22801095885464,0,0,0,400,DEMO,MACRO
SITE-C-INDUSTRIAL,2026-08-05 04:00:00,10,0,0,0,1.0,28.578432809854824,4.45762857534925,0.0038737494086975234,0.006357797655530299,0.9711608936881839,103.88825236650447,0,0,0,400,DEMO,MACRO
SITE-C-INDUSTRIAL,2026-08-05 05:00:00,9,0,0,0,1.0,44.53363569528814,4.279192174487936,0.002125139531634195,0.013972097762446314,0.9746844328222231,103.82044148350116,0,0,0,400,DEMO,MACRO
SITE-C-INDUSTRIAL,2026-08-05 06:00:00,7,0,0,0,1.0,31.76060999163322,2.9868257918811625,0.0031652032536854087,0.01404265440731137,0.9840472816447329,85.24443332266486,0,0,0,400,DEMO,MACRO
SITE-C-INDUSTRIAL,2026-08-05 07:00:00,8,0,0,0,1.0,36.72079173427319,3.62262678733952,0.00577983630885084,0.010085667343776309,0.993711731772563,125.01285478045236,0,0,0,400,DEMO,MACRO
SITE-C-INDUSTRIAL,2026-08-05 08:00:00,22,0,0,0,1.0,33.381525771507,3.3801089082344635,0.001597438223381056,0.005864598574926655,0.9734256873858254,87.83429904750227,0,0,0,400,DEMO,MACRO
SITE-C-INDUSTRIAL,2026-08-05 09:00:00,34,0,0,0,1.0,32.92343685185543,2.4457440528758863,0.005889289494901763,0.009064123234691895,0.9701372256857266,119.63353744261315,0,0,0,400,DEMO,MACRO
SITE-C-INDUSTRIAL,2026-08-05 10:00:00,38,0,0,0,1.0,43.96039047499541,2.7337957022110713,0.002589665738826915,0.01248313909110671,0.9887718913696708,117.48635577125759,0,0,0,400,DEMO,MACRO
SITE-C-INDUSTRIAL,2026-08-05 11:00:00,35,1,0,0,0.9714285714285714,44.928509034606066,2.0255449668780745,0.002938784782743853,0.014435289523438106,0.9705393456774302,100.3327868696304,0,0,0,400,DEMO,MACRO
SITE-C-INDUSTRIAL,2026-08-05 12:00:00,28,0,0,0,1.0,26.499652333012623,3.7631415367268284,0.005600891543224437,0.010342323887191127,0.9701300510392378,86.80935822198245,0,0,0,400,DEMO,MACRO
SITE-C-INDUSTRIAL,2026-08-05 13:00:00,35,0,0,0,1.0,25.246523621388004,3.9826223139353725,0.002346271747037955,0.008426441454639605,0.9935086449311483,124.05489139200185,0,0,0,400,DEMO,MACRO
SITE-C-INDUSTRIAL,2026-08-05 14:00:00,37,0,0,0,1.0,28.79693404269526,3.030531622503991,0.004181916780384644,0.010019927706112333,0.9941968276562239,104.79201467469,0,0,0,400,DEMO,MACRO
SITE-C-INDUSTRIAL,2026-08-05 15:00:00,32,0,0,0,1.0,29.406790226216255,3.9622973984275074,0.004999753227577002,0.014886760857561462,0.9813479235464241,133.04681570549448,0,0,0,400,DEMO,MACRO
SITE-C-INDUSTRIAL,2026-08-05 16:00:00,31,0,0,0,1.0,37.822860036969274,2.7704580558174774,0.005394106693413491,0.005669615746450041,0.9997258542162178,114.00895246850074,0,0,0,400,DEMO,MACRO
SITE-C-INDUSTRIAL,2026-08-05 17:00:00,35,0,0,0,1.0,28.49819757599412,4.026814940928746,0.0017768465437821871,0.013350513200963261,0.9924205748333591,90.1254723230912,0,0,0,400,DEMO,MACRO
SITE-C-INDUSTRIAL,2026-08-05 18:00:00,35,0,0,0,1.0,37.66273633732842,2.8894670452385354,0.004316578247423525,0.011954103761911191,0.9849937495584907,121.61343933838461,0,0,0,400,DEMO,MACRO
SITE-C-INDUSTRIAL,2026-08-05 19:00:00,37,1,0,0,0.972972972972973,42.83319947461081,4.491946059901669,0.0015384358337693811,0.013612738831894313,0.9984938907810256,108.97872432537386,0,0,0,400,DEMO,MACRO
SITE-C-INDUSTRIAL,2026-08-05 20:00:00,39,0,0,0,1.0,29.48350912877611,2.120883609979449,0.0032321725017168813,0.006198074992338945,0.9739276992171472,106.63486623507671,0,0,0,400,DEMO,MACRO
SITE-C-INDUSTRIAL,2026-08-05 21:00:00,37,0,0,0,1.0,35.401067709366714,4.963504398264014,0.0035444800453978396,0.009631398666734898,0.9706269204637828,85.0011954834234,0,0,0,400,DEMO,MACRO
SITE-C-INDUSTRIAL,2026-08-05 22:00:00,34,0,0,0,1.0,38.74726082154979,3.6918163240269792,0.005455265907491917,0.011503403538305961,0.9784636481005304,131.95505325297282,0,0,0,400,DEMO,MACRO
SITE-C-INDUSTRIAL,2026-08-05 23:00:00,6,0,0,0,1.0,26.606550246364964,4.494489459227218,0.0028236377167098403,0.013453298525884387,0.994776422471483,134.45868765996443,0,0,0,400,DEMO,MACRO
SITE-C-INDUSTRIAL,2026-08-06 00:00:00,8,0,0,0,1.0,39.71416041084258,2.9390182695465157,0.005288227447029369,0.006149343294489866,0.9962855834335205,138.3688918002381,0,0,0,400,DEMO,MACRO
SITE-C-INDUSTRIAL,2026-08-06 01:00:00,8,0,0,0,1.0,35.97518528570117,3.832682812992846,0.00548716714578273,0.005880730895209073,0.995565222348476,100.93042388618497,0,0,0,400,DEMO,MACRO
SITE-C-INDUSTRIAL,2026-08-06 02:00:00,9,0,0,0,1.0,42.46046483850213,2.3656467542485573,0.0017178672305242517,0.011809320892840614,0.991887945478867,93.52738636045638,0,0,0,400,DEMO,MACRO
SITE-C-INDUSTRIAL,2026-08-06 03:00:00,7,0,0,0,1.0,32.138176469948064,2.082644460122726,0.002311231144642584,0.006611096744695115,0.9835404961150399,107.19126013779874,0,0,0,400,DEMO,MACRO
SITE-C-INDUSTRIAL,2026-08-06 04:00:00,8,0,0,0,1.0,43.19164892399482,3.155165835385117,0.001956441415268792,0.01447431845734681,0.9892116728128317,137.11001173106337,0,0,0,400,DEMO,MACRO
SITE-C-INDUSTRIAL,2026-08-06 05:00:00,9,0,0,0,1.0,37.10256622468236,2.985655677164104,0.005815082086561735,0.00776042203209747,0.997936361162626,100.48854332914391,0,0,0,400,DEMO,MACRO
SITE-C-INDUSTRIAL,2026-08-06 06:00:00,9,0,0,0,1.0,37.94311329717962,4.333804656822247,0.002020589339353657,0.014990387710536006,0.9849050295030198,84.49780992067262,0,0,0,400,DEMO,MACRO
SITE-C-INDUSTRIAL,2026-08-06 07:00:00,9,0,0,0,1.0,26.55678753850742,3.9442435569659997,0.004585189449252176,0.007034254074302243,0.9734733402243549,88.08428394354226,0,0,0,400,DEMO,MACRO
SITE-C-INDUSTRIAL,2026-08-06 08:00:00,34,0,0,0,1.0,39.93933278295246,4.758750288742606,0.00262468049497869,0.0059789181085090366,0.9888900259518111,130.1887715298227,0,0,0,400,DEMO,MACRO
SITE-C-INDUSTRIAL,2026-08-06 09:00:00,35,0,0,0,1.0,34.80489819583901,2.8060692095809077,0.004645920244925154,0.013563679601956109,0.9765782906097533,122.6228258820625,0,0,0,400,DEMO,MACRO
SITE-C-INDUSTRIAL,2026-08-06 10:00:00,26,0,0,0,1.0,44.93548515962668,3.126170446060641,0.0029643191620742013,0.005443685957242518,0.9747982030086101,124.66917742224388,0,0,0,400,DEMO,MACRO
SITE-C-INDUSTRIAL,2026-08-06 11:00:00,25,0,0,0,1.0,43.230830970987896,2.9563355340490425,0.00498152857283946,0.008603919766803855,0.9926880326112794,106.30242729340259,0,0,0,400,DEMO,MACRO
SITE-C-INDUSTRIAL,2026-08-06 12:00:00,21,0,0,0,1.0,29.11042406909401,2.859266707816475,0.0015951410050027838,0.013671150347723496,0.997659256484181,127.77642944366073,0,0,0,400,DEMO,MACRO
SITE-C-INDUSTRIAL,2026-08-06 13:00:00,28,0,0,0,1.0,42.64996010459417,4.383594750060684,0.005210732823209982,0.011312229243081142,0.9762334835886144,97.8700301149865,0,0,0,400,DEMO,MACRO
SITE-C-INDUSTRIAL,2026-08-06 14:00:00,36,0,0,0,1.0,28.693562079883623,2.0835155905691813,0.005767067974502053,0.008893580241198611,0.9882468028074298,86.44083755109732,0,0,0,400,DEMO,MACRO
SITE-C-INDUSTRIAL,2026-08-06 15:00:00,23,0,0,0,1.0,40.03031441101415,2.121078446109082,0.002005675891720053,0.012442381503126768,0.971706625223141,81.41287712047146,0,0,0,400,DEMO,MACRO
SITE-C-INDUSTRIAL,2026-08-06 16:00:00,32,0,0,0,1.0,27.842662600693842,4.3213528613909205,0.004911690729631913,0.010718443502864196,0.9791572179985346,127.02719945496744,0,0,0,400,DEMO,MACRO
SITE-C-INDUSTRIAL,2026-08-06 17:00:00,25,0,0,0,1.0,26.223883586706233,2.5663101581019885,0.004477538571852244,0.010661611447688317,0.9818275326862808,111.81918117681435,0,0,0,400,DEMO,MACRO
SITE-C-INDUSTRIAL,2026-08-06 18:00:00,33,0,0,0,1.0,36.72226349759717,2.414668311351085,0.005935470698127348,0.013235828139030233,0.9849141157054047,138.6768826754003,0,0,0,400,DEMO,MACRO
SITE-C-INDUSTRIAL,2026-08-06 19:00:00,22,0,0,0,1.0,36.569825223047154,3.940058662737926,0.004509592651429474,0.014900729179144291,0.9935200831605182,94.2473756145165,0,0,0,400,DEMO,MACRO
SITE-C-INDUSTRIAL,2026-08-06 20:00:00,24,0,0,0,1.0,43.40462514459882,4.213713720970564,0.0039133857811145855,0.009893961162889544,0.9984842739460327,82.52968087845488,0,0,0,400,DEMO,MACRO
SITE-C-INDUSTRIAL,2026-08-06 21:00:00,21,0,0,0,1.0,31.342948353008335,4.992661994867833,0.004474983375825312,0.011007925026372222,0.9802823962966648,89.46957156076327,0,0,0,400,DEMO,MACRO
SITE-C-INDUSTRIAL,2026-08-06 22:00:00,31,0,0,0,1.0,27.837984942271873,2.5215988374397553,0.0035548182548882238,0.008660647947922283,0.9993420173169447,135.27088855992508,0,0,0,400,DEMO,MACRO
SITE-C-INDUSTRIAL,2026-08-06 23:00:00,7,0,0,0,1.0,28.322118934181546,2.952131050972737,0.0011336167439861895,0.011618849624089503,0.9815516108205871,135.59445089982967,0,0,0,400,DEMO,MACRO
SITE-C-INDUSTRIAL,2026-08-07 00:00:00,6,0,0,0,1.0,42.02722060094078,3.1820321245885435,0.004267308366235535,0.00855237248310425,0.9942687250985607,93.45309660796408,0,0,0,400,DEMO,MACRO
SITE-C-INDUSTRIAL,2026-08-07 01:00:00,8,0,0,0,1.0,26.03354919296477,3.143960447548034,0.004669421973902826,0.009625424469781126,0.9952930984681988,115.18094281191097,0,0,0,400,DEMO,MACRO
SITE-C-INDUSTRIAL,2026-08-07 02:00:00,6,0,0,0,1.0,34.974900917516806,2.1202311497671955,0.0039529934086719315,0.006911012939989571,0.9724773811388534,86.1245468895349,0,0,0,400,DEMO,MACRO
SITE-C-INDUSTRIAL,2026-08-07 03:00:00,7,0,0,0,1.0,37.40785594767901,2.8587068406065264,0.0024746407198699832,0.009131222199272232,0.9986978147111365,95.466217972057,0,0,0,400,DEMO,MACRO
SITE-C-INDUSTRIAL,2026-08-07 04:00:00,10,0,0,0,1.0,30.01929559188116,2.9442677374483743,0.002489075031741495,0.013306864675018397,0.999377447607946,103.60569992802428,0,0,0,400,DEMO,MACRO
SITE-C-INDUSTRIAL,2026-08-07 05:00:00,8,0,0,0,1.0,27.12010870339697,3.4460947683965255,0.005111816726684585,0.005902595822886564,0.9999586037493119,103.95813954721952,0,0,0,400,DEMO,MACRO
SITE-C-INDUSTRIAL,2026-08-07 06:00:00,10,0,0,0,1.0,43.91578919952549,4.759478703587149,0.002043954801344812,0.009559115001455037,0.9920516076668414,107.6038632188162,0,0,0,400,DEMO,MACRO
SITE-C-INDUSTRIAL,2026-08-07 07:00:00,8,0,0,0,1.0,29.00378489024322,4.926553513006188,0.0041071516216086915,0.011136821544531179,0.9905003609861845,95.89373918234281,0,0,0,400,DEMO,MACRO
SITE-C-INDUSTRIAL,2026-08-07 08:00:00,38,0,0,0,1.0,29.373462779563262,4.417841880201502,0.002655347191490913,0.006432767093960925,0.996687325314826,100.64281141049965,0,0,0,400,DEMO,MACRO
SITE-C-INDUSTRIAL,2026-08-07 09:00:00,37,0,0,0,1.0,33.907425976291314,3.9526240568820814,0.004929221464092064,0.010158498708856916,0.9983232761025658,128.57297989754812,0,0,0,400,DEMO,MACRO
SITE-C-INDUSTRIAL,2026-08-07 10:00:00,31,0,0,0,1.0,35.634615754595025,2.3884502728083845,0.0018644858206549068,0.0064619703124604005,0.9860273230540032,137.0400947140654,0,0,0,400,DEMO,MACRO
SITE-C-INDUSTRIAL,2026-08-07 11:00:00,38,0,0,0,1.0,33.59601826781149,2.337879550550274,0.0028752042300799305,0.006842031471455808,0.9836940981029059,107.52360469766418,0,0,0,400,DEMO,MACRO
SITE-C-INDUSTRIAL,2026-08-07 12:00:00,22,0,0,0,1.0,32.917170922027786,4.650073010025937,0.0012096594450225987,0.008460233865838582,0.9916581472083785,106.80883753607755,0,0,0,400,DEMO,MACRO
SITE-C-INDUSTRIAL,2026-08-07 13:00:00,32,0,0,0,1.0,32.13673562245916,3.6604290970208218,0.005778822575577687,0.007372892893108935,0.9726875531352808,125.45800797550635,0,0,0,400,DEMO,MACRO
SITE-C-INDUSTRIAL,2026-08-07 14:00:00,37,0,0,0,1.0,31.990802014119982,3.1736691303033693,0.0026398233341337588,0.011631841372224467,0.9959717601692596,97.98612939811227,0,0,0,400,DEMO,MACRO
SITE-C-INDUSTRIAL,2026-08-07 15:00:00,29,0,0,0,1.0,33.37222019951551,3.474025327181433,0.0022821267603956967,0.005867724902835308,0.9760370887515257,95.05056204444641,0,0,0,400,DEMO,MACRO
SITE-C-INDUSTRIAL,2026-08-07 16:00:00,22,0,0,0,1.0,34.87817059672588,4.534178642184082,0.0027977190946149727,0.012655794031931782,0.9776168574040465,108.68425546864745,0,0,0,400,DEMO,MACRO
SITE-C-INDUSTRIAL,2026-08-07 17:00:00,36,0,0,0,1.0,42.84122035518571,3.057513193641069,0.004203093145662648,0.010619310207947097,0.9846437804606561,94.34319166309433,0,0,0,400,DEMO,MACRO
SITE-C-INDUSTRIAL,2026-08-07 18:00:00,25,0,0,0,1.0,34.449182591860996,2.3949448835520366,0.0014993836776040273,0.010037173663702489,0.9869542847600714,96.56789225176865,0,0,0,400,DEMO,MACRO
SITE-C-INDUSTRIAL,2026-08-07 19:00:00,36,0,0,0,1.0,41.60411509409481,4.051773908404952,0.0017182419510080342,0.013079728100782426,0.9717223679303162,130.58231617556675,0,0,0,400,DEMO,MACRO
SITE-C-INDUSTRIAL,2026-08-07 20:00:00,24,0,0,0,1.0,27.474649779478963,4.973001966535077,0.005501693366691089,0.006788179058250743,0.9896043131145537,107.88210877485312,0,0,0,400,DEMO,MACRO
SITE-C-INDUSTRIAL,2026-08-07 21:00:00,30,0,0,0,1.0,29.12998965335784,2.618580954384389,0.004359621355478746,0.010720380012539317,0.9991211169464574,98.37378793803386,0,0,0,400,DEMO,MACRO
SITE-C-INDUSTRIAL,2026-08-07 22:00:00,26,0,0,0,1.0,32.43739880906796,3.146221747714616,0.003918213604907968,0.01285801517926776,0.9905123948150164,86.91699766287178,0,0,0,400,DEMO,MACRO
SITE-C-INDUSTRIAL,2026-08-07 23:00:00,8,0,0,0,1.0,37.53156407388561,4.285172441911391,0.005338509839256921,0.008610529777149389,0.9837647677020595,82.89440629352609,0,0,0,400,DEMO,MACRO
SITE-C-INDUSTRIAL,2026-08-08 00:00:00,9,0,0,0,1.0,31.085642020868782,3.578310263472071,0.004002589240327191,0.006712556252865563,0.9722700124392823,122.79021679035989,0,0,0,400,DEMO,MACRO
SITE-C-INDUSTRIAL,2026-08-08 01:00:00,6,0,0,0,1.0,44.75259490304242,3.511120480707678,0.001337134481976406,0.005771855082219814,0.9991174525049902,124.10365483596942,0,0,0,400,DEMO,MACRO
SITE-C-INDUSTRIAL,2026-08-08 02:00:00,8,0,0,0,1.0,33.46418161100388,2.5868801877529037,0.004882983582838147,0.012316620545241234,0.9978128455889833,119.44333900951892,0,0,0,400,DEMO,MACRO
SITE-C-INDUSTRIAL,2026-08-08 03:00:00,7,0,0,0,1.0,43.232183625393844,3.1500265223039126,0.004679381327324885,0.007195319573152551,0.9783027485785663,116.30030609772783,0,0,0,400,DEMO,MACRO
SITE-C-INDUSTRIAL,2026-08-08 04:00:00,7,0,0,0,1.0,42.20034595780277,3.549409231913069,0.005642549022828571,0.011015128270316005,0.9872906937309689,110.40273927136921,0,0,0,400,DEMO,MACRO
SITE-C-INDUSTRIAL,2026-08-08 05:00:00,9,0,0,0,1.0,32.01012930892044,4.688303425093505,0.004387730222818406,0.012700768879861003,0.9824699990772943,92.13846458874585,0,0,0,400,DEMO,MACRO
SITE-C-INDUSTRIAL,2026-08-08 06:00:00,7,0,0,0,1.0,33.34969816631677,4.335225478571131,0.0013372945923464227,0.00852116334038288,0.9895047364435652,135.84901650822582,0,0,0,400,DEMO,MACRO
SITE-C-INDUSTRIAL,2026-08-08 07:00:00,9,0,0,0,1.0,44.63882676877603,4.024896184830148,0.001999221456686521,0.005149494077745071,0.9978577291574576,120.52606573458685,0,0,0,400,DEMO,MACRO
SITE-C-INDUSTRIAL,2026-08-08 08:00:00,35,0,0,0,1.0,33.26699298819366,2.2633936787733147,0.0033926365380562186,0.011435636011327192,0.978320998555105,137.56747633176792,0,0,0,400,DEMO,MACRO
SITE-C-INDUSTRIAL,2026-08-08 09:00:00,37,0,0,0,1.0,25.370554333137367,2.8837604031243544,0.005502771690984229,0.012472092521403803,0.9940702793293614,91.29652701319476,0,0,0,400,DEMO,MACRO
SITE-C-INDUSTRIAL,2026-08-08 10:00:00,26,0,0,0,1.0,38.168575865084534,3.2130762574148535,0.004415214763869574,0.007445124454745207,0.9969320250896592,84.72562726495993,0,0,0,400,DEMO,MACRO
SITE-C-INDUSTRIAL,2026-08-08 11:00:00,29,0,0,0,1.0,39.364128978189896,3.2549672322059457,0.005416122457310825,0.013270993186935962,0.9904096882063781,101.60829859787776,0,0,0,400,DEMO,MACRO
SITE-C-INDUSTRIAL,2026-08-08 12:00:00,27,0,0,0,1.0,31.62505269270927,2.9362207355893735,0.001060883800250423,0.007587064035481978,0.9908750291325085,112.52827518809063,0,0,0,400,DEMO,MACRO
SITE-C-INDUSTRIAL,2026-08-08 13:00:00,33,0,0,0,1.0,31.519719882555613,2.5390194550904175,0.0013836127126080015,0.006549690850820903,0.9886617400260356,135.76233818362016,0,0,0,400,DEMO,MACRO
SITE-C-INDUSTRIAL,2026-08-08 14:00:00,32,0,0,0,1.0,31.90007591377062,3.688552298618378,0.0016679452707457861,0.005824026051360251,0.9718797080076587,113.99377634588384,0,0,0,400,DEMO,MACRO
SITE-C-INDUSTRIAL,2026-08-08 15:00:00,26,0,0,0,1.0,28.100228339885568,4.827263853319947,0.001702870674993501,0.010098516539824996,0.9894706972735092,81.89176551357927,0,0,0,400,DEMO,MACRO
SITE-C-INDUSTRIAL,2026-08-08 16:00:00,36,0,0,0,1.0,35.652903754752344,4.032118392114792,0.004409390609294967,0.011613901493132113,0.9721923284721271,83.44758003169432,0,0,0,400,DEMO,MACRO
SITE-C-INDUSTRIAL,2026-08-08 17:00:00,28,0,0,0,1.0,27.950429765058928,3.088587369247111,0.005203655649583384,0.005444167153869054,0.9957324956438358,119.2364338658657,0,0,0,400,DEMO,MACRO
SITE-C-INDUSTRIAL,2026-08-08 18:00:00,36,0,0,0,1.0,29.802882392186792,3.563954418034243,0.005121917159146178,0.007021464480107126,0.9774097295587013,109.98682254445329,0,0,0,400,DEMO,MACRO
SITE-C-INDUSTRIAL,2026-08-08 19:00:00,31,0,0,0,1.0,33.33779038652537,3.233661608090367,0.005814070642606783,0.010347359612844793,0.9935919122988955,120.40304872821434,0,0,0,400,DEMO,MACRO
SITE-C-INDUSTRIAL,2026-08-08 20:00:00,36,0,0,0,1.0,33.68211310167844,3.963270752186745,0.0051615166267501384,0.006439078239344617,0.9780929435786844,92.65208741379416,0,0,0,400,DEMO,MACRO
SITE-C-INDUSTRIAL,2026-08-08 21:00:00,37,1,0,0,0.972972972972973,31.477430135405093,3.345374383750641,0.003568163102541559,0.014568552727368088,0.9701103480529942,91.09946586611139,0,0,0,400,DEMO,MACRO
SITE-C-INDUSTRIAL,2026-08-08 22:00:00,36,0,0,0,1.0,34.14468500921727,3.1023963140773647,0.0057188466015406225,0.006070659812788184,0.9704650267220468,134.39810118139087,0,0,0,400,DEMO,MACRO
SITE-C-INDUSTRIAL,2026-08-08 23:00:00,8,0,0,0,1.0,35.75095567606806,2.797221625658731,0.004889092893201134,0.0065768176193781325,0.9827983353315773,90.27425266860476,0,0,0,400,DEMO,MACRO
SITE-C-INDUSTRIAL,2026-08-09 00:00:00,6,0,0,0,1.0,25.114687515711424,3.377799062383338,0.0032634598189512764,0.014822191632004867,0.9813710016222276,111.91120558437039,0,0,0,400,DEMO,MACRO
SITE-C-INDUSTRIAL,2026-08-09 01:00:00,10,0,0,0,1.0,30.64221366060332,2.6887833084790533,0.0058671595587213516,0.006276242337144813,0.9892681611422101,129.92204184817777,0,0,0,400,DEMO,MACRO
SITE-C-INDUSTRIAL,2026-08-09 02:00:00,6,0,0,0,1.0,39.10365707691304,2.5423536174844963,0.0056000664678715634,0.010161747617970925,0.9858317152012671,133.54012788596623,0,0,0,400,DEMO,MACRO
SITE-C-INDUSTRIAL,2026-08-09 03:00:00,7,0,0,0,1.0,39.39062750086001,4.28330013253251,0.004351157988798887,0.006939999428809708,0.997404893179204,94.36851246463058,0,0,0,400,DEMO,MACRO
SITE-C-INDUSTRIAL,2026-08-09 04:00:00,7,0,0,0,1.0,41.69471528458227,4.761915038081231,0.002317859965786299,0.009790602446829817,0.9954990644469193,112.28879843308667,0,0,0,400,DEMO,MACRO
SITE-C-INDUSTRIAL,2026-08-09 05:00:00,7,0,0,0,1.0,32.42650680866812,3.8967616069880484,0.004620133129881421,0.008082565188379475,0.9756883553969526,126.83442859860986,0,0,0,400,DEMO,MACRO
SITE-C-INDUSTRIAL,2026-08-09 06:00:00,9,0,0,0,1.0,29.918309307509315,2.864956726672931,0.0021547335901111186,0.0063371641851051805,0.9815641293654116,91.29532946436112,0,0,0,400,DEMO,MACRO
SITE-C-INDUSTRIAL,2026-08-09 07:00:00,9,0,0,0,1.0,27.068278420949945,3.069832879325246,0.005742030551565152,0.009582707305537046,0.9967591916314755,93.68358830919809,0,0,0,400,DEMO,MACRO
SITE-C-INDUSTRIAL,2026-08-09 08:00:00,35,0,0,0,1.0,26.726291576514143,4.853696814482441,0.005809610650832483,0.011919265735291394,0.9760816518866207,125.45441878079798,0,0,0,400,DEMO,MACRO
SITE-C-INDUSTRIAL,2026-08-09 09:00:00,28,0,0,0,1.0,38.085472632105805,4.329104072764743,0.002268171170841756,0.012808222903406913,0.9767589384926573,110.35903840863604,0,0,0,400,DEMO,MACRO
SITE-C-INDUSTRIAL,2026-08-09 10:00:00,23,0,0,0,1.0,29.265581570726,2.7730007632158458,0.005424777000051101,0.0056160422875108345,0.9847466657516796,108.94795872363589,0,0,0,400,DEMO,MACRO
SITE-C-INDUSTRIAL,2026-08-09 11:00:00,32,0,0,0,1.0,26.673116638649805,3.310054218882273,0.0027911650897864742,0.007588882619833304,0.9776577164035366,93.73462525083755,0,0,0,400,DEMO,MACRO
SITE-C-INDUSTRIAL,2026-08-09 12:00:00,33,0,0,0,1.0,44.54444839038601,2.9196673159606785,0.0029981210409318524,0.011974449286392687,0.979213659606412,87.59806076240089,0,0,0,400,DEMO,MACRO
SITE-C-INDUSTRIAL,2026-08-09 13:00:00,32,0,0,0,1.0,32.09423796627701,2.011449084013278,0.0026418860305039782,0.0137942680773828,0.9715935540945867,133.47714366599376,0,0,0,400,DEMO,MACRO
SITE-C-INDUSTRIAL,2026-08-09 14:00:00,31,0,0,0,1.0,41.65656111144281,3.683304257980327,0.0045530243463870355,0.013863431441333108,0.9751559142080686,86.60511676346113,0,0,0,400,DEMO,MACRO
SITE-C-INDUSTRIAL,2026-08-09 15:00:00,22,0,0,0,1.0,34.58061240900842,3.5612095445469363,0.002799684377040669,0.014799176565030516,0.988120646810516,116.63971502837092,0,0,0,400,DEMO,MACRO
SITE-C-INDUSTRIAL,2026-08-09 16:00:00,32,0,0,0,1.0,30.533062627319985,2.847378627726924,0.0059636125372261655,0.006376939085503977,0.9851544303508557,123.87791138387738,0,0,0,400,DEMO,MACRO
SITE-C-INDUSTRIAL,2026-08-09 17:00:00,28,0,0,0,1.0,40.23336747306914,3.084339608780374,0.0018148802254855743,0.00727778741065685,0.9864845558925952,111.19431445414938,0,0,0,400,DEMO,MACRO
SITE-C-INDUSTRIAL,2026-08-09 18:00:00,31,0,0,0,1.0,43.37895594006158,3.20226508358426,0.002062115411323333,0.011010989501476474,0.9874576825669552,127.09481962380917,0,0,0,400,DEMO,MACRO
SITE-C-INDUSTRIAL,2026-08-09 19:00:00,37,0,0,0,1.0,25.15802315796988,3.451811494263304,0.001921417385856077,0.00734862166185868,0.993102677813258,137.77339511175398,0,0,0,400,DEMO,MACRO
SITE-C-INDUSTRIAL,2026-08-09 20:00:00,32,0,0,0,1.0,29.710150296884567,3.278392059048288,0.005303286269411807,0.013413848588291939,0.9717397525680082,96.711845827042,0,0,0,400,DEMO,MACRO
SITE-C-INDUSTRIAL,2026-08-09 21:00:00,31,0,0,0,1.0,28.91240014086637,2.061012950960932,0.002104707147946989,0.010414677168634319,0.9914370463412144,124.2954451855617,0,0,0,400,DEMO,MACRO
SITE-C-INDUSTRIAL,2026-08-09 22:00:00,23,0,0,0,1.0,36.972574247750664,3.5626197127544588,0.0049704749105355436,0.011503397781953464,0.9904763150334842,134.18794271573142,0,0,0,400,DEMO,MACRO
SITE-C-INDUSTRIAL,2026-08-09 23:00:00,9,0,0,0,1.0,25.765393506863514,3.595635219227313,0.003231557115484962,0.014082405914427713,0.9792562496820746,120.58859505636394,0,0,0,400,DEMO,MACRO
SITE-C-INDUSTRIAL,2026-08-10 00:00:00,6,0,0,0,1.0,29.7702363619856,2.0251650285123795,0.0030927333975128354,0.007018395813419584,0.9757178033522323,107.62508777648655,0,0,0,400,DEMO,MACRO
SITE-C-INDUSTRIAL,2026-08-10 01:00:00,10,0,0,0,1.0,36.199666385576606,3.8477283953800767,0.0033515114386293674,0.010643477102812025,0.9759264847342493,114.53005570454086,0,0,0,400,DEMO,MACRO
SITE-C-INDUSTRIAL,2026-08-10 02:00:00,10,0,0,0,1.0,41.9728372439679,2.330164700073656,0.002622589133688101,0.012174884686689494,0.9877273817288791,103.19856443668984,0,0,0,400,DEMO,MACRO
SITE-C-INDUSTRIAL,2026-08-10 03:00:00,6,0,0,0,1.0,42.90238799793545,3.6875308175197956,0.0022485985202726306,0.014626405157190991,0.9844124509660759,100.76123924062811,0,0,0,400,DEMO,MACRO
SITE-C-INDUSTRIAL,2026-08-10 04:00:00,9,0,0,0,1.0,43.85310893009724,4.071438173019173,0.0013560624784249072,0.006816020266128951,0.9977307424737375,84.5343059114814,0,0,0,400,DEMO,MACRO
SITE-C-INDUSTRIAL,2026-08-10 05:00:00,8,0,0,0,1.0,36.38385074449445,3.500058175365292,0.0044574876333511385,0.008364454756707196,0.9887798857155281,132.6133870521724,0,0,0,400,DEMO,MACRO
SITE-C-INDUSTRIAL,2026-08-10 06:00:00,6,0,0,0,1.0,35.496925296189474,3.8348198339416957,0.001931332480622748,0.008335218140445974,0.991489354286325,114.07733309902841,0,0,0,400,DEMO,MACRO
SITE-C-INDUSTRIAL,2026-08-10 07:00:00,7,0,0,0,1.0,42.36023132047302,3.2339463533402912,0.002234450930289745,0.006495592073965725,0.997748023269143,123.83517228465814,0,0,0,400,DEMO,MACRO
SITE-C-INDUSTRIAL,2026-08-10 08:00:00,33,0,0,0,1.0,28.849242560461267,4.554567825935207,0.0017335467846338838,0.010218128461961982,0.9900453032208478,136.28409082956512,0,0,0,400,DEMO,MACRO
SITE-C-INDUSTRIAL,2026-08-10 09:00:00,36,0,0,0,1.0,27.153043512520473,3.5606873587622947,0.0055558734623059386,0.007701855651522,0.9726408829952257,83.51313217523898,0,0,0,400,DEMO,MACRO
SITE-C-INDUSTRIAL,2026-08-10 10:00:00,29,0,0,0,1.0,43.6742542767721,3.3836949361271156,0.0025307121646245354,0.008975130585911725,0.9753435768982931,106.17750000308125,0,0,0,400,DEMO,MACRO
SITE-C-INDUSTRIAL,2026-08-10 11:00:00,22,0,0,0,1.0,35.67085858201109,2.3152587437927328,0.0058721708226764984,0.011259963879462973,0.9871799860370454,129.5981737882217,0,0,0,400,DEMO,MACRO
SITE-C-INDUSTRIAL,2026-08-10 12:00:00,27,0,0,0,1.0,36.7275169024666,3.10829119429416,0.004205533212001315,0.014382265288176859,0.9720906788446395,90.39388716338502,0,0,0,400,DEMO,MACRO
SITE-C-INDUSTRIAL,2026-08-10 13:00:00,29,0,0,0,1.0,35.676413368537546,4.485090856795901,0.004668838640516511,0.010490635472546334,0.9757854892374467,110.21095169519918,0,0,0,400,DEMO,MACRO
SITE-C-INDUSTRIAL,2026-08-10 14:00:00,27,0,0,0,1.0,27.260908517727916,4.744609567788999,0.005206654500663994,0.01113373572130635,0.9774076902941096,114.6057532027469,0,0,0,400,DEMO,MACRO
SITE-C-INDUSTRIAL,2026-08-10 15:00:00,35,0,0,0,1.0,37.96534717189434,2.1116881955954634,0.004015679410227005,0.010597212764736002,0.9977598556895373,114.26553569586649,0,0,0,400,DEMO,MACRO
SITE-C-INDUSTRIAL,2026-08-10 16:00:00,32,0,0,0,1.0,29.44088606931828,3.657637819355957,0.002618744846758469,0.014854108563955182,0.9987272029071452,94.71251550122865,0,0,0,400,DEMO,MACRO
SITE-C-INDUSTRIAL,2026-08-10 17:00:00,39,0,0,0,1.0,26.424484848308747,3.644924125077424,0.005925058396625105,0.0063967781669262685,0.9918843209596256,110.93239314011728,0,0,0,400,DEMO,MACRO
SITE-C-INDUSTRIAL,2026-08-10 18:00:00,27,0,0,0,1.0,33.16939459338843,4.481696276987241,0.003982676629701324,0.012999257516421212,0.9955657679089045,118.87129199866663,0,0,0,400,DEMO,MACRO
SITE-C-INDUSTRIAL,2026-08-10 19:00:00,23,0,0,0,1.0,36.922442938969084,4.370433101655602,0.005102216299893446,0.011317456278218558,0.9836737736194409,85.03500897692221,0,0,0,400,DEMO,MACRO
SITE-C-INDUSTRIAL,2026-08-10 20:00:00,36,0,0,0,1.0,37.90923577936893,3.1869072745493807,0.004383684143101902,0.010207920713474858,0.9819645300346486,92.27553232539672,0,0,0,400,DEMO,MACRO
SITE-C-INDUSTRIAL,2026-08-10 21:00:00,36,1,0,0,0.9722222222222222,30.433381721234447,3.8933623874862917,0.0015087592684182418,0.014633799220934104,0.9745780931810388,110.23237449635417,0,0,0,400,DEMO,MACRO
SITE-C-INDUSTRIAL,2026-08-10 22:00:00,31,0,0,0,1.0,29.65656773653603,3.9356878940224918,0.0030403263917691396,0.014623392109259233,0.9740132213434546,91.48470998403437,0,0,0,400,DEMO,MACRO
SITE-C-INDUSTRIAL,2026-08-10 23:00:00,7,0,0,0,1.0,38.627396987513066,3.7275627721751725,0.0019126180842058225,0.009903585838323958,0.9719467482218747,120.39447262370714,0,0,0,400,DEMO,MACRO
SITE-C-INDUSTRIAL,2026-08-11 00:00:00,10,0,0,0,1.0,44.222194981200076,3.2000619880462526,0.0012581273064774232,0.005120742173452415,0.9798824184639193,95.70008863979578,0,0,0,400,DEMO,MACRO
SITE-C-INDUSTRIAL,2026-08-11 01:00:00,6,0,0,0,1.0,40.60640972790893,3.1022747253607563,0.002300153806964837,0.005677671703168464,0.9737076368210345,124.54634940119574,0,0,0,400,DEMO,MACRO
SITE-C-INDUSTRIAL,2026-08-11 02:00:00,10,0,0,0,1.0,40.70029754184555,3.1841396626263148,0.004415362755489129,0.011164159846734648,0.9732636422926881,125.34235722242386,0,0,0,400,DEMO,MACRO
SITE-C-INDUSTRIAL,2026-08-11 03:00:00,7,0,0,0,1.0,27.20896493644117,4.912334370609244,0.005031255989344694,0.011052284361717037,0.9908819313835593,82.77207873877664,0,0,0,400,DEMO,MACRO
SITE-C-INDUSTRIAL,2026-08-11 04:00:00,9,0,0,0,1.0,43.1201215412697,4.588989174255829,0.0020884740096640906,0.010470307458829787,0.9803319458336606,91.22359834976075,0,0,0,400,DEMO,MACRO
SITE-C-INDUSTRIAL,2026-08-11 05:00:00,6,0,0,0,1.0,38.515921037320965,2.2054111840548725,0.004342635369114025,0.005125692390027329,0.9728746953742106,104.84792913636397,0,0,0,400,DEMO,MACRO
SITE-C-INDUSTRIAL,2026-08-11 06:00:00,8,0,0,0,1.0,35.39987080682393,4.049222274144721,0.002292575041231784,0.011971887190712205,0.972141104931785,85.30349016416358,0,0,0,400,DEMO,MACRO
SITE-C-INDUSTRIAL,2026-08-11 07:00:00,10,0,0,0,1.0,25.56970995119517,4.274782359150526,0.005457268324396195,0.00506739816354584,0.9939747121015752,114.178806606087,0,0,0,400,DEMO,MACRO
SITE-C-INDUSTRIAL,2026-08-11 08:00:00,23,0,0,0,1.0,41.01036169481677,4.7098849607765505,0.005273191655339505,0.013529924023539787,0.9927230949053563,134.37478058145223,0,0,0,400,DEMO,MACRO
SITE-C-INDUSTRIAL,2026-08-11 09:00:00,34,0,0,0,1.0,41.0850321406125,4.033998482490137,0.0028147716433212953,0.009373112986210748,0.9733771353569063,98.6533660803139,0,0,0,400,DEMO,MACRO
SITE-C-INDUSTRIAL,2026-08-11 10:00:00,28,0,0,0,1.0,36.026981132769755,4.7811158857766545,0.0022758208898308783,0.007290604740613946,0.9921209011260979,137.40182809625114,0,0,0,400,DEMO,MACRO
SITE-C-INDUSTRIAL,2026-08-11 11:00:00,36,1,0,0,0.9722222222222222,32.87108159409391,2.16386498046076,0.0021723135777666895,0.014094007425871673,0.9993069406320148,109.45298477525432,0,0,0,400,DEMO,MACRO
SITE-C-INDUSTRIAL,2026-08-11 12:00:00,24,0,0,0,1.0,29.32839854991233,3.943950898528422,0.005567056015357336,0.008498511607697698,0.9891375432550791,124.64438265945097,0,0,0,400,DEMO,MACRO
SITE-C-INDUSTRIAL,2026-08-11 13:00:00,29,0,0,0,1.0,30.182737707849213,3.779338103205973,0.002295202820718623,0.006605851039468005,0.9748323309962688,126.96744087662574,0,0,0,400,DEMO,MACRO
SITE-C-INDUSTRIAL,2026-08-11 14:00:00,30,0,0,0,1.0,36.113638026579224,3.906894924094683,0.0026253579315603454,0.011574002118699082,0.983555056167159,85.54892298200491,0,0,0,400,DEMO,MACRO
SITE-C-INDUSTRIAL,2026-08-11 15:00:00,30,0,0,0,1.0,34.98062999109294,4.06638343426704,0.005798865963444472,0.005480774061257208,0.988495138319146,122.21004565570875,0,0,0,400,DEMO,MACRO
SITE-C-INDUSTRIAL,2026-08-11 16:00:00,23,0,0,0,1.0,33.6366716743748,4.134430665679933,0.0037058849851569855,0.009163916973731923,0.9896600061412135,116.40829244455462,0,0,0,400,DEMO,MACRO
SITE-C-INDUSTRIAL,2026-08-11 17:00:00,25,0,0,0,1.0,32.175920164876594,4.681557935704653,0.0017952464877235212,0.010217022671672012,0.9891113166466865,87.20172648894948,0,0,0,400,DEMO,MACRO
SITE-C-INDUSTRIAL,2026-08-11 18:00:00,25,0,0,0,1.0,31.455832750682756,3.7982552696945637,0.0016313157920123237,0.012668998886847636,0.9904630081140864,128.19148906175377,0,0,0,400,DEMO,MACRO
SITE-C-INDUSTRIAL,2026-08-11 19:00:00,32,0,0,0,1.0,35.831120178199306,4.576820944338496,0.0031828727012175985,0.010703504826417245,0.9823052740196472,124.39930037268836,0,0,0,400,DEMO,MACRO
SITE-C-INDUSTRIAL,2026-08-11 20:00:00,38,0,0,0,1.0,40.028299240937926,4.908287091402065,0.0048933187240812245,0.010725320074233638,0.9776329879771888,110.78859483500256,0,0,0,400,DEMO,MACRO
SITE-C-INDUSTRIAL,2026-08-11 21:00:00,23,0,0,0,1.0,44.70000343800091,2.3682037003220393,0.004362645274755555,0.005226034458588105,0.9732337053621206,102.28423285228246,0,0,0,400,DEMO,MACRO
SITE-C-INDUSTRIAL,2026-08-11 22:00:00,26,0,0,0,1.0,38.01433057113091,3.4958010780970254,0.002927016470686038,0.013511613567665656,0.9806789798548603,94.82600190983223,0,0,0,400,DEMO,MACRO
SITE-C-INDUSTRIAL,2026-08-11 23:00:00,7,0,0,0,1.0,25.447877844329547,4.167096558188737,0.0042260272104927,0.009156893571061052,0.9945182869793647,99.8687751919622,0,0,0,400,DEMO,MACRO
SITE-C-INDUSTRIAL,2026-08-12 00:00:00,6,0,0,0,1.0,25.66523031077324,2.5330387132641086,0.003246736237367721,0.008304696707412771,0.983327428498471,83.23182813501654,0,0,0,400,DEMO,MACRO
SITE-C-INDUSTRIAL,2026-08-12 01:00:00,9,0,0,0,1.0,38.52151254092883,3.2459808311341543,0.0049285108334680555,0.013458035838760762,0.9808433863491368,107.48043173306557,0,0,0,400,DEMO,MACRO
SITE-C-INDUSTRIAL,2026-08-12 02:00:00,10,0,0,0,1.0,27.671770265668055,4.417382895967219,0.0028344372828052614,0.007490093315901106,0.984054436972604,118.84836293045186,0,0,0,400,DEMO,MACRO
SITE-C-INDUSTRIAL,2026-08-12 03:00:00,8,0,0,0,1.0,41.44656728108169,2.106189259564818,0.0018196594486458335,0.008379289796293656,0.9717971781333195,106.85411093058349,0,0,0,400,DEMO,MACRO
SITE-C-INDUSTRIAL,2026-08-12 04:00:00,9,0,0,0,1.0,35.46978138244984,3.049378606347413,0.002195090485495834,0.01088883019223341,0.9716922649040696,82.39652638683403,0,0,0,400,DEMO,MACRO
SITE-C-INDUSTRIAL,2026-08-12 05:00:00,9,0,0,0,1.0,28.817151839662444,2.477399326936665,0.0022325801803782506,0.01074689837880567,0.977173026890795,119.78097406064354,0,0,0,400,DEMO,MACRO
SITE-C-INDUSTRIAL,2026-08-12 06:00:00,9,0,0,0,1.0,33.07986227633042,4.7811664802519465,0.0047785295019338305,0.006386828630887664,0.9768778590468391,86.56037932494053,0,0,0,400,DEMO,MACRO
SITE-C-INDUSTRIAL,2026-08-12 07:00:00,9,0,0,0,1.0,28.834059712934177,3.3564682724028074,0.0014632760247219093,0.013767359810716123,0.9923810899091422,119.88395767900232,0,0,0,400,DEMO,MACRO
SITE-C-INDUSTRIAL,2026-08-12 08:00:00,24,0,0,0,1.0,32.24465520165094,2.5688971183501756,0.0010904050607163348,0.009098683976974303,0.9972395233090481,81.65056904937147,0,0,0,400,DEMO,MACRO
SITE-C-INDUSTRIAL,2026-08-12 09:00:00,26,0,0,0,1.0,35.53037768298455,2.221125876738157,0.0024849178173147624,0.012516027447579157,0.9764360739255585,98.28303655466118,0,0,0,400,DEMO,MACRO
SITE-C-INDUSTRIAL,2026-08-12 10:00:00,33,0,0,0,1.0,29.108906897052407,4.419042276007309,0.005746513445080506,0.010904079913056811,0.9776388553268467,94.59061540344291,0,0,0,400,DEMO,MACRO
SITE-C-INDUSTRIAL,2026-08-12 11:00:00,36,0,0,0,1.0,39.38601398045901,4.449820856920486,0.0016814503264486877,0.0069898108109411935,0.9802271603921614,105.70712706249684,0,0,0,400,DEMO,MACRO
SITE-C-INDUSTRIAL,2026-08-12 12:00:00,27,0,0,0,1.0,26.74692547483877,2.896125282907284,0.0015761156214655105,0.013048567786073075,0.9913179833843632,128.46478652151922,0,0,0,400,DEMO,MACRO
SITE-C-INDUSTRIAL,2026-08-12 13:00:00,35,0,0,0,1.0,35.50173777729846,4.659788153006014,0.0011015812429074337,0.013002040311714182,0.9930289026016339,106.08059121635374,0,0,0,400,DEMO,MACRO
SITE-C-INDUSTRIAL,2026-08-12 14:00:00,31,0,0,0,1.0,40.155733276825444,2.538947338858289,0.005839431918048966,0.014401304680603254,0.9776889156958926,137.27325123951175,0,0,0,400,DEMO,MACRO
SITE-C-INDUSTRIAL,2026-08-12 15:00:00,29,0,0,0,1.0,35.203181901459104,4.323402844265122,0.005576144720335827,0.007563083663611957,0.9736566619299365,130.32690579365064,0,0,0,400,DEMO,MACRO
SITE-C-INDUSTRIAL,2026-08-12 16:00:00,21,0,0,0,1.0,36.02342728520536,3.437408525481324,0.005390681400059089,0.010680920758677213,0.9911303846065104,126.0820349115258,0,0,0,400,DEMO,MACRO
SITE-C-INDUSTRIAL,2026-08-12 17:00:00,35,0,0,0,1.0,36.21095240569376,3.8122721138376994,0.0015191549870359157,0.006671198925168457,0.9720278868550444,104.85947873104578,0,0,0,400,DEMO,MACRO
SITE-C-INDUSTRIAL,2026-08-12 18:00:00,24,0,0,0,1.0,29.90874355440417,4.61601664490508,0.0013376741379736382,0.008447717505185947,0.9769628693874666,137.44813762174252,0,0,0,400,DEMO,MACRO
SITE-C-INDUSTRIAL,2026-08-12 19:00:00,33,0,0,0,1.0,42.041587282969175,3.5550562102877286,0.0023506766281923214,0.009179266730339478,0.9739317930882843,116.4893562386368,0,0,0,400,DEMO,MACRO
SITE-C-INDUSTRIAL,2026-08-12 20:00:00,24,0,0,0,1.0,33.84618021872754,4.376120645129652,0.004832581698561234,0.01174724019544257,0.9925664208247953,105.72440346605717,0,0,0,400,DEMO,MACRO
SITE-C-INDUSTRIAL,2026-08-12 21:00:00,24,0,0,0,1.0,35.56727999483224,3.385413804787371,0.001742682874508177,0.011958682496209176,0.9833220171536986,120.53144280916084,0,0,0,400,DEMO,MACRO
SITE-C-INDUSTRIAL,2026-08-12 22:00:00,27,0,0,0,1.0,29.668173095534172,2.282779966565048,0.005539121482839814,0.0119011673263702,0.9792673419818567,83.12019265832376,0,0,0,400,DEMO,MACRO
SITE-C-INDUSTRIAL,2026-08-12 23:00:00,6,0,0,0,1.0,40.6010960137813,4.69726897496684,0.0018328753542539513,0.0142443615595833,0.97605792424175,82.10579475348923,0,0,0,400,DEMO,MACRO
SITE-C-INDUSTRIAL,2026-08-13 00:00:00,9,2,1,1,0.5555555555555556,121.48218348657193,17.410236346348075,0.07849652691022499,0.19180435250696018,0.6311549143494926,21.391613065764336,1,1,0,400,DEMO,MACRO
SITE-C-INDUSTRIAL,2026-08-13 01:00:00,7,2,1,1,0.4285714285714286,130.91174553948653,18.227265499779712,0.08671942209363195,0.22956700121720086,0.6404391351972122,29.68571355267388,1,1,0,400,DEMO,MACRO
SITE-C-INDUSTRIAL,2026-08-13 02:00:00,10,2,2,1,0.5,170.21183646755105,19.30212406769613,0.07952645718567525,0.2211397228997946,0.6166018779984421,32.552911696101134,1,1,0,400,DEMO,MACRO
SITE-C-INDUSTRIAL,2026-08-13 03:00:00,10,3,1,1,0.5,127.58168471053688,15.208910625542401,0.05910820830020449,0.2617444102085906,0.6590661756757686,28.67354704483031,1,1,0,400,DEMO,MACRO
SITE-C-INDUSTRIAL,2026-08-13 04:00:00,10,3,1,1,0.5,170.70677765102346,16.124356930872676,0.06368933964730447,0.2500868740319541,0.6290475071059173,20.924427385058944,1,1,0,400,DEMO,MACRO
SITE-C-INDUSTRIAL,2026-08-13 05:00:00,9,2,1,1,0.5555555555555556,161.68410836672186,17.894295451548132,0.061528936131383785,0.2614527538567134,0.6155685985300725,25.33145423564313,1,1,0,400,DEMO,MACRO
SITE-C-INDUSTRIAL,2026-08-13 06:00:00,6,1,1,1,0.5,125.7489671171413,22.922692215505414,0.04376473414927904,0.2274624747060438,0.7024510212268519,22.28139170163159,1,1,0,400,DEMO,MACRO
SITE-C-INDUSTRIAL,2026-08-13 07:00:00,7,1,1,1,0.5714285714285714,197.79727917311072,17.221727931361812,0.06348935460790135,0.1434071899961673,0.6764532434870266,32.302819641322095,1,1,0,400,DEMO,MACRO
SITE-C-INDUSTRIAL,2026-08-13 08:00:00,38,9,4,3,0.5789473684210527,177.1331635777758,18.55538280300513,0.046230295755248764,0.24185734351818214,0.6984184079845034,29.583581663764853,1,1,0,400,DEMO,MACRO
SITE-C-INDUSTRIAL,2026-08-13 09:00:00,25,6,4,2,0.52,177.82052516552952,18.306780692932232,0.07075813674412171,0.23235530965065637,0.7176442135360087,34.323847628762465,1,1,0,400,DEMO,MACRO
SITE-C-INDUSTRIAL,2026-08-13 10:00:00,36,5,5,3,0.6388888888888888,122.98189488640433,20.323118875078336,0.06370814886778631,0.1432550871035702,0.6775125585476398,24.07881034459553,1,1,0,400,DEMO,MACRO
SITE-C-INDUSTRIAL,2026-08-13 11:00:00,35,9,3,3,0.5714285714285714,159.3203095578682,20.245161496340447,0.04720022759540194,0.26199504648936883,0.711999705161352,28.7549164132458,1,1,0,400,DEMO,MACRO
SITE-C-INDUSTRIAL,2026-08-13 12:00:00,24,5,3,2,0.5833333333333333,161.61949682776537,18.200093448852904,0.07216413819325498,0.22761292811698847,0.729200806620254,23.830464200890557,1,1,0,400,DEMO,MACRO
SITE-C-INDUSTRIAL,2026-08-13 13:00:00,37,6,7,4,0.5405405405405406,121.81861520903927,21.211552850914604,0.08994725102140871,0.16088924061637572,0.6093413056086336,25.779220973836704,1,1,0,400,DEMO,MACRO
SITE-C-INDUSTRIAL,2026-08-13 14:00:00,27,7,4,3,0.4814814814814815,127.53439575415358,18.17531546355965,0.08233126039446427,0.25629518274975316,0.629654545177936,30.23262416035839,1,1,0,400,DEMO,MACRO
SITE-C-INDUSTRIAL,2026-08-13 15:00:00,34,6,6,4,0.5294117647058824,198.79336740710113,20.736593373008727,0.08095846132874032,0.17978769041499584,0.6093527898092173,29.34026586337377,1,1,0,400,DEMO,MACRO
SITE-C-INDUSTRIAL,2026-08-13 16:00:00,21,4,2,2,0.6190476190476191,131.41738461284552,19.14019391455862,0.04484106116060628,0.17313354706106615,0.6648272335409273,24.357114481966065,1,1,0,400,DEMO,MACRO
SITE-C-INDUSTRIAL,2026-08-13 17:00:00,26,6,3,2,0.5769230769230769,154.4676686545483,22.583626475987067,0.05896813863108972,0.23659409438864226,0.6917790235565666,28.244839999639247,1,1,0,400,DEMO,MACRO
SITE-C-INDUSTRIAL,2026-08-13 18:00:00,28,7,4,3,0.5,126.93206808991275,22.81529822037526,0.06566180074243766,0.2391324977238438,0.6322908095087523,31.680152379315437,1,1,0,400,DEMO,MACRO
SITE-C-INDUSTRIAL,2026-08-13 19:00:00,34,7,4,4,0.5588235294117647,143.4833720732051,17.256846434931067,0.06341214319994172,0.21049417604267973,0.6207334741370341,34.96794200474946,1,1,0,400,DEMO,MACRO
SITE-C-INDUSTRIAL,2026-08-13 20:00:00,28,5,4,3,0.5714285714285714,165.3996466221239,17.88485698505289,0.06916645897343066,0.1625922432354967,0.6194544734628042,23.412985370609412,1,1,0,400,DEMO,MACRO
SITE-C-INDUSTRIAL,2026-08-13 21:00:00,37,6,6,3,0.5945945945945945,137.95752943602844,17.178750948249025,0.07821855687191862,0.15038648015512313,0.7017795059913571,20.655063990926692,1,1,0,400,DEMO,MACRO
SITE-C-INDUSTRIAL,2026-08-13 22:00:00,25,4,4,2,0.6,191.88717430531221,18.758234725149666,0.08600302992308,0.15431004167312737,0.7120675292644056,28.341479447278328,1,1,0,400,DEMO,MACRO
SITE-C-INDUSTRIAL,2026-08-13 23:00:00,10,2,1,1,0.6,192.5212507127946,24.705266733410888,0.04612428705492437,0.18715367293842874,0.686362481021977,34.8315947883174,1,1,0,400,DEMO,MACRO
SITE-C-INDUSTRIAL,2026-08-14 00:00:00,6,1,1,1,0.5,124.93541826221941,24.55047072705215,0.07233456270584598,0.19073728249656471,0.6845403198998989,32.83278466660685,1,1,0,400,DEMO,MACRO
SITE-C-INDUSTRIAL,2026-08-14 01:00:00,7,2,1,1,0.4285714285714286,151.84649240408424,16.00078014793141,0.05985946620999091,0.2400373685693205,0.6251424185522882,22.120233567189473,1,1,0,400,DEMO,MACRO
SITE-C-INDUSTRIAL,2026-08-14 02:00:00,8,2,1,1,0.5,176.0538394843876,16.724822476905118,0.04247480645451691,0.25014950521515733,0.7464458027611424,33.36445514211981,1,1,0,400,DEMO,MACRO
SITE-C-INDUSTRIAL,2026-08-14 03:00:00,8,2,1,1,0.5,151.63525764711682,18.00176880967272,0.059626528574129346,0.25453437261260836,0.6630917872168465,22.174020149416098,1,1,0,400,DEMO,MACRO
SITE-C-INDUSTRIAL,2026-08-14 04:00:00,9,2,1,1,0.5555555555555556,144.96973411511257,24.021203182635837,0.04797932335554605,0.19428314119057682,0.746466748294416,23.95598005197703,1,1,0,400,DEMO,MACRO
SITE-C-INDUSTRIAL,2026-08-14 05:00:00,6,1,1,0,0.6666666666666667,169.11656484333844,24.189660789637948,0.04777540962454503,0.1897350559874587,0.7346135679368255,30.43980089921247,1,1,0,400,DEMO,MACRO
SITE-C-INDUSTRIAL,2026-08-14 06:00:00,9,2,1,1,0.5555555555555556,193.9235075035751,19.87039043509899,0.06696868475251688,0.1752532107010934,0.6902059277177448,33.1037476843482,1,1,0,400,DEMO,MACRO
SITE-C-INDUSTRIAL,2026-08-14 07:00:00,8,1,1,1,0.625,151.01879793288126,23.165315292581,0.05893252694663007,0.13207184941695985,0.7157021108992485,26.36528009553376,1,1,0,400,DEMO,MACRO
SITE-C-INDUSTRIAL,2026-08-14 08:00:00,37,8,4,4,0.5675675675675675,134.03226289820287,22.038512095245686,0.05192456444015316,0.2175016497840817,0.6709451335638832,29.716554464902018,1,1,0,400,DEMO,MACRO
SITE-C-INDUSTRIAL,2026-08-14 09:00:00,24,5,4,3,0.5,176.90738357901282,21.149442483635088,0.07413201422880915,0.19752148582264845,0.6010434392492066,32.24800967324395,1,1,0,400,DEMO,MACRO
SITE-C-INDUSTRIAL,2026-08-14 10:00:00,34,5,6,3,0.5882352941176471,132.37551182420944,19.360038817715765,0.08611078407177782,0.14144808527812908,0.7142124484589467,34.99365144656102,1,1,0,400,DEMO,MACRO
SITE-C-INDUSTRIAL,2026-08-14 11:00:00,30,5,2,3,0.6666666666666667,163.54038099293004,16.661382978544733,0.041594711659438476,0.16956592800099965,0.7214801518096481,33.25639015930493,1,1,0,400,DEMO,MACRO
SITE-C-INDUSTRIAL,2026-08-14 12:00:00,37,6,5,4,0.5945945945945945,160.4490376566239,21.12212206547607,0.06467588909990885,0.1556682165111784,0.6399407371253308,31.06799714066255,1,1,0,400,DEMO,MACRO
SITE-C-INDUSTRIAL,2026-08-14 13:00:00,37,5,7,3,0.5945945945945945,159.08651985937277,16.309196991181338,0.08814112930647997,0.12225330804783226,0.7264824265683583,30.60896033655655,1,1,0,400,DEMO,MACRO
SITE-C-INDUSTRIAL,2026-08-14 14:00:00,23,3,2,2,0.6956521739130435,195.44139261904513,20.953513509257863,0.05381263847960363,0.12461134438552644,0.6397820880250115,29.626689063334762,1,1,0,400,DEMO,MACRO
SITE-C-INDUSTRIAL,2026-08-14 15:00:00,23,5,2,2,0.6086956521739131,179.73005179906275,24.498506068435617,0.049316224045375195,0.21047137022630907,0.6872835620803348,29.226739896221908,1,1,0,400,DEMO,MACRO
SITE-C-INDUSTRIAL,2026-08-14 16:00:00,26,4,4,2,0.6153846153846154,191.85014245234373,17.937606708818286,0.07207040011310498,0.1551289248915238,0.723019086259329,34.379975698791526,1,1,0,400,DEMO,MACRO
SITE-C-INDUSTRIAL,2026-08-14 17:00:00,33,7,4,3,0.5757575757575757,196.3657547453023,23.607105428011003,0.06786299258829351,0.2042891026716208,0.7454580263340873,31.556096711864534,1,1,0,400,DEMO,MACRO
SITE-C-INDUSTRIAL,2026-08-14 18:00:00,32,6,4,3,0.59375,166.87590239140135,23.134738730961956,0.06353588089473675,0.17737432056584607,0.6388798785557677,27.42229559041915,1,1,0,400,DEMO,MACRO
SITE-C-INDUSTRIAL,2026-08-14 19:00:00,31,7,3,4,0.5483870967741935,132.20229454389718,17.00945430710081,0.04912436692179648,0.24041487524437977,0.600942324782109,34.60526460021947,1,1,0,400,DEMO,MACRO
SITE-C-INDUSTRIAL,2026-08-14 20:00:00,29,8,3,3,0.5172413793103448,182.77524782474268,16.204440070268724,0.056466212232074695,0.26090391441692523,0.7054945145032445,22.377124198916526,1,1,0,400,DEMO,MACRO
SITE-C-INDUSTRIAL,2026-08-14 21:00:00,38,8,3,4,0.6052631578947368,181.4526147309475,24.87189849784739,0.04160521000337042,0.21550987695847135,0.6239747112042975,32.238416671593654,1,1,0,400,DEMO,MACRO
SITE-C-INDUSTRIAL,2026-08-14 22:00:00,29,6,3,3,0.5862068965517242,171.6872379826017,23.488919256754006,0.060130038898749405,0.20863235863602436,0.6676446514623748,26.6323395489376,1,1,0,400,DEMO,MACRO
SITE-C-INDUSTRIAL,2026-08-14 23:00:00,10,2,2,1,0.5,176.57548642620873,16.51050561513467,0.081679623455082,0.2264588329622857,0.7197234332269964,25.232255349292153,1,1,0,400,DEMO,MACRO
